test_month,P_min_pct,S_min_pct,policy,fit_method,fit_months,fit_status,n_links,test_oracle_n_links,budget_minus_test_oracle,subset_jaccard_with_test_oracle,subset_hash,selected_links,is_initial_observation_cold_start,is_before_frozen_policy_available
2024-03,90,80,previous_month,proposed,2024-02,Feasible,9,9,0,0.3846153846153846,68aabbae95322465,sensor01→gatewayC;sensor02→gatewayC;sensor03→gatewayC;sensor04→gatewayC;sensor05→gatewayA;sensor06→gatewayA;sensor07→gatewayA;sensor08→gatewayA;sensor09→gatewayA,True,True
2024-03,90,80,expanding_window,proposed,2024-02,Feasible,9,9,0,0.3846153846153846,68aabbae95322465,sensor01→gatewayC;sensor02→gatewayC;sensor03→gatewayC;sensor04→gatewayC;sensor05→gatewayA;sensor06→gatewayA;sensor07→gatewayA;sensor08→gatewayA;sensor09→gatewayA,True,True
2024-03,90,80,previous_month,multicover,2024-02,Feasible,9,9,0,0.5,2d610032a3e50ee7,sensor01→gatewayA;sensor02→gatewayC;sensor03→gatewayC;sensor04→gatewayC;sensor05→gatewayA;sensor06→gatewayA;sensor07→gatewayA;sensor08→gatewayA;sensor09→gatewayA,True,True
2024-03,90,80,expanding_window,multicover,2024-02,Feasible,9,9,0,0.5,2d610032a3e50ee7,sensor01→gatewayA;sensor02→gatewayC;sensor03→gatewayC;sensor04→gatewayC;sensor05→gatewayA;sensor06→gatewayA;sensor07→gatewayA;sensor08→gatewayA;sensor09→gatewayA,True,True
2024-03,90,80,previous_month,coverage_only,2024-02,Feasible,9,9,0,0.3846153846153846,68aabbae95322465,sensor01→gatewayC;sensor02→gatewayC;sensor03→gatewayC;sensor04→gatewayC;sensor05→gatewayA;sensor06→gatewayA;sensor07→gatewayA;sensor08→gatewayA;sensor09→gatewayA,True,True
2024-03,90,80,expanding_window,coverage_only,2024-02,Feasible,9,9,0,0.3846153846153846,68aabbae95322465,sensor01→gatewayC;sensor02→gatewayC;sensor03→gatewayC;sensor04→gatewayC;sensor05→gatewayA;sensor06→gatewayA;sensor07→gatewayA;sensor08→gatewayA;sensor09→gatewayA,True,True
2024-03,90,80,previous_month,exact,2024-02,Optimal,9,9,0,0.3846153846153846,68aabbae95322465,sensor01→gatewayC;sensor02→gatewayC;sensor03→gatewayC;sensor04→gatewayC;sensor05→gatewayA;sensor06→gatewayA;sensor07→gatewayA;sensor08→gatewayA;sensor09→gatewayA,True,True
2024-03,90,80,expanding_window,exact,2024-02,Optimal,9,9,0,0.3846153846153846,68aabbae95322465,sensor01→gatewayC;sensor02→gatewayC;sensor03→gatewayC;sensor04→gatewayC;sensor05→gatewayA;sensor06→gatewayA;sensor07→gatewayA;sensor08→gatewayA;sensor09→gatewayA,True,True
2024-03,90,80,retrospective_oracle,exact,2024-03,Optimal,9,9,0,1.0,5116df5a05fbbfe0,sensor01→gatewayA;sensor02→gatewayA;sensor03→gatewayA;sensor04→gatewayA;sensor05→gatewayA;sensor06→gatewayA;sensor07→gatewayA;sensor08→gatewayA;sensor09→gatewayA,True,True
2024-03,95,85,previous_month,proposed,2024-02,Feasible,9,9,0,0.3846153846153846,68aabbae95322465,sensor01→gatewayC;sensor02→gatewayC;sensor03→gatewayC;sensor04→gatewayC;sensor05→gatewayA;sensor06→gatewayA;sensor07→gatewayA;sensor08→gatewayA;sensor09→gatewayA,True,True
2024-03,95,85,expanding_window,proposed,2024-02,Feasible,9,9,0,0.3846153846153846,68aabbae95322465,sensor01→gatewayC;sensor02→gatewayC;sensor03→gatewayC;sensor04→gatewayC;sensor05→gatewayA;sensor06→gatewayA;sensor07→gatewayA;sensor08→gatewayA;sensor09→gatewayA,True,True
2024-03,95,85,previous_month,multicover,2024-02,Feasible,9,9,0,0.5,2d610032a3e50ee7,sensor01→gatewayA;sensor02→gatewayC;sensor03→gatewayC;sensor04→gatewayC;sensor05→gatewayA;sensor06→gatewayA;sensor07→gatewayA;sensor08→gatewayA;sensor09→gatewayA,True,True
2024-03,95,85,expanding_window,multicover,2024-02,Feasible,9,9,0,0.5,2d610032a3e50ee7,sensor01→gatewayA;sensor02→gatewayC;sensor03→gatewayC;sensor04→gatewayC;sensor05→gatewayA;sensor06→gatewayA;sensor07→gatewayA;sensor08→gatewayA;sensor09→gatewayA,True,True
2024-03,95,85,previous_month,coverage_only,2024-02,Feasible,9,9,0,0.3846153846153846,68aabbae95322465,sensor01→gatewayC;sensor02→gatewayC;sensor03→gatewayC;sensor04→gatewayC;sensor05→gatewayA;sensor06→gatewayA;sensor07→gatewayA;sensor08→gatewayA;sensor09→gatewayA,True,True
2024-03,95,85,expanding_window,coverage_only,2024-02,Feasible,9,9,0,0.3846153846153846,68aabbae95322465,sensor01→gatewayC;sensor02→gatewayC;sensor03→gatewayC;sensor04→gatewayC;sensor05→gatewayA;sensor06→gatewayA;sensor07→gatewayA;sensor08→gatewayA;sensor09→gatewayA,True,True
2024-03,95,85,previous_month,exact,2024-02,Optimal,9,9,0,0.3846153846153846,68aabbae95322465,sensor01→gatewayC;sensor02→gatewayC;sensor03→gatewayC;sensor04→gatewayC;sensor05→gatewayA;sensor06→gatewayA;sensor07→gatewayA;sensor08→gatewayA;sensor09→gatewayA,True,True
2024-03,95,85,expanding_window,exact,2024-02,Optimal,9,9,0,0.3846153846153846,68aabbae95322465,sensor01→gatewayC;sensor02→gatewayC;sensor03→gatewayC;sensor04→gatewayC;sensor05→gatewayA;sensor06→gatewayA;sensor07→gatewayA;sensor08→gatewayA;sensor09→gatewayA,True,True
2024-03,95,85,retrospective_oracle,exact,2024-03,Optimal,9,9,0,1.0,5116df5a05fbbfe0,sensor01→gatewayA;sensor02→gatewayA;sensor03→gatewayA;sensor04→gatewayA;sensor05→gatewayA;sensor06→gatewayA;sensor07→gatewayA;sensor08→gatewayA;sensor09→gatewayA,True,True
2024-03,98,90,previous_month,proposed,2024-02,Feasible,11,11,0,0.375,c5938768945b9d17,sensor01→gatewayA;sensor01→gatewayC;sensor02→gatewayC;sensor03→gatewayC;sensor04→gatewayC;sensor05→gatewayA;sensor06→gatewayA;sensor07→gatewayA;sensor07→gatewayC;sensor08→gatewayA;sensor09→gatewayA,True,True
2024-03,98,90,expanding_window,proposed,2024-02,Feasible,11,11,0,0.375,c5938768945b9d17,sensor01→gatewayA;sensor01→gatewayC;sensor02→gatewayC;sensor03→gatewayC;sensor04→gatewayC;sensor05→gatewayA;sensor06→gatewayA;sensor07→gatewayA;sensor07→gatewayC;sensor08→gatewayA;sensor09→gatewayA,True,True
2024-03,98,90,previous_month,multicover,2024-02,Feasible,11,11,0,0.375,c5938768945b9d17,sensor01→gatewayA;sensor01→gatewayC;sensor02→gatewayC;sensor03→gatewayC;sensor04→gatewayC;sensor05→gatewayA;sensor06→gatewayA;sensor07→gatewayA;sensor07→gatewayC;sensor08→gatewayA;sensor09→gatewayA,True,True
2024-03,98,90,expanding_window,multicover,2024-02,Feasible,11,11,0,0.375,c5938768945b9d17,sensor01→gatewayA;sensor01→gatewayC;sensor02→gatewayC;sensor03→gatewayC;sensor04→gatewayC;sensor05→gatewayA;sensor06→gatewayA;sensor07→gatewayA;sensor07→gatewayC;sensor08→gatewayA;sensor09→gatewayA,True,True
2024-03,98,90,previous_month,coverage_only,2024-02,Feasible,11,11,0,0.375,c5938768945b9d17,sensor01→gatewayA;sensor01→gatewayC;sensor02→gatewayC;sensor03→gatewayC;sensor04→gatewayC;sensor05→gatewayA;sensor06→gatewayA;sensor07→gatewayA;sensor07→gatewayC;sensor08→gatewayA;sensor09→gatewayA,True,True
2024-03,98,90,expanding_window,coverage_only,2024-02,Feasible,11,11,0,0.375,c5938768945b9d17,sensor01→gatewayA;sensor01→gatewayC;sensor02→gatewayC;sensor03→gatewayC;sensor04→gatewayC;sensor05→gatewayA;sensor06→gatewayA;sensor07→gatewayA;sensor07→gatewayC;sensor08→gatewayA;sensor09→gatewayA,True,True
2024-03,98,90,previous_month,exact,2024-02,Optimal,11,11,0,0.375,c5938768945b9d17,sensor01→gatewayA;sensor01→gatewayC;sensor02→gatewayC;sensor03→gatewayC;sensor04→gatewayC;sensor05→gatewayA;sensor06→gatewayA;sensor07→gatewayA;sensor07→gatewayC;sensor08→gatewayA;sensor09→gatewayA,True,True
2024-03,98,90,expanding_window,exact,2024-02,Optimal,11,11,0,0.375,c5938768945b9d17,sensor01→gatewayA;sensor01→gatewayC;sensor02→gatewayC;sensor03→gatewayC;sensor04→gatewayC;sensor05→gatewayA;sensor06→gatewayA;sensor07→gatewayA;sensor07→gatewayC;sensor08→gatewayA;sensor09→gatewayA,True,True
2024-03,98,90,retrospective_oracle,exact,2024-03,Optimal,11,11,0,1.0,91d8c74dc49370dc,sensor01→gatewayA;sensor02→gatewayA;sensor03→gatewayA;sensor04→gatewayA;sensor05→gatewayA;sensor06→gatewayA;sensor07→gatewayA;sensor08→gatewayA;sensor08→gatewayB;sensor09→gatewayA;sensor09→gatewayB,True,True
2024-04,90,80,previous_month,proposed,2024-03,Feasible,9,9,0,0.8,5116df5a05fbbfe0,sensor01→gatewayA;sensor02→gatewayA;sensor03→gatewayA;sensor04→gatewayA;sensor05→gatewayA;sensor06→gatewayA;sensor07→gatewayA;sensor08→gatewayA;sensor09→gatewayA,False,True
2024-04,90,80,expanding_window,proposed,2024-02;2024-03,Feasible,9,9,0,0.8,5116df5a05fbbfe0,sensor01→gatewayA;sensor02→gatewayA;sensor03→gatewayA;sensor04→gatewayA;sensor05→gatewayA;sensor06→gatewayA;sensor07→gatewayA;sensor08→gatewayA;sensor09→gatewayA,False,True
2024-04,90,80,previous_month,multicover,2024-03,Feasible,9,9,0,0.8,5116df5a05fbbfe0,sensor01→gatewayA;sensor02→gatewayA;sensor03→gatewayA;sensor04→gatewayA;sensor05→gatewayA;sensor06→gatewayA;sensor07→gatewayA;sensor08→gatewayA;sensor09→gatewayA,False,True
2024-04,90,80,expanding_window,multicover,2024-02;2024-03,Feasible,9,9,0,0.8,5116df5a05fbbfe0,sensor01→gatewayA;sensor02→gatewayA;sensor03→gatewayA;sensor04→gatewayA;sensor05→gatewayA;sensor06→gatewayA;sensor07→gatewayA;sensor08→gatewayA;sensor09→gatewayA,False,True
2024-04,90,80,previous_month,coverage_only,2024-03,Feasible,9,9,0,0.8,5116df5a05fbbfe0,sensor01→gatewayA;sensor02→gatewayA;sensor03→gatewayA;sensor04→gatewayA;sensor05→gatewayA;sensor06→gatewayA;sensor07→gatewayA;sensor08→gatewayA;sensor09→gatewayA,False,True
2024-04,90,80,expanding_window,coverage_only,2024-02;2024-03,Feasible,9,9,0,0.8,5116df5a05fbbfe0,sensor01→gatewayA;sensor02→gatewayA;sensor03→gatewayA;sensor04→gatewayA;sensor05→gatewayA;sensor06→gatewayA;sensor07→gatewayA;sensor08→gatewayA;sensor09→gatewayA,False,True
2024-04,90,80,previous_month,exact,2024-03,Optimal,9,9,0,0.8,5116df5a05fbbfe0,sensor01→gatewayA;sensor02→gatewayA;sensor03→gatewayA;sensor04→gatewayA;sensor05→gatewayA;sensor06→gatewayA;sensor07→gatewayA;sensor08→gatewayA;sensor09→gatewayA,False,True
2024-04,90,80,expanding_window,exact,2024-02;2024-03,Optimal,9,9,0,0.8,5116df5a05fbbfe0,sensor01→gatewayA;sensor02→gatewayA;sensor03→gatewayA;sensor04→gatewayA;sensor05→gatewayA;sensor06→gatewayA;sensor07→gatewayA;sensor08→gatewayA;sensor09→gatewayA,False,True
2024-04,90,80,retrospective_oracle,exact,2024-04,Optimal,9,9,0,1.0,a3ace494bf9be893,sensor01→gatewayA;sensor02→gatewayC;sensor03→gatewayA;sensor04→gatewayA;sensor05→gatewayA;sensor06→gatewayA;sensor07→gatewayA;sensor08→gatewayA;sensor09→gatewayA,False,True
2024-04,95,85,previous_month,proposed,2024-03,Feasible,9,10,-1,0.7272727272727273,5116df5a05fbbfe0,sensor01→gatewayA;sensor02→gatewayA;sensor03→gatewayA;sensor04→gatewayA;sensor05→gatewayA;sensor06→gatewayA;sensor07→gatewayA;sensor08→gatewayA;sensor09→gatewayA,False,True
2024-04,95,85,expanding_window,proposed,2024-02;2024-03,Feasible,10,10,0,0.8181818181818182,653063214fd849c6,sensor01→gatewayA;sensor02→gatewayA;sensor02→gatewayC;sensor03→gatewayA;sensor04→gatewayA;sensor05→gatewayA;sensor06→gatewayA;sensor07→gatewayA;sensor08→gatewayA;sensor09→gatewayA,False,True
2024-04,95,85,previous_month,multicover,2024-03,Feasible,9,10,-1,0.7272727272727273,5116df5a05fbbfe0,sensor01→gatewayA;sensor02→gatewayA;sensor03→gatewayA;sensor04→gatewayA;sensor05→gatewayA;sensor06→gatewayA;sensor07→gatewayA;sensor08→gatewayA;sensor09→gatewayA,False,True
2024-04,95,85,expanding_window,multicover,2024-02;2024-03,Feasible,10,10,0,0.6666666666666666,6756bef9be569a69,sensor01→gatewayA;sensor01→gatewayC;sensor02→gatewayA;sensor03→gatewayA;sensor04→gatewayA;sensor05→gatewayA;sensor06→gatewayA;sensor07→gatewayA;sensor08→gatewayA;sensor09→gatewayA,False,True
2024-04,95,85,previous_month,coverage_only,2024-03,Feasible,9,10,-1,0.7272727272727273,5116df5a05fbbfe0,sensor01→gatewayA;sensor02→gatewayA;sensor03→gatewayA;sensor04→gatewayA;sensor05→gatewayA;sensor06→gatewayA;sensor07→gatewayA;sensor08→gatewayA;sensor09→gatewayA,False,True
2024-04,95,85,expanding_window,coverage_only,2024-02;2024-03,Feasible,10,10,0,0.8181818181818182,653063214fd849c6,sensor01→gatewayA;sensor02→gatewayA;sensor02→gatewayC;sensor03→gatewayA;sensor04→gatewayA;sensor05→gatewayA;sensor06→gatewayA;sensor07→gatewayA;sensor08→gatewayA;sensor09→gatewayA,False,True
2024-04,95,85,previous_month,exact,2024-03,Optimal,9,10,-1,0.7272727272727273,5116df5a05fbbfe0,sensor01→gatewayA;sensor02→gatewayA;sensor03→gatewayA;sensor04→gatewayA;sensor05→gatewayA;sensor06→gatewayA;sensor07→gatewayA;sensor08→gatewayA;sensor09→gatewayA,False,True
2024-04,95,85,expanding_window,exact,2024-02;2024-03,Optimal,10,10,0,0.8181818181818182,653063214fd849c6,sensor01→gatewayA;sensor02→gatewayA;sensor02→gatewayC;sensor03→gatewayA;sensor04→gatewayA;sensor05→gatewayA;sensor06→gatewayA;sensor07→gatewayA;sensor08→gatewayA;sensor09→gatewayA,False,True
2024-04,95,85,retrospective_oracle,exact,2024-04,Optimal,10,10,0,1.0,947350bea811764a,sensor01→gatewayA;sensor02→gatewayC;sensor03→gatewayA;sensor04→gatewayA;sensor04→gatewayC;sensor05→gatewayA;sensor06→gatewayA;sensor07→gatewayA;sensor08→gatewayA;sensor09→gatewayA,False,True
2024-04,98,90,previous_month,proposed,2024-03,Feasible,11,14,-3,0.6666666666666666,91d8c74dc49370dc,sensor01→gatewayA;sensor02→gatewayA;sensor03→gatewayA;sensor04→gatewayA;sensor05→gatewayA;sensor06→gatewayA;sensor07→gatewayA;sensor08→gatewayA;sensor08→gatewayB;sensor09→gatewayA;sensor09→gatewayB,False,True
2024-04,98,90,expanding_window,proposed,2024-02;2024-03,Feasible,13,14,-1,0.9285714285714286,02b483276331df2a,sensor01→gatewayA;sensor01→gatewayC;sensor02→gatewayA;sensor02→gatewayC;sensor03→gatewayA;sensor03→gatewayC;sensor04→gatewayA;sensor04→gatewayC;sensor05→gatewayA;sensor06→gatewayA;sensor07→gatewayA;sensor08→gatewayA;sensor09→gatewayA,False,True
2024-04,98,90,previous_month,multicover,2024-03,Feasible,11,14,-3,0.7857142857142857,ce4a3ca4dad5360b,sensor01→gatewayA;sensor02→gatewayA;sensor02→gatewayC;sensor03→gatewayA;sensor04→gatewayA;sensor05→gatewayA;sensor06→gatewayA;sensor07→gatewayA;sensor08→gatewayA;sensor08→gatewayB;sensor09→gatewayA,False,True
2024-04,98,90,expanding_window,multicover,2024-02;2024-03,Feasible,13,14,-1,0.9285714285714286,02b483276331df2a,sensor01→gatewayA;sensor01→gatewayC;sensor02→gatewayA;sensor02→gatewayC;sensor03→gatewayA;sensor03→gatewayC;sensor04→gatewayA;sensor04→gatewayC;sensor05→gatewayA;sensor06→gatewayA;sensor07→gatewayA;sensor08→gatewayA;sensor09→gatewayA,False,True
2024-04,98,90,previous_month,coverage_only,2024-03,Feasible,11,14,-3,0.6666666666666666,91d8c74dc49370dc,sensor01→gatewayA;sensor02→gatewayA;sensor03→gatewayA;sensor04→gatewayA;sensor05→gatewayA;sensor06→gatewayA;sensor07→gatewayA;sensor08→gatewayA;sensor08→gatewayB;sensor09→gatewayA;sensor09→gatewayB,False,True
2024-04,98,90,expanding_window,coverage_only,2024-02;2024-03,Feasible,13,14,-1,0.9285714285714286,02b483276331df2a,sensor01→gatewayA;sensor01→gatewayC;sensor02→gatewayA;sensor02→gatewayC;sensor03→gatewayA;sensor03→gatewayC;sensor04→gatewayA;sensor04→gatewayC;sensor05→gatewayA;sensor06→gatewayA;sensor07→gatewayA;sensor08→gatewayA;sensor09→gatewayA,False,True
2024-04,98,90,previous_month,exact,2024-03,Optimal,11,14,-3,0.6666666666666666,91d8c74dc49370dc,sensor01→gatewayA;sensor02→gatewayA;sensor03→gatewayA;sensor04→gatewayA;sensor05→gatewayA;sensor06→gatewayA;sensor07→gatewayA;sensor08→gatewayA;sensor08→gatewayB;sensor09→gatewayA;sensor09→gatewayB,False,True
2024-04,98,90,expanding_window,exact,2024-02;2024-03,Optimal,13,14,-1,0.9285714285714286,02b483276331df2a,sensor01→gatewayA;sensor01→gatewayC;sensor02→gatewayA;sensor02→gatewayC;sensor03→gatewayA;sensor03→gatewayC;sensor04→gatewayA;sensor04→gatewayC;sensor05→gatewayA;sensor06→gatewayA;sensor07→gatewayA;sensor08→gatewayA;sensor09→gatewayA,False,True
2024-04,98,90,retrospective_oracle,exact,2024-04,Optimal,14,14,0,1.0,41373d6960c195b8,sensor01→gatewayA;sensor01→gatewayC;sensor02→gatewayA;sensor02→gatewayC;sensor03→gatewayA;sensor03→gatewayC;sensor04→gatewayA;sensor04→gatewayC;sensor05→gatewayA;sensor06→gatewayA;sensor07→gatewayA;sensor08→gatewayA;sensor08→gatewayB;sensor09→gatewayA,False,True
2024-05,90,80,previous_month,proposed,2024-04,Feasible,9,9,0,0.3846153846153846,a3ace494bf9be893,sensor01→gatewayA;sensor02→gatewayC;sensor03→gatewayA;sensor04→gatewayA;sensor05→gatewayA;sensor06→gatewayA;sensor07→gatewayA;sensor08→gatewayA;sensor09→gatewayA,False,False
2024-05,90,80,expanding_window,proposed,2024-02;2024-03;2024-04,Feasible,9,9,0,0.2857142857142857,5116df5a05fbbfe0,sensor01→gatewayA;sensor02→gatewayA;sensor03→gatewayA;sensor04→gatewayA;sensor05→gatewayA;sensor06→gatewayA;sensor07→gatewayA;sensor08→gatewayA;sensor09→gatewayA,False,False
2024-05,90,80,previous_month,multicover,2024-04,Feasible,9,9,0,0.3846153846153846,a3ace494bf9be893,sensor01→gatewayA;sensor02→gatewayC;sensor03→gatewayA;sensor04→gatewayA;sensor05→gatewayA;sensor06→gatewayA;sensor07→gatewayA;sensor08→gatewayA;sensor09→gatewayA,False,False
2024-05,90,80,expanding_window,multicover,2024-02;2024-03;2024-04,Feasible,9,9,0,0.2857142857142857,5116df5a05fbbfe0,sensor01→gatewayA;sensor02→gatewayA;sensor03→gatewayA;sensor04→gatewayA;sensor05→gatewayA;sensor06→gatewayA;sensor07→gatewayA;sensor08→gatewayA;sensor09→gatewayA,False,False
2024-05,90,80,previous_month,coverage_only,2024-04,Feasible,9,9,0,0.3846153846153846,a3ace494bf9be893,sensor01→gatewayA;sensor02→gatewayC;sensor03→gatewayA;sensor04→gatewayA;sensor05→gatewayA;sensor06→gatewayA;sensor07→gatewayA;sensor08→gatewayA;sensor09→gatewayA,False,False
2024-05,90,80,expanding_window,coverage_only,2024-02;2024-03;2024-04,Feasible,9,9,0,0.2857142857142857,5116df5a05fbbfe0,sensor01→gatewayA;sensor02→gatewayA;sensor03→gatewayA;sensor04→gatewayA;sensor05→gatewayA;sensor06→gatewayA;sensor07→gatewayA;sensor08→gatewayA;sensor09→gatewayA,False,False
2024-05,90,80,previous_month,exact,2024-04,Optimal,9,9,0,0.3846153846153846,a3ace494bf9be893,sensor01→gatewayA;sensor02→gatewayC;sensor03→gatewayA;sensor04→gatewayA;sensor05→gatewayA;sensor06→gatewayA;sensor07→gatewayA;sensor08→gatewayA;sensor09→gatewayA,False,False
2024-05,90,80,expanding_window,exact,2024-02;2024-03;2024-04,Optimal,9,9,0,0.2857142857142857,5116df5a05fbbfe0,sensor01→gatewayA;sensor02→gatewayA;sensor03→gatewayA;sensor04→gatewayA;sensor05→gatewayA;sensor06→gatewayA;sensor07→gatewayA;sensor08→gatewayA;sensor09→gatewayA,False,False
2024-05,90,80,frozen_initial_window,proposed,2024-02;2024-03;2024-04,Feasible,9,9,0,0.2857142857142857,5116df5a05fbbfe0,sensor01→gatewayA;sensor02→gatewayA;sensor03→gatewayA;sensor04→gatewayA;sensor05→gatewayA;sensor06→gatewayA;sensor07→gatewayA;sensor08→gatewayA;sensor09→gatewayA,False,False
2024-05,90,80,frozen_initial_window,multicover,2024-02;2024-03;2024-04,Feasible,9,9,0,0.2857142857142857,5116df5a05fbbfe0,sensor01→gatewayA;sensor02→gatewayA;sensor03→gatewayA;sensor04→gatewayA;sensor05→gatewayA;sensor06→gatewayA;sensor07→gatewayA;sensor08→gatewayA;sensor09→gatewayA,False,False
2024-05,90,80,frozen_initial_window,coverage_only,2024-02;2024-03;2024-04,Feasible,9,9,0,0.2857142857142857,5116df5a05fbbfe0,sensor01→gatewayA;sensor02→gatewayA;sensor03→gatewayA;sensor04→gatewayA;sensor05→gatewayA;sensor06→gatewayA;sensor07→gatewayA;sensor08→gatewayA;sensor09→gatewayA,False,False
2024-05,90,80,retrospective_oracle,exact,2024-05,Optimal,9,9,0,1.0,97c48b93a4fc4650,sensor01→gatewayA;sensor02→gatewayC;sensor03→gatewayC;sensor04→gatewayC;sensor05→gatewayC;sensor06→gatewayA;sensor07→gatewayC;sensor08→gatewayA;sensor09→gatewayA,False,False
2024-05,95,85,previous_month,proposed,2024-04,Feasible,10,9,1,0.4615384615384615,947350bea811764a,sensor01→gatewayA;sensor02→gatewayC;sensor03→gatewayA;sensor04→gatewayA;sensor04→gatewayC;sensor05→gatewayA;sensor06→gatewayA;sensor07→gatewayA;sensor08→gatewayA;sensor09→gatewayA,False,False
2024-05,95,85,expanding_window,proposed,2024-02;2024-03;2024-04,Feasible,10,9,1,0.3571428571428571,653063214fd849c6,sensor01→gatewayA;sensor02→gatewayA;sensor02→gatewayC;sensor03→gatewayA;sensor04→gatewayA;sensor05→gatewayA;sensor06→gatewayA;sensor07→gatewayA;sensor08→gatewayA;sensor09→gatewayA,False,False
2024-05,95,85,previous_month,multicover,2024-04,Feasible,10,9,1,0.4615384615384615,947350bea811764a,sensor01→gatewayA;sensor02→gatewayC;sensor03→gatewayA;sensor04→gatewayA;sensor04→gatewayC;sensor05→gatewayA;sensor06→gatewayA;sensor07→gatewayA;sensor08→gatewayA;sensor09→gatewayA,False,False
2024-05,95,85,expanding_window,multicover,2024-02;2024-03;2024-04,Feasible,10,9,1,0.3571428571428571,653063214fd849c6,sensor01→gatewayA;sensor02→gatewayA;sensor02→gatewayC;sensor03→gatewayA;sensor04→gatewayA;sensor05→gatewayA;sensor06→gatewayA;sensor07→gatewayA;sensor08→gatewayA;sensor09→gatewayA,False,False
2024-05,95,85,previous_month,coverage_only,2024-04,Feasible,10,9,1,0.4615384615384615,947350bea811764a,sensor01→gatewayA;sensor02→gatewayC;sensor03→gatewayA;sensor04→gatewayA;sensor04→gatewayC;sensor05→gatewayA;sensor06→gatewayA;sensor07→gatewayA;sensor08→gatewayA;sensor09→gatewayA,False,False
2024-05,95,85,expanding_window,coverage_only,2024-02;2024-03;2024-04,Feasible,10,9,1,0.3571428571428571,653063214fd849c6,sensor01→gatewayA;sensor02→gatewayA;sensor02→gatewayC;sensor03→gatewayA;sensor04→gatewayA;sensor05→gatewayA;sensor06→gatewayA;sensor07→gatewayA;sensor08→gatewayA;sensor09→gatewayA,False,False
2024-05,95,85,previous_month,exact,2024-04,Optimal,10,9,1,0.4615384615384615,947350bea811764a,sensor01→gatewayA;sensor02→gatewayC;sensor03→gatewayA;sensor04→gatewayA;sensor04→gatewayC;sensor05→gatewayA;sensor06→gatewayA;sensor07→gatewayA;sensor08→gatewayA;sensor09→gatewayA,False,False
2024-05,95,85,expanding_window,exact,2024-02;2024-03;2024-04,Optimal,10,9,1,0.3571428571428571,653063214fd849c6,sensor01→gatewayA;sensor02→gatewayA;sensor02→gatewayC;sensor03→gatewayA;sensor04→gatewayA;sensor05→gatewayA;sensor06→gatewayA;sensor07→gatewayA;sensor08→gatewayA;sensor09→gatewayA,False,False
2024-05,95,85,frozen_initial_window,proposed,2024-02;2024-03;2024-04,Feasible,10,9,1,0.3571428571428571,653063214fd849c6,sensor01→gatewayA;sensor02→gatewayA;sensor02→gatewayC;sensor03→gatewayA;sensor04→gatewayA;sensor05→gatewayA;sensor06→gatewayA;sensor07→gatewayA;sensor08→gatewayA;sensor09→gatewayA,False,False
2024-05,95,85,frozen_initial_window,multicover,2024-02;2024-03;2024-04,Feasible,10,9,1,0.3571428571428571,653063214fd849c6,sensor01→gatewayA;sensor02→gatewayA;sensor02→gatewayC;sensor03→gatewayA;sensor04→gatewayA;sensor05→gatewayA;sensor06→gatewayA;sensor07→gatewayA;sensor08→gatewayA;sensor09→gatewayA,False,False
2024-05,95,85,frozen_initial_window,coverage_only,2024-02;2024-03;2024-04,Feasible,10,9,1,0.3571428571428571,653063214fd849c6,sensor01→gatewayA;sensor02→gatewayA;sensor02→gatewayC;sensor03→gatewayA;sensor04→gatewayA;sensor05→gatewayA;sensor06→gatewayA;sensor07→gatewayA;sensor08→gatewayA;sensor09→gatewayA,False,False
2024-05,95,85,retrospective_oracle,exact,2024-05,Optimal,9,9,0,1.0,97c48b93a4fc4650,sensor01→gatewayA;sensor02→gatewayC;sensor03→gatewayC;sensor04→gatewayC;sensor05→gatewayC;sensor06→gatewayA;sensor07→gatewayC;sensor08→gatewayA;sensor09→gatewayA,False,False
2024-05,98,90,previous_month,proposed,2024-04,Feasible,14,11,3,0.5625,41373d6960c195b8,sensor01→gatewayA;sensor01→gatewayC;sensor02→gatewayA;sensor02→gatewayC;sensor03→gatewayA;sensor03→gatewayC;sensor04→gatewayA;sensor04→gatewayC;sensor05→gatewayA;sensor06→gatewayA;sensor07→gatewayA;sensor08→gatewayA;sensor08→gatewayB;sensor09→gatewayA,False,False
2024-05,98,90,expanding_window,proposed,2024-02;2024-03;2024-04,Feasible,14,11,3,0.5625,41373d6960c195b8,sensor01→gatewayA;sensor01→gatewayC;sensor02→gatewayA;sensor02→gatewayC;sensor03→gatewayA;sensor03→gatewayC;sensor04→gatewayA;sensor04→gatewayC;sensor05→gatewayA;sensor06→gatewayA;sensor07→gatewayA;sensor08→gatewayA;sensor08→gatewayB;sensor09→gatewayA,False,False
2024-05,98,90,previous_month,multicover,2024-04,Feasible,14,11,3,0.5625,41373d6960c195b8,sensor01→gatewayA;sensor01→gatewayC;sensor02→gatewayA;sensor02→gatewayC;sensor03→gatewayA;sensor03→gatewayC;sensor04→gatewayA;sensor04→gatewayC;sensor05→gatewayA;sensor06→gatewayA;sensor07→gatewayA;sensor08→gatewayA;sensor08→gatewayB;sensor09→gatewayA,False,False
2024-05,98,90,expanding_window,multicover,2024-02;2024-03;2024-04,Feasible,14,11,3,0.5625,41373d6960c195b8,sensor01→gatewayA;sensor01→gatewayC;sensor02→gatewayA;sensor02→gatewayC;sensor03→gatewayA;sensor03→gatewayC;sensor04→gatewayA;sensor04→gatewayC;sensor05→gatewayA;sensor06→gatewayA;sensor07→gatewayA;sensor08→gatewayA;sensor08→gatewayB;sensor09→gatewayA,False,False
2024-05,98,90,previous_month,coverage_only,2024-04,Feasible,14,11,3,0.5625,41373d6960c195b8,sensor01→gatewayA;sensor01→gatewayC;sensor02→gatewayA;sensor02→gatewayC;sensor03→gatewayA;sensor03→gatewayC;sensor04→gatewayA;sensor04→gatewayC;sensor05→gatewayA;sensor06→gatewayA;sensor07→gatewayA;sensor08→gatewayA;sensor08→gatewayB;sensor09→gatewayA,False,False
2024-05,98,90,expanding_window,coverage_only,2024-02;2024-03;2024-04,Feasible,14,11,3,0.5625,41373d6960c195b8,sensor01→gatewayA;sensor01→gatewayC;sensor02→gatewayA;sensor02→gatewayC;sensor03→gatewayA;sensor03→gatewayC;sensor04→gatewayA;sensor04→gatewayC;sensor05→gatewayA;sensor06→gatewayA;sensor07→gatewayA;sensor08→gatewayA;sensor08→gatewayB;sensor09→gatewayA,False,False
2024-05,98,90,previous_month,exact,2024-04,Optimal,14,11,3,0.5625,41373d6960c195b8,sensor01→gatewayA;sensor01→gatewayC;sensor02→gatewayA;sensor02→gatewayC;sensor03→gatewayA;sensor03→gatewayC;sensor04→gatewayA;sensor04→gatewayC;sensor05→gatewayA;sensor06→gatewayA;sensor07→gatewayA;sensor08→gatewayA;sensor08→gatewayB;sensor09→gatewayA,False,False
2024-05,98,90,expanding_window,exact,2024-02;2024-03;2024-04,Optimal,14,11,3,0.5625,41373d6960c195b8,sensor01→gatewayA;sensor01→gatewayC;sensor02→gatewayA;sensor02→gatewayC;sensor03→gatewayA;sensor03→gatewayC;sensor04→gatewayA;sensor04→gatewayC;sensor05→gatewayA;sensor06→gatewayA;sensor07→gatewayA;sensor08→gatewayA;sensor08→gatewayB;sensor09→gatewayA,False,False
2024-05,98,90,frozen_initial_window,proposed,2024-02;2024-03;2024-04,Feasible,14,11,3,0.5625,41373d6960c195b8,sensor01→gatewayA;sensor01→gatewayC;sensor02→gatewayA;sensor02→gatewayC;sensor03→gatewayA;sensor03→gatewayC;sensor04→gatewayA;sensor04→gatewayC;sensor05→gatewayA;sensor06→gatewayA;sensor07→gatewayA;sensor08→gatewayA;sensor08→gatewayB;sensor09→gatewayA,False,False
2024-05,98,90,frozen_initial_window,multicover,2024-02;2024-03;2024-04,Feasible,14,11,3,0.5625,41373d6960c195b8,sensor01→gatewayA;sensor01→gatewayC;sensor02→gatewayA;sensor02→gatewayC;sensor03→gatewayA;sensor03→gatewayC;sensor04→gatewayA;sensor04→gatewayC;sensor05→gatewayA;sensor06→gatewayA;sensor07→gatewayA;sensor08→gatewayA;sensor08→gatewayB;sensor09→gatewayA,False,False
2024-05,98,90,frozen_initial_window,coverage_only,2024-02;2024-03;2024-04,Feasible,14,11,3,0.5625,41373d6960c195b8,sensor01→gatewayA;sensor01→gatewayC;sensor02→gatewayA;sensor02→gatewayC;sensor03→gatewayA;sensor03→gatewayC;sensor04→gatewayA;sensor04→gatewayC;sensor05→gatewayA;sensor06→gatewayA;sensor07→gatewayA;sensor08→gatewayA;sensor08→gatewayB;sensor09→gatewayA,False,False
2024-05,98,90,retrospective_oracle,exact,2024-05,Optimal,11,11,0,1.0,0c19051bc9488d92,sensor01→gatewayA;sensor01→gatewayC;sensor02→gatewayC;sensor03→gatewayC;sensor04→gatewayC;sensor05→gatewayC;sensor06→gatewayA;sensor07→gatewayC;sensor08→gatewayA;sensor08→gatewayB;sensor09→gatewayA,False,False
2024-06,90,80,previous_month,proposed,2024-05,Feasible,9,9,0,0.6363636363636364,97c48b93a4fc4650,sensor01→gatewayA;sensor02→gatewayC;sensor03→gatewayC;sensor04→gatewayC;sensor05→gatewayC;sensor06→gatewayA;sensor07→gatewayC;sensor08→gatewayA;sensor09→gatewayA,False,False
2024-06,90,80,expanding_window,proposed,2024-02;2024-03;2024-04;2024-05,Feasible,9,9,0,0.5,5116df5a05fbbfe0,sensor01→gatewayA;sensor02→gatewayA;sensor03→gatewayA;sensor04→gatewayA;sensor05→gatewayA;sensor06→gatewayA;sensor07→gatewayA;sensor08→gatewayA;sensor09→gatewayA,False,False
2024-06,90,80,previous_month,multicover,2024-05,Feasible,9,9,0,0.6363636363636364,97c48b93a4fc4650,sensor01→gatewayA;sensor02→gatewayC;sensor03→gatewayC;sensor04→gatewayC;sensor05→gatewayC;sensor06→gatewayA;sensor07→gatewayC;sensor08→gatewayA;sensor09→gatewayA,False,False
2024-06,90,80,expanding_window,multicover,2024-02;2024-03;2024-04;2024-05,Feasible,9,9,0,0.5,5116df5a05fbbfe0,sensor01→gatewayA;sensor02→gatewayA;sensor03→gatewayA;sensor04→gatewayA;sensor05→gatewayA;sensor06→gatewayA;sensor07→gatewayA;sensor08→gatewayA;sensor09→gatewayA,False,False
2024-06,90,80,previous_month,coverage_only,2024-05,Feasible,9,9,0,0.6363636363636364,97c48b93a4fc4650,sensor01→gatewayA;sensor02→gatewayC;sensor03→gatewayC;sensor04→gatewayC;sensor05→gatewayC;sensor06→gatewayA;sensor07→gatewayC;sensor08→gatewayA;sensor09→gatewayA,False,False
2024-06,90,80,expanding_window,coverage_only,2024-02;2024-03;2024-04;2024-05,Feasible,9,9,0,0.5,5116df5a05fbbfe0,sensor01→gatewayA;sensor02→gatewayA;sensor03→gatewayA;sensor04→gatewayA;sensor05→gatewayA;sensor06→gatewayA;sensor07→gatewayA;sensor08→gatewayA;sensor09→gatewayA,False,False
2024-06,90,80,previous_month,exact,2024-05,Optimal,9,9,0,0.6363636363636364,97c48b93a4fc4650,sensor01→gatewayA;sensor02→gatewayC;sensor03→gatewayC;sensor04→gatewayC;sensor05→gatewayC;sensor06→gatewayA;sensor07→gatewayC;sensor08→gatewayA;sensor09→gatewayA,False,False
2024-06,90,80,expanding_window,exact,2024-02;2024-03;2024-04;2024-05,Optimal,9,9,0,0.5,5116df5a05fbbfe0,sensor01→gatewayA;sensor02→gatewayA;sensor03→gatewayA;sensor04→gatewayA;sensor05→gatewayA;sensor06→gatewayA;sensor07→gatewayA;sensor08→gatewayA;sensor09→gatewayA,False,False
2024-06,90,80,frozen_initial_window,proposed,2024-02;2024-03;2024-04,Feasible,9,9,0,0.5,5116df5a05fbbfe0,sensor01→gatewayA;sensor02→gatewayA;sensor03→gatewayA;sensor04→gatewayA;sensor05→gatewayA;sensor06→gatewayA;sensor07→gatewayA;sensor08→gatewayA;sensor09→gatewayA,False,False
2024-06,90,80,frozen_initial_window,multicover,2024-02;2024-03;2024-04,Feasible,9,9,0,0.5,5116df5a05fbbfe0,sensor01→gatewayA;sensor02→gatewayA;sensor03→gatewayA;sensor04→gatewayA;sensor05→gatewayA;sensor06→gatewayA;sensor07→gatewayA;sensor08→gatewayA;sensor09→gatewayA,False,False
2024-06,90,80,frozen_initial_window,coverage_only,2024-02;2024-03;2024-04,Feasible,9,9,0,0.5,5116df5a05fbbfe0,sensor01→gatewayA;sensor02→gatewayA;sensor03→gatewayA;sensor04→gatewayA;sensor05→gatewayA;sensor06→gatewayA;sensor07→gatewayA;sensor08→gatewayA;sensor09→gatewayA,False,False
2024-06,90,80,retrospective_oracle,exact,2024-06,Optimal,9,9,0,1.0,2d610032a3e50ee7,sensor01→gatewayA;sensor02→gatewayC;sensor03→gatewayC;sensor04→gatewayC;sensor05→gatewayA;sensor06→gatewayA;sensor07→gatewayA;sensor08→gatewayA;sensor09→gatewayA,False,False
2024-06,95,85,previous_month,proposed,2024-05,Feasible,9,9,0,0.6363636363636364,97c48b93a4fc4650,sensor01→gatewayA;sensor02→gatewayC;sensor03→gatewayC;sensor04→gatewayC;sensor05→gatewayC;sensor06→gatewayA;sensor07→gatewayC;sensor08→gatewayA;sensor09→gatewayA,False,False
2024-06,95,85,expanding_window,proposed,2024-02;2024-03;2024-04;2024-05,Feasible,10,9,1,0.5833333333333334,653063214fd849c6,sensor01→gatewayA;sensor02→gatewayA;sensor02→gatewayC;sensor03→gatewayA;sensor04→gatewayA;sensor05→gatewayA;sensor06→gatewayA;sensor07→gatewayA;sensor08→gatewayA;sensor09→gatewayA,False,False
2024-06,95,85,previous_month,multicover,2024-05,Feasible,9,9,0,0.6363636363636364,97c48b93a4fc4650,sensor01→gatewayA;sensor02→gatewayC;sensor03→gatewayC;sensor04→gatewayC;sensor05→gatewayC;sensor06→gatewayA;sensor07→gatewayC;sensor08→gatewayA;sensor09→gatewayA,False,False
2024-06,95,85,expanding_window,multicover,2024-02;2024-03;2024-04;2024-05,Feasible,10,9,1,0.5833333333333334,653063214fd849c6,sensor01→gatewayA;sensor02→gatewayA;sensor02→gatewayC;sensor03→gatewayA;sensor04→gatewayA;sensor05→gatewayA;sensor06→gatewayA;sensor07→gatewayA;sensor08→gatewayA;sensor09→gatewayA,False,False
2024-06,95,85,previous_month,coverage_only,2024-05,Feasible,9,9,0,0.6363636363636364,97c48b93a4fc4650,sensor01→gatewayA;sensor02→gatewayC;sensor03→gatewayC;sensor04→gatewayC;sensor05→gatewayC;sensor06→gatewayA;sensor07→gatewayC;sensor08→gatewayA;sensor09→gatewayA,False,False
2024-06,95,85,expanding_window,coverage_only,2024-02;2024-03;2024-04;2024-05,Feasible,10,9,1,0.5833333333333334,653063214fd849c6,sensor01→gatewayA;sensor02→gatewayA;sensor02→gatewayC;sensor03→gatewayA;sensor04→gatewayA;sensor05→gatewayA;sensor06→gatewayA;sensor07→gatewayA;sensor08→gatewayA;sensor09→gatewayA,False,False
2024-06,95,85,previous_month,exact,2024-05,Optimal,9,9,0,0.6363636363636364,97c48b93a4fc4650,sensor01→gatewayA;sensor02→gatewayC;sensor03→gatewayC;sensor04→gatewayC;sensor05→gatewayC;sensor06→gatewayA;sensor07→gatewayC;sensor08→gatewayA;sensor09→gatewayA,False,False
2024-06,95,85,expanding_window,exact,2024-02;2024-03;2024-04;2024-05,Optimal,10,9,1,0.5833333333333334,653063214fd849c6,sensor01→gatewayA;sensor02→gatewayA;sensor02→gatewayC;sensor03→gatewayA;sensor04→gatewayA;sensor05→gatewayA;sensor06→gatewayA;sensor07→gatewayA;sensor08→gatewayA;sensor09→gatewayA,False,False
2024-06,95,85,frozen_initial_window,proposed,2024-02;2024-03;2024-04,Feasible,10,9,1,0.5833333333333334,653063214fd849c6,sensor01→gatewayA;sensor02→gatewayA;sensor02→gatewayC;sensor03→gatewayA;sensor04→gatewayA;sensor05→gatewayA;sensor06→gatewayA;sensor07→gatewayA;sensor08→gatewayA;sensor09→gatewayA,False,False
2024-06,95,85,frozen_initial_window,multicover,2024-02;2024-03;2024-04,Feasible,10,9,1,0.5833333333333334,653063214fd849c6,sensor01→gatewayA;sensor02→gatewayA;sensor02→gatewayC;sensor03→gatewayA;sensor04→gatewayA;sensor05→gatewayA;sensor06→gatewayA;sensor07→gatewayA;sensor08→gatewayA;sensor09→gatewayA,False,False
2024-06,95,85,frozen_initial_window,coverage_only,2024-02;2024-03;2024-04,Feasible,10,9,1,0.5833333333333334,653063214fd849c6,sensor01→gatewayA;sensor02→gatewayA;sensor02→gatewayC;sensor03→gatewayA;sensor04→gatewayA;sensor05→gatewayA;sensor06→gatewayA;sensor07→gatewayA;sensor08→gatewayA;sensor09→gatewayA,False,False
2024-06,95,85,retrospective_oracle,exact,2024-06,Optimal,9,9,0,1.0,2d610032a3e50ee7,sensor01→gatewayA;sensor02→gatewayC;sensor03→gatewayC;sensor04→gatewayC;sensor05→gatewayA;sensor06→gatewayA;sensor07→gatewayA;sensor08→gatewayA;sensor09→gatewayA,False,False
2024-06,98,90,previous_month,proposed,2024-05,Feasible,11,11,0,0.6923076923076923,0c19051bc9488d92,sensor01→gatewayA;sensor01→gatewayC;sensor02→gatewayC;sensor03→gatewayC;sensor04→gatewayC;sensor05→gatewayC;sensor06→gatewayA;sensor07→gatewayC;sensor08→gatewayA;sensor08→gatewayB;sensor09→gatewayA,False,False
2024-06,98,90,expanding_window,proposed,2024-02;2024-03;2024-04;2024-05,Feasible,14,11,3,0.7857142857142857,41373d6960c195b8,sensor01→gatewayA;sensor01→gatewayC;sensor02→gatewayA;sensor02→gatewayC;sensor03→gatewayA;sensor03→gatewayC;sensor04→gatewayA;sensor04→gatewayC;sensor05→gatewayA;sensor06→gatewayA;sensor07→gatewayA;sensor08→gatewayA;sensor08→gatewayB;sensor09→gatewayA,False,False
2024-06,98,90,previous_month,multicover,2024-05,Feasible,11,11,0,0.6923076923076923,0c19051bc9488d92,sensor01→gatewayA;sensor01→gatewayC;sensor02→gatewayC;sensor03→gatewayC;sensor04→gatewayC;sensor05→gatewayC;sensor06→gatewayA;sensor07→gatewayC;sensor08→gatewayA;sensor08→gatewayB;sensor09→gatewayA,False,False
2024-06,98,90,expanding_window,multicover,2024-02;2024-03;2024-04;2024-05,Feasible,14,11,3,0.6666666666666666,08b2e0041fbd69c2,sensor01→gatewayA;sensor01→gatewayC;sensor02→gatewayA;sensor02→gatewayC;sensor03→gatewayA;sensor03→gatewayB;sensor04→gatewayA;sensor04→gatewayC;sensor05→gatewayA;sensor06→gatewayA;sensor07→gatewayA;sensor08→gatewayA;sensor08→gatewayB;sensor09→gatewayA,False,False
2024-06,98,90,previous_month,coverage_only,2024-05,Feasible,11,11,0,0.6923076923076923,0c19051bc9488d92,sensor01→gatewayA;sensor01→gatewayC;sensor02→gatewayC;sensor03→gatewayC;sensor04→gatewayC;sensor05→gatewayC;sensor06→gatewayA;sensor07→gatewayC;sensor08→gatewayA;sensor08→gatewayB;sensor09→gatewayA,False,False
2024-06,98,90,expanding_window,coverage_only,2024-02;2024-03;2024-04;2024-05,Feasible,14,11,3,0.7857142857142857,41373d6960c195b8,sensor01→gatewayA;sensor01→gatewayC;sensor02→gatewayA;sensor02→gatewayC;sensor03→gatewayA;sensor03→gatewayC;sensor04→gatewayA;sensor04→gatewayC;sensor05→gatewayA;sensor06→gatewayA;sensor07→gatewayA;sensor08→gatewayA;sensor08→gatewayB;sensor09→gatewayA,False,False
2024-06,98,90,previous_month,exact,2024-05,Optimal,11,11,0,0.6923076923076923,0c19051bc9488d92,sensor01→gatewayA;sensor01→gatewayC;sensor02→gatewayC;sensor03→gatewayC;sensor04→gatewayC;sensor05→gatewayC;sensor06→gatewayA;sensor07→gatewayC;sensor08→gatewayA;sensor08→gatewayB;sensor09→gatewayA,False,False
2024-06,98,90,expanding_window,exact,2024-02;2024-03;2024-04;2024-05,Optimal,14,11,3,0.7857142857142857,41373d6960c195b8,sensor01→gatewayA;sensor01→gatewayC;sensor02→gatewayA;sensor02→gatewayC;sensor03→gatewayA;sensor03→gatewayC;sensor04→gatewayA;sensor04→gatewayC;sensor05→gatewayA;sensor06→gatewayA;sensor07→gatewayA;sensor08→gatewayA;sensor08→gatewayB;sensor09→gatewayA,False,False
2024-06,98,90,frozen_initial_window,proposed,2024-02;2024-03;2024-04,Feasible,14,11,3,0.7857142857142857,41373d6960c195b8,sensor01→gatewayA;sensor01→gatewayC;sensor02→gatewayA;sensor02→gatewayC;sensor03→gatewayA;sensor03→gatewayC;sensor04→gatewayA;sensor04→gatewayC;sensor05→gatewayA;sensor06→gatewayA;sensor07→gatewayA;sensor08→gatewayA;sensor08→gatewayB;sensor09→gatewayA,False,False
2024-06,98,90,frozen_initial_window,multicover,2024-02;2024-03;2024-04,Feasible,14,11,3,0.7857142857142857,41373d6960c195b8,sensor01→gatewayA;sensor01→gatewayC;sensor02→gatewayA;sensor02→gatewayC;sensor03→gatewayA;sensor03→gatewayC;sensor04→gatewayA;sensor04→gatewayC;sensor05→gatewayA;sensor06→gatewayA;sensor07→gatewayA;sensor08→gatewayA;sensor08→gatewayB;sensor09→gatewayA,False,False
2024-06,98,90,frozen_initial_window,coverage_only,2024-02;2024-03;2024-04,Feasible,14,11,3,0.7857142857142857,41373d6960c195b8,sensor01→gatewayA;sensor01→gatewayC;sensor02→gatewayA;sensor02→gatewayC;sensor03→gatewayA;sensor03→gatewayC;sensor04→gatewayA;sensor04→gatewayC;sensor05→gatewayA;sensor06→gatewayA;sensor07→gatewayA;sensor08→gatewayA;sensor08→gatewayB;sensor09→gatewayA,False,False
2024-06,98,90,retrospective_oracle,exact,2024-06,Optimal,11,11,0,1.0,eab7e0605c2ef02e,sensor01→gatewayA;sensor01→gatewayC;sensor02→gatewayC;sensor03→gatewayC;sensor04→gatewayC;sensor05→gatewayA;sensor06→gatewayA;sensor07→gatewayA;sensor08→gatewayA;sensor08→gatewayB;sensor09→gatewayA,False,False
2024-07,90,80,previous_month,proposed,2024-06,Feasible,9,9,0,0.5,2d610032a3e50ee7,sensor01→gatewayA;sensor02→gatewayC;sensor03→gatewayC;sensor04→gatewayC;sensor05→gatewayA;sensor06→gatewayA;sensor07→gatewayA;sensor08→gatewayA;sensor09→gatewayA,False,False
2024-07,90,80,expanding_window,proposed,2024-02;2024-03;2024-04;2024-05;2024-06,Feasible,9,9,0,0.2857142857142857,a3ace494bf9be893,sensor01→gatewayA;sensor02→gatewayC;sensor03→gatewayA;sensor04→gatewayA;sensor05→gatewayA;sensor06→gatewayA;sensor07→gatewayA;sensor08→gatewayA;sensor09→gatewayA,False,False
2024-07,90,80,previous_month,multicover,2024-06,Feasible,9,9,0,0.5,2d610032a3e50ee7,sensor01→gatewayA;sensor02→gatewayC;sensor03→gatewayC;sensor04→gatewayC;sensor05→gatewayA;sensor06→gatewayA;sensor07→gatewayA;sensor08→gatewayA;sensor09→gatewayA,False,False
2024-07,90,80,expanding_window,multicover,2024-02;2024-03;2024-04;2024-05;2024-06,Feasible,9,9,0,0.2857142857142857,a3ace494bf9be893,sensor01→gatewayA;sensor02→gatewayC;sensor03→gatewayA;sensor04→gatewayA;sensor05→gatewayA;sensor06→gatewayA;sensor07→gatewayA;sensor08→gatewayA;sensor09→gatewayA,False,False
2024-07,90,80,previous_month,coverage_only,2024-06,Feasible,9,9,0,0.5,2d610032a3e50ee7,sensor01→gatewayA;sensor02→gatewayC;sensor03→gatewayC;sensor04→gatewayC;sensor05→gatewayA;sensor06→gatewayA;sensor07→gatewayA;sensor08→gatewayA;sensor09→gatewayA,False,False
2024-07,90,80,expanding_window,coverage_only,2024-02;2024-03;2024-04;2024-05;2024-06,Feasible,9,9,0,0.2857142857142857,a3ace494bf9be893,sensor01→gatewayA;sensor02→gatewayC;sensor03→gatewayA;sensor04→gatewayA;sensor05→gatewayA;sensor06→gatewayA;sensor07→gatewayA;sensor08→gatewayA;sensor09→gatewayA,False,False
2024-07,90,80,previous_month,exact,2024-06,Optimal,9,9,0,0.5,2d610032a3e50ee7,sensor01→gatewayA;sensor02→gatewayC;sensor03→gatewayC;sensor04→gatewayC;sensor05→gatewayA;sensor06→gatewayA;sensor07→gatewayA;sensor08→gatewayA;sensor09→gatewayA,False,False
2024-07,90,80,expanding_window,exact,2024-02;2024-03;2024-04;2024-05;2024-06,Optimal,9,9,0,0.2857142857142857,a3ace494bf9be893,sensor01→gatewayA;sensor02→gatewayC;sensor03→gatewayA;sensor04→gatewayA;sensor05→gatewayA;sensor06→gatewayA;sensor07→gatewayA;sensor08→gatewayA;sensor09→gatewayA,False,False
2024-07,90,80,frozen_initial_window,proposed,2024-02;2024-03;2024-04,Feasible,9,9,0,0.2,5116df5a05fbbfe0,sensor01→gatewayA;sensor02→gatewayA;sensor03→gatewayA;sensor04→gatewayA;sensor05→gatewayA;sensor06→gatewayA;sensor07→gatewayA;sensor08→gatewayA;sensor09→gatewayA,False,False
2024-07,90,80,frozen_initial_window,multicover,2024-02;2024-03;2024-04,Feasible,9,9,0,0.2,5116df5a05fbbfe0,sensor01→gatewayA;sensor02→gatewayA;sensor03→gatewayA;sensor04→gatewayA;sensor05→gatewayA;sensor06→gatewayA;sensor07→gatewayA;sensor08→gatewayA;sensor09→gatewayA,False,False
2024-07,90,80,frozen_initial_window,coverage_only,2024-02;2024-03;2024-04,Feasible,9,9,0,0.2,5116df5a05fbbfe0,sensor01→gatewayA;sensor02→gatewayA;sensor03→gatewayA;sensor04→gatewayA;sensor05→gatewayA;sensor06→gatewayA;sensor07→gatewayA;sensor08→gatewayA;sensor09→gatewayA,False,False
2024-07,90,80,retrospective_oracle,exact,2024-07,Optimal,9,9,0,1.0,6cde103f9014589e,sensor01→gatewayC;sensor02→gatewayC;sensor03→gatewayC;sensor04→gatewayC;sensor05→gatewayA;sensor06→gatewayC;sensor07→gatewayC;sensor08→gatewayA;sensor09→gatewayA,False,False
2024-07,95,85,previous_month,proposed,2024-06,Feasible,9,9,0,0.5,2d610032a3e50ee7,sensor01→gatewayA;sensor02→gatewayC;sensor03→gatewayC;sensor04→gatewayC;sensor05→gatewayA;sensor06→gatewayA;sensor07→gatewayA;sensor08→gatewayA;sensor09→gatewayA,False,False
2024-07,95,85,expanding_window,proposed,2024-02;2024-03;2024-04;2024-05;2024-06,Feasible,10,9,1,0.2666666666666666,653063214fd849c6,sensor01→gatewayA;sensor02→gatewayA;sensor02→gatewayC;sensor03→gatewayA;sensor04→gatewayA;sensor05→gatewayA;sensor06→gatewayA;sensor07→gatewayA;sensor08→gatewayA;sensor09→gatewayA,False,False
2024-07,95,85,previous_month,multicover,2024-06,Feasible,9,9,0,0.5,2d610032a3e50ee7,sensor01→gatewayA;sensor02→gatewayC;sensor03→gatewayC;sensor04→gatewayC;sensor05→gatewayA;sensor06→gatewayA;sensor07→gatewayA;sensor08→gatewayA;sensor09→gatewayA,False,False
2024-07,95,85,expanding_window,multicover,2024-02;2024-03;2024-04;2024-05;2024-06,Feasible,10,9,1,0.2666666666666666,653063214fd849c6,sensor01→gatewayA;sensor02→gatewayA;sensor02→gatewayC;sensor03→gatewayA;sensor04→gatewayA;sensor05→gatewayA;sensor06→gatewayA;sensor07→gatewayA;sensor08→gatewayA;sensor09→gatewayA,False,False
2024-07,95,85,previous_month,coverage_only,2024-06,Feasible,9,9,0,0.5,2d610032a3e50ee7,sensor01→gatewayA;sensor02→gatewayC;sensor03→gatewayC;sensor04→gatewayC;sensor05→gatewayA;sensor06→gatewayA;sensor07→gatewayA;sensor08→gatewayA;sensor09→gatewayA,False,False
2024-07,95,85,expanding_window,coverage_only,2024-02;2024-03;2024-04;2024-05;2024-06,Feasible,10,9,1,0.2666666666666666,653063214fd849c6,sensor01→gatewayA;sensor02→gatewayA;sensor02→gatewayC;sensor03→gatewayA;sensor04→gatewayA;sensor05→gatewayA;sensor06→gatewayA;sensor07→gatewayA;sensor08→gatewayA;sensor09→gatewayA,False,False
2024-07,95,85,previous_month,exact,2024-06,Optimal,9,9,0,0.5,2d610032a3e50ee7,sensor01→gatewayA;sensor02→gatewayC;sensor03→gatewayC;sensor04→gatewayC;sensor05→gatewayA;sensor06→gatewayA;sensor07→gatewayA;sensor08→gatewayA;sensor09→gatewayA,False,False
2024-07,95,85,expanding_window,exact,2024-02;2024-03;2024-04;2024-05;2024-06,Optimal,10,9,1,0.2666666666666666,653063214fd849c6,sensor01→gatewayA;sensor02→gatewayA;sensor02→gatewayC;sensor03→gatewayA;sensor04→gatewayA;sensor05→gatewayA;sensor06→gatewayA;sensor07→gatewayA;sensor08→gatewayA;sensor09→gatewayA,False,False
2024-07,95,85,frozen_initial_window,proposed,2024-02;2024-03;2024-04,Feasible,10,9,1,0.2666666666666666,653063214fd849c6,sensor01→gatewayA;sensor02→gatewayA;sensor02→gatewayC;sensor03→gatewayA;sensor04→gatewayA;sensor05→gatewayA;sensor06→gatewayA;sensor07→gatewayA;sensor08→gatewayA;sensor09→gatewayA,False,False
2024-07,95,85,frozen_initial_window,multicover,2024-02;2024-03;2024-04,Feasible,10,9,1,0.2666666666666666,653063214fd849c6,sensor01→gatewayA;sensor02→gatewayA;sensor02→gatewayC;sensor03→gatewayA;sensor04→gatewayA;sensor05→gatewayA;sensor06→gatewayA;sensor07→gatewayA;sensor08→gatewayA;sensor09→gatewayA,False,False
2024-07,95,85,frozen_initial_window,coverage_only,2024-02;2024-03;2024-04,Feasible,10,9,1,0.2666666666666666,653063214fd849c6,sensor01→gatewayA;sensor02→gatewayA;sensor02→gatewayC;sensor03→gatewayA;sensor04→gatewayA;sensor05→gatewayA;sensor06→gatewayA;sensor07→gatewayA;sensor08→gatewayA;sensor09→gatewayA,False,False
2024-07,95,85,retrospective_oracle,exact,2024-07,Optimal,9,9,0,1.0,6cde103f9014589e,sensor01→gatewayC;sensor02→gatewayC;sensor03→gatewayC;sensor04→gatewayC;sensor05→gatewayA;sensor06→gatewayC;sensor07→gatewayC;sensor08→gatewayA;sensor09→gatewayA,False,False
2024-07,98,90,previous_month,proposed,2024-06,Feasible,11,11,0,0.5714285714285714,eab7e0605c2ef02e,sensor01→gatewayA;sensor01→gatewayC;sensor02→gatewayC;sensor03→gatewayC;sensor04→gatewayC;sensor05→gatewayA;sensor06→gatewayA;sensor07→gatewayA;sensor08→gatewayA;sensor08→gatewayB;sensor09→gatewayA,False,False
2024-07,98,90,expanding_window,proposed,2024-02;2024-03;2024-04;2024-05;2024-06,Feasible,13,11,2,0.5,b895b38864b202d9,sensor01→gatewayA;sensor01→gatewayC;sensor02→gatewayA;sensor02→gatewayC;sensor03→gatewayA;sensor04→gatewayA;sensor04→gatewayC;sensor05→gatewayA;sensor06→gatewayA;sensor07→gatewayA;sensor08→gatewayA;sensor08→gatewayB;sensor09→gatewayA,False,False
2024-07,98,90,previous_month,multicover,2024-06,Feasible,11,11,0,0.5714285714285714,2222a3c912793d0d,sensor01→gatewayA;sensor01→gatewayC;sensor02→gatewayA;sensor02→gatewayC;sensor03→gatewayC;sensor04→gatewayC;sensor05→gatewayA;sensor06→gatewayA;sensor07→gatewayA;sensor08→gatewayA;sensor09→gatewayA,False,False
2024-07,98,90,expanding_window,multicover,2024-02;2024-03;2024-04;2024-05;2024-06,Feasible,13,11,2,0.5,b895b38864b202d9,sensor01→gatewayA;sensor01→gatewayC;sensor02→gatewayA;sensor02→gatewayC;sensor03→gatewayA;sensor04→gatewayA;sensor04→gatewayC;sensor05→gatewayA;sensor06→gatewayA;sensor07→gatewayA;sensor08→gatewayA;sensor08→gatewayB;sensor09→gatewayA,False,False
2024-07,98,90,previous_month,coverage_only,2024-06,Feasible,11,11,0,0.5714285714285714,eab7e0605c2ef02e,sensor01→gatewayA;sensor01→gatewayC;sensor02→gatewayC;sensor03→gatewayC;sensor04→gatewayC;sensor05→gatewayA;sensor06→gatewayA;sensor07→gatewayA;sensor08→gatewayA;sensor08→gatewayB;sensor09→gatewayA,False,False
2024-07,98,90,expanding_window,coverage_only,2024-02;2024-03;2024-04;2024-05;2024-06,Feasible,13,11,2,0.5,b895b38864b202d9,sensor01→gatewayA;sensor01→gatewayC;sensor02→gatewayA;sensor02→gatewayC;sensor03→gatewayA;sensor04→gatewayA;sensor04→gatewayC;sensor05→gatewayA;sensor06→gatewayA;sensor07→gatewayA;sensor08→gatewayA;sensor08→gatewayB;sensor09→gatewayA,False,False
2024-07,98,90,previous_month,exact,2024-06,Optimal,11,11,0,0.5714285714285714,eab7e0605c2ef02e,sensor01→gatewayA;sensor01→gatewayC;sensor02→gatewayC;sensor03→gatewayC;sensor04→gatewayC;sensor05→gatewayA;sensor06→gatewayA;sensor07→gatewayA;sensor08→gatewayA;sensor08→gatewayB;sensor09→gatewayA,False,False
2024-07,98,90,expanding_window,exact,2024-02;2024-03;2024-04;2024-05;2024-06,Optimal,13,11,2,0.5,b895b38864b202d9,sensor01→gatewayA;sensor01→gatewayC;sensor02→gatewayA;sensor02→gatewayC;sensor03→gatewayA;sensor04→gatewayA;sensor04→gatewayC;sensor05→gatewayA;sensor06→gatewayA;sensor07→gatewayA;sensor08→gatewayA;sensor08→gatewayB;sensor09→gatewayA,False,False
2024-07,98,90,frozen_initial_window,proposed,2024-02;2024-03;2024-04,Feasible,14,11,3,0.5625,41373d6960c195b8,sensor01→gatewayA;sensor01→gatewayC;sensor02→gatewayA;sensor02→gatewayC;sensor03→gatewayA;sensor03→gatewayC;sensor04→gatewayA;sensor04→gatewayC;sensor05→gatewayA;sensor06→gatewayA;sensor07→gatewayA;sensor08→gatewayA;sensor08→gatewayB;sensor09→gatewayA,False,False
2024-07,98,90,frozen_initial_window,multicover,2024-02;2024-03;2024-04,Feasible,14,11,3,0.5625,41373d6960c195b8,sensor01→gatewayA;sensor01→gatewayC;sensor02→gatewayA;sensor02→gatewayC;sensor03→gatewayA;sensor03→gatewayC;sensor04→gatewayA;sensor04→gatewayC;sensor05→gatewayA;sensor06→gatewayA;sensor07→gatewayA;sensor08→gatewayA;sensor08→gatewayB;sensor09→gatewayA,False,False
2024-07,98,90,frozen_initial_window,coverage_only,2024-02;2024-03;2024-04,Feasible,14,11,3,0.5625,41373d6960c195b8,sensor01→gatewayA;sensor01→gatewayC;sensor02→gatewayA;sensor02→gatewayC;sensor03→gatewayA;sensor03→gatewayC;sensor04→gatewayA;sensor04→gatewayC;sensor05→gatewayA;sensor06→gatewayA;sensor07→gatewayA;sensor08→gatewayA;sensor08→gatewayB;sensor09→gatewayA,False,False
2024-07,98,90,retrospective_oracle,exact,2024-07,Optimal,11,11,0,1.0,4302cf2a66209441,sensor01→gatewayA;sensor01→gatewayC;sensor02→gatewayC;sensor03→gatewayC;sensor04→gatewayA;sensor04→gatewayC;sensor05→gatewayA;sensor06→gatewayC;sensor07→gatewayC;sensor08→gatewayA;sensor09→gatewayA,False,False
2024-08,90,80,previous_month,proposed,2024-07,Feasible,9,9,0,0.5,6cde103f9014589e,sensor01→gatewayC;sensor02→gatewayC;sensor03→gatewayC;sensor04→gatewayC;sensor05→gatewayA;sensor06→gatewayC;sensor07→gatewayC;sensor08→gatewayA;sensor09→gatewayA,False,False
2024-08,90,80,expanding_window,proposed,2024-02;2024-03;2024-04;2024-05;2024-06;2024-07,Feasible,9,9,0,0.6363636363636364,a3ace494bf9be893,sensor01→gatewayA;sensor02→gatewayC;sensor03→gatewayA;sensor04→gatewayA;sensor05→gatewayA;sensor06→gatewayA;sensor07→gatewayA;sensor08→gatewayA;sensor09→gatewayA,False,False
2024-08,90,80,previous_month,multicover,2024-07,Feasible,9,9,0,0.6363636363636364,6d4d30ee26226959,sensor01→gatewayA;sensor02→gatewayC;sensor03→gatewayC;sensor04→gatewayC;sensor05→gatewayA;sensor06→gatewayC;sensor07→gatewayC;sensor08→gatewayA;sensor09→gatewayA,False,False
2024-08,90,80,expanding_window,multicover,2024-02;2024-03;2024-04;2024-05;2024-06;2024-07,Feasible,9,9,0,0.6363636363636364,a3ace494bf9be893,sensor01→gatewayA;sensor02→gatewayC;sensor03→gatewayA;sensor04→gatewayA;sensor05→gatewayA;sensor06→gatewayA;sensor07→gatewayA;sensor08→gatewayA;sensor09→gatewayA,False,False
2024-08,90,80,previous_month,coverage_only,2024-07,Feasible,9,9,0,0.5,6cde103f9014589e,sensor01→gatewayC;sensor02→gatewayC;sensor03→gatewayC;sensor04→gatewayC;sensor05→gatewayA;sensor06→gatewayC;sensor07→gatewayC;sensor08→gatewayA;sensor09→gatewayA,False,False
2024-08,90,80,expanding_window,coverage_only,2024-02;2024-03;2024-04;2024-05;2024-06;2024-07,Feasible,9,9,0,0.6363636363636364,a3ace494bf9be893,sensor01→gatewayA;sensor02→gatewayC;sensor03→gatewayA;sensor04→gatewayA;sensor05→gatewayA;sensor06→gatewayA;sensor07→gatewayA;sensor08→gatewayA;sensor09→gatewayA,False,False
2024-08,90,80,previous_month,exact,2024-07,Optimal,9,9,0,0.5,6cde103f9014589e,sensor01→gatewayC;sensor02→gatewayC;sensor03→gatewayC;sensor04→gatewayC;sensor05→gatewayA;sensor06→gatewayC;sensor07→gatewayC;sensor08→gatewayA;sensor09→gatewayA,False,False
2024-08,90,80,expanding_window,exact,2024-02;2024-03;2024-04;2024-05;2024-06;2024-07,Optimal,9,9,0,0.6363636363636364,a3ace494bf9be893,sensor01→gatewayA;sensor02→gatewayC;sensor03→gatewayA;sensor04→gatewayA;sensor05→gatewayA;sensor06→gatewayA;sensor07→gatewayA;sensor08→gatewayA;sensor09→gatewayA,False,False
2024-08,90,80,frozen_initial_window,proposed,2024-02;2024-03;2024-04,Feasible,9,9,0,0.5,5116df5a05fbbfe0,sensor01→gatewayA;sensor02→gatewayA;sensor03→gatewayA;sensor04→gatewayA;sensor05→gatewayA;sensor06→gatewayA;sensor07→gatewayA;sensor08→gatewayA;sensor09→gatewayA,False,False
2024-08,90,80,frozen_initial_window,multicover,2024-02;2024-03;2024-04,Feasible,9,9,0,0.5,5116df5a05fbbfe0,sensor01→gatewayA;sensor02→gatewayA;sensor03→gatewayA;sensor04→gatewayA;sensor05→gatewayA;sensor06→gatewayA;sensor07→gatewayA;sensor08→gatewayA;sensor09→gatewayA,False,False
2024-08,90,80,frozen_initial_window,coverage_only,2024-02;2024-03;2024-04,Feasible,9,9,0,0.5,5116df5a05fbbfe0,sensor01→gatewayA;sensor02→gatewayA;sensor03→gatewayA;sensor04→gatewayA;sensor05→gatewayA;sensor06→gatewayA;sensor07→gatewayA;sensor08→gatewayA;sensor09→gatewayA,False,False
2024-08,90,80,retrospective_oracle,exact,2024-08,Optimal,9,9,0,1.0,6d0e4a795f1bf86d,sensor01→gatewayA;sensor02→gatewayC;sensor03→gatewayC;sensor04→gatewayA;sensor05→gatewayA;sensor06→gatewayA;sensor07→gatewayC;sensor08→gatewayA;sensor09→gatewayA,False,False
2024-08,95,85,previous_month,proposed,2024-07,Feasible,9,9,0,0.5,6cde103f9014589e,sensor01→gatewayC;sensor02→gatewayC;sensor03→gatewayC;sensor04→gatewayC;sensor05→gatewayA;sensor06→gatewayC;sensor07→gatewayC;sensor08→gatewayA;sensor09→gatewayA,False,False
2024-08,95,85,expanding_window,proposed,2024-02;2024-03;2024-04;2024-05;2024-06;2024-07,Feasible,10,9,1,0.5833333333333334,653063214fd849c6,sensor01→gatewayA;sensor02→gatewayA;sensor02→gatewayC;sensor03→gatewayA;sensor04→gatewayA;sensor05→gatewayA;sensor06→gatewayA;sensor07→gatewayA;sensor08→gatewayA;sensor09→gatewayA,False,False
2024-08,95,85,previous_month,multicover,2024-07,Feasible,9,9,0,0.6363636363636364,6d4d30ee26226959,sensor01→gatewayA;sensor02→gatewayC;sensor03→gatewayC;sensor04→gatewayC;sensor05→gatewayA;sensor06→gatewayC;sensor07→gatewayC;sensor08→gatewayA;sensor09→gatewayA,False,False
2024-08,95,85,expanding_window,multicover,2024-02;2024-03;2024-04;2024-05;2024-06;2024-07,Feasible,10,9,1,0.5833333333333334,653063214fd849c6,sensor01→gatewayA;sensor02→gatewayA;sensor02→gatewayC;sensor03→gatewayA;sensor04→gatewayA;sensor05→gatewayA;sensor06→gatewayA;sensor07→gatewayA;sensor08→gatewayA;sensor09→gatewayA,False,False
2024-08,95,85,previous_month,coverage_only,2024-07,Feasible,9,9,0,0.5,6cde103f9014589e,sensor01→gatewayC;sensor02→gatewayC;sensor03→gatewayC;sensor04→gatewayC;sensor05→gatewayA;sensor06→gatewayC;sensor07→gatewayC;sensor08→gatewayA;sensor09→gatewayA,False,False
2024-08,95,85,expanding_window,coverage_only,2024-02;2024-03;2024-04;2024-05;2024-06;2024-07,Feasible,10,9,1,0.5833333333333334,653063214fd849c6,sensor01→gatewayA;sensor02→gatewayA;sensor02→gatewayC;sensor03→gatewayA;sensor04→gatewayA;sensor05→gatewayA;sensor06→gatewayA;sensor07→gatewayA;sensor08→gatewayA;sensor09→gatewayA,False,False
2024-08,95,85,previous_month,exact,2024-07,Optimal,9,9,0,0.5,6cde103f9014589e,sensor01→gatewayC;sensor02→gatewayC;sensor03→gatewayC;sensor04→gatewayC;sensor05→gatewayA;sensor06→gatewayC;sensor07→gatewayC;sensor08→gatewayA;sensor09→gatewayA,False,False
2024-08,95,85,expanding_window,exact,2024-02;2024-03;2024-04;2024-05;2024-06;2024-07,Optimal,10,9,1,0.5833333333333334,653063214fd849c6,sensor01→gatewayA;sensor02→gatewayA;sensor02→gatewayC;sensor03→gatewayA;sensor04→gatewayA;sensor05→gatewayA;sensor06→gatewayA;sensor07→gatewayA;sensor08→gatewayA;sensor09→gatewayA,False,False
2024-08,95,85,frozen_initial_window,proposed,2024-02;2024-03;2024-04,Feasible,10,9,1,0.5833333333333334,653063214fd849c6,sensor01→gatewayA;sensor02→gatewayA;sensor02→gatewayC;sensor03→gatewayA;sensor04→gatewayA;sensor05→gatewayA;sensor06→gatewayA;sensor07→gatewayA;sensor08→gatewayA;sensor09→gatewayA,False,False
2024-08,95,85,frozen_initial_window,multicover,2024-02;2024-03;2024-04,Feasible,10,9,1,0.5833333333333334,653063214fd849c6,sensor01→gatewayA;sensor02→gatewayA;sensor02→gatewayC;sensor03→gatewayA;sensor04→gatewayA;sensor05→gatewayA;sensor06→gatewayA;sensor07→gatewayA;sensor08→gatewayA;sensor09→gatewayA,False,False
2024-08,95,85,frozen_initial_window,coverage_only,2024-02;2024-03;2024-04,Feasible,10,9,1,0.5833333333333334,653063214fd849c6,sensor01→gatewayA;sensor02→gatewayA;sensor02→gatewayC;sensor03→gatewayA;sensor04→gatewayA;sensor05→gatewayA;sensor06→gatewayA;sensor07→gatewayA;sensor08→gatewayA;sensor09→gatewayA,False,False
2024-08,95,85,retrospective_oracle,exact,2024-08,Optimal,9,9,0,1.0,6d0e4a795f1bf86d,sensor01→gatewayA;sensor02→gatewayC;sensor03→gatewayC;sensor04→gatewayA;sensor05→gatewayA;sensor06→gatewayA;sensor07→gatewayC;sensor08→gatewayA;sensor09→gatewayA,False,False
2024-08,98,90,previous_month,proposed,2024-07,Feasible,11,12,-1,0.7692307692307693,4302cf2a66209441,sensor01→gatewayA;sensor01→gatewayC;sensor02→gatewayC;sensor03→gatewayC;sensor04→gatewayA;sensor04→gatewayC;sensor05→gatewayA;sensor06→gatewayC;sensor07→gatewayC;sensor08→gatewayA;sensor09→gatewayA,False,False
2024-08,98,90,expanding_window,proposed,2024-02;2024-03;2024-04;2024-05;2024-06;2024-07,Feasible,13,12,1,0.6666666666666666,b895b38864b202d9,sensor01→gatewayA;sensor01→gatewayC;sensor02→gatewayA;sensor02→gatewayC;sensor03→gatewayA;sensor04→gatewayA;sensor04→gatewayC;sensor05→gatewayA;sensor06→gatewayA;sensor07→gatewayA;sensor08→gatewayA;sensor08→gatewayB;sensor09→gatewayA,False,False
2024-08,98,90,previous_month,multicover,2024-07,Feasible,11,12,-1,0.7692307692307693,4302cf2a66209441,sensor01→gatewayA;sensor01→gatewayC;sensor02→gatewayC;sensor03→gatewayC;sensor04→gatewayA;sensor04→gatewayC;sensor05→gatewayA;sensor06→gatewayC;sensor07→gatewayC;sensor08→gatewayA;sensor09→gatewayA,False,False
2024-08,98,90,expanding_window,multicover,2024-02;2024-03;2024-04;2024-05;2024-06;2024-07,Feasible,13,12,1,0.6666666666666666,b895b38864b202d9,sensor01→gatewayA;sensor01→gatewayC;sensor02→gatewayA;sensor02→gatewayC;sensor03→gatewayA;sensor04→gatewayA;sensor04→gatewayC;sensor05→gatewayA;sensor06→gatewayA;sensor07→gatewayA;sensor08→gatewayA;sensor08→gatewayB;sensor09→gatewayA,False,False
2024-08,98,90,previous_month,coverage_only,2024-07,Feasible,11,12,-1,0.7692307692307693,4302cf2a66209441,sensor01→gatewayA;sensor01→gatewayC;sensor02→gatewayC;sensor03→gatewayC;sensor04→gatewayA;sensor04→gatewayC;sensor05→gatewayA;sensor06→gatewayC;sensor07→gatewayC;sensor08→gatewayA;sensor09→gatewayA,False,False
2024-08,98,90,expanding_window,coverage_only,2024-02;2024-03;2024-04;2024-05;2024-06;2024-07,Feasible,13,12,1,0.6666666666666666,b895b38864b202d9,sensor01→gatewayA;sensor01→gatewayC;sensor02→gatewayA;sensor02→gatewayC;sensor03→gatewayA;sensor04→gatewayA;sensor04→gatewayC;sensor05→gatewayA;sensor06→gatewayA;sensor07→gatewayA;sensor08→gatewayA;sensor08→gatewayB;sensor09→gatewayA,False,False
2024-08,98,90,previous_month,exact,2024-07,Optimal,11,12,-1,0.7692307692307693,4302cf2a66209441,sensor01→gatewayA;sensor01→gatewayC;sensor02→gatewayC;sensor03→gatewayC;sensor04→gatewayA;sensor04→gatewayC;sensor05→gatewayA;sensor06→gatewayC;sensor07→gatewayC;sensor08→gatewayA;sensor09→gatewayA,False,False
2024-08,98,90,expanding_window,exact,2024-02;2024-03;2024-04;2024-05;2024-06;2024-07,Optimal,13,12,1,0.6666666666666666,b895b38864b202d9,sensor01→gatewayA;sensor01→gatewayC;sensor02→gatewayA;sensor02→gatewayC;sensor03→gatewayA;sensor04→gatewayA;sensor04→gatewayC;sensor05→gatewayA;sensor06→gatewayA;sensor07→gatewayA;sensor08→gatewayA;sensor08→gatewayB;sensor09→gatewayA,False,False
2024-08,98,90,frozen_initial_window,proposed,2024-02;2024-03;2024-04,Feasible,14,12,2,0.7333333333333333,41373d6960c195b8,sensor01→gatewayA;sensor01→gatewayC;sensor02→gatewayA;sensor02→gatewayC;sensor03→gatewayA;sensor03→gatewayC;sensor04→gatewayA;sensor04→gatewayC;sensor05→gatewayA;sensor06→gatewayA;sensor07→gatewayA;sensor08→gatewayA;sensor08→gatewayB;sensor09→gatewayA,False,False
2024-08,98,90,frozen_initial_window,multicover,2024-02;2024-03;2024-04,Feasible,14,12,2,0.7333333333333333,41373d6960c195b8,sensor01→gatewayA;sensor01→gatewayC;sensor02→gatewayA;sensor02→gatewayC;sensor03→gatewayA;sensor03→gatewayC;sensor04→gatewayA;sensor04→gatewayC;sensor05→gatewayA;sensor06→gatewayA;sensor07→gatewayA;sensor08→gatewayA;sensor08→gatewayB;sensor09→gatewayA,False,False
2024-08,98,90,frozen_initial_window,coverage_only,2024-02;2024-03;2024-04,Feasible,14,12,2,0.7333333333333333,41373d6960c195b8,sensor01→gatewayA;sensor01→gatewayC;sensor02→gatewayA;sensor02→gatewayC;sensor03→gatewayA;sensor03→gatewayC;sensor04→gatewayA;sensor04→gatewayC;sensor05→gatewayA;sensor06→gatewayA;sensor07→gatewayA;sensor08→gatewayA;sensor08→gatewayB;sensor09→gatewayA,False,False
2024-08,98,90,retrospective_oracle,exact,2024-08,Optimal,12,12,0,1.0,cd2c8a168b473a4f,sensor01→gatewayA;sensor01→gatewayC;sensor02→gatewayC;sensor03→gatewayC;sensor04→gatewayA;sensor04→gatewayC;sensor05→gatewayA;sensor06→gatewayA;sensor07→gatewayC;sensor08→gatewayA;sensor08→gatewayB;sensor09→gatewayA,False,False
2024-09,90,80,previous_month,proposed,2024-08,Feasible,9,9,0,0.6363636363636364,6d0e4a795f1bf86d,sensor01→gatewayA;sensor02→gatewayC;sensor03→gatewayC;sensor04→gatewayA;sensor05→gatewayA;sensor06→gatewayA;sensor07→gatewayC;sensor08→gatewayA;sensor09→gatewayA,False,False
2024-09,90,80,expanding_window,proposed,2024-02;2024-03;2024-04;2024-05;2024-06;2024-07;2024-08,Feasible,9,9,0,0.3846153846153846,a3ace494bf9be893,sensor01→gatewayA;sensor02→gatewayC;sensor03→gatewayA;sensor04→gatewayA;sensor05→gatewayA;sensor06→gatewayA;sensor07→gatewayA;sensor08→gatewayA;sensor09→gatewayA,False,False
2024-09,90,80,previous_month,multicover,2024-08,Feasible,9,9,0,0.6363636363636364,6d0e4a795f1bf86d,sensor01→gatewayA;sensor02→gatewayC;sensor03→gatewayC;sensor04→gatewayA;sensor05→gatewayA;sensor06→gatewayA;sensor07→gatewayC;sensor08→gatewayA;sensor09→gatewayA,False,False
2024-09,90,80,expanding_window,multicover,2024-02;2024-03;2024-04;2024-05;2024-06;2024-07;2024-08,Feasible,9,9,0,0.3846153846153846,a3ace494bf9be893,sensor01→gatewayA;sensor02→gatewayC;sensor03→gatewayA;sensor04→gatewayA;sensor05→gatewayA;sensor06→gatewayA;sensor07→gatewayA;sensor08→gatewayA;sensor09→gatewayA,False,False
2024-09,90,80,previous_month,coverage_only,2024-08,Feasible,9,9,0,0.6363636363636364,6d0e4a795f1bf86d,sensor01→gatewayA;sensor02→gatewayC;sensor03→gatewayC;sensor04→gatewayA;sensor05→gatewayA;sensor06→gatewayA;sensor07→gatewayC;sensor08→gatewayA;sensor09→gatewayA,False,False
2024-09,90,80,expanding_window,coverage_only,2024-02;2024-03;2024-04;2024-05;2024-06;2024-07;2024-08,Feasible,9,9,0,0.3846153846153846,a3ace494bf9be893,sensor01→gatewayA;sensor02→gatewayC;sensor03→gatewayA;sensor04→gatewayA;sensor05→gatewayA;sensor06→gatewayA;sensor07→gatewayA;sensor08→gatewayA;sensor09→gatewayA,False,False
2024-09,90,80,previous_month,exact,2024-08,Optimal,9,9,0,0.6363636363636364,6d0e4a795f1bf86d,sensor01→gatewayA;sensor02→gatewayC;sensor03→gatewayC;sensor04→gatewayA;sensor05→gatewayA;sensor06→gatewayA;sensor07→gatewayC;sensor08→gatewayA;sensor09→gatewayA,False,False
2024-09,90,80,expanding_window,exact,2024-02;2024-03;2024-04;2024-05;2024-06;2024-07;2024-08,Optimal,9,9,0,0.3846153846153846,a3ace494bf9be893,sensor01→gatewayA;sensor02→gatewayC;sensor03→gatewayA;sensor04→gatewayA;sensor05→gatewayA;sensor06→gatewayA;sensor07→gatewayA;sensor08→gatewayA;sensor09→gatewayA,False,False
2024-09,90,80,frozen_initial_window,proposed,2024-02;2024-03;2024-04,Feasible,9,9,0,0.2857142857142857,5116df5a05fbbfe0,sensor01→gatewayA;sensor02→gatewayA;sensor03→gatewayA;sensor04→gatewayA;sensor05→gatewayA;sensor06→gatewayA;sensor07→gatewayA;sensor08→gatewayA;sensor09→gatewayA,False,False
2024-09,90,80,frozen_initial_window,multicover,2024-02;2024-03;2024-04,Feasible,9,9,0,0.2857142857142857,5116df5a05fbbfe0,sensor01→gatewayA;sensor02→gatewayA;sensor03→gatewayA;sensor04→gatewayA;sensor05→gatewayA;sensor06→gatewayA;sensor07→gatewayA;sensor08→gatewayA;sensor09→gatewayA,False,False
2024-09,90,80,frozen_initial_window,coverage_only,2024-02;2024-03;2024-04,Feasible,9,9,0,0.2857142857142857,5116df5a05fbbfe0,sensor01→gatewayA;sensor02→gatewayA;sensor03→gatewayA;sensor04→gatewayA;sensor05→gatewayA;sensor06→gatewayA;sensor07→gatewayA;sensor08→gatewayA;sensor09→gatewayA,False,False
2024-09,90,80,retrospective_oracle,exact,2024-09,Optimal,9,9,0,1.0,df7247ee941ecdb2,sensor01→gatewayC;sensor02→gatewayC;sensor03→gatewayC;sensor04→gatewayA;sensor05→gatewayC;sensor06→gatewayA;sensor07→gatewayC;sensor08→gatewayA;sensor09→gatewayA,False,False
2024-09,95,85,previous_month,proposed,2024-08,Feasible,9,9,0,0.6363636363636364,6d0e4a795f1bf86d,sensor01→gatewayA;sensor02→gatewayC;sensor03→gatewayC;sensor04→gatewayA;sensor05→gatewayA;sensor06→gatewayA;sensor07→gatewayC;sensor08→gatewayA;sensor09→gatewayA,False,False
2024-09,95,85,expanding_window,proposed,2024-02;2024-03;2024-04;2024-05;2024-06;2024-07;2024-08,Feasible,10,9,1,0.3571428571428571,653063214fd849c6,sensor01→gatewayA;sensor02→gatewayA;sensor02→gatewayC;sensor03→gatewayA;sensor04→gatewayA;sensor05→gatewayA;sensor06→gatewayA;sensor07→gatewayA;sensor08→gatewayA;sensor09→gatewayA,False,False
2024-09,95,85,previous_month,multicover,2024-08,Feasible,9,9,0,0.6363636363636364,6d0e4a795f1bf86d,sensor01→gatewayA;sensor02→gatewayC;sensor03→gatewayC;sensor04→gatewayA;sensor05→gatewayA;sensor06→gatewayA;sensor07→gatewayC;sensor08→gatewayA;sensor09→gatewayA,False,False
2024-09,95,85,expanding_window,multicover,2024-02;2024-03;2024-04;2024-05;2024-06;2024-07;2024-08,Feasible,10,9,1,0.3571428571428571,653063214fd849c6,sensor01→gatewayA;sensor02→gatewayA;sensor02→gatewayC;sensor03→gatewayA;sensor04→gatewayA;sensor05→gatewayA;sensor06→gatewayA;sensor07→gatewayA;sensor08→gatewayA;sensor09→gatewayA,False,False
2024-09,95,85,previous_month,coverage_only,2024-08,Feasible,9,9,0,0.6363636363636364,6d0e4a795f1bf86d,sensor01→gatewayA;sensor02→gatewayC;sensor03→gatewayC;sensor04→gatewayA;sensor05→gatewayA;sensor06→gatewayA;sensor07→gatewayC;sensor08→gatewayA;sensor09→gatewayA,False,False
2024-09,95,85,expanding_window,coverage_only,2024-02;2024-03;2024-04;2024-05;2024-06;2024-07;2024-08,Feasible,10,9,1,0.3571428571428571,653063214fd849c6,sensor01→gatewayA;sensor02→gatewayA;sensor02→gatewayC;sensor03→gatewayA;sensor04→gatewayA;sensor05→gatewayA;sensor06→gatewayA;sensor07→gatewayA;sensor08→gatewayA;sensor09→gatewayA,False,False
2024-09,95,85,previous_month,exact,2024-08,Optimal,9,9,0,0.6363636363636364,6d0e4a795f1bf86d,sensor01→gatewayA;sensor02→gatewayC;sensor03→gatewayC;sensor04→gatewayA;sensor05→gatewayA;sensor06→gatewayA;sensor07→gatewayC;sensor08→gatewayA;sensor09→gatewayA,False,False
2024-09,95,85,expanding_window,exact,2024-02;2024-03;2024-04;2024-05;2024-06;2024-07;2024-08,Optimal,10,9,1,0.3571428571428571,653063214fd849c6,sensor01→gatewayA;sensor02→gatewayA;sensor02→gatewayC;sensor03→gatewayA;sensor04→gatewayA;sensor05→gatewayA;sensor06→gatewayA;sensor07→gatewayA;sensor08→gatewayA;sensor09→gatewayA,False,False
2024-09,95,85,frozen_initial_window,proposed,2024-02;2024-03;2024-04,Feasible,10,9,1,0.3571428571428571,653063214fd849c6,sensor01→gatewayA;sensor02→gatewayA;sensor02→gatewayC;sensor03→gatewayA;sensor04→gatewayA;sensor05→gatewayA;sensor06→gatewayA;sensor07→gatewayA;sensor08→gatewayA;sensor09→gatewayA,False,False
2024-09,95,85,frozen_initial_window,multicover,2024-02;2024-03;2024-04,Feasible,10,9,1,0.3571428571428571,653063214fd849c6,sensor01→gatewayA;sensor02→gatewayA;sensor02→gatewayC;sensor03→gatewayA;sensor04→gatewayA;sensor05→gatewayA;sensor06→gatewayA;sensor07→gatewayA;sensor08→gatewayA;sensor09→gatewayA,False,False
2024-09,95,85,frozen_initial_window,coverage_only,2024-02;2024-03;2024-04,Feasible,10,9,1,0.3571428571428571,653063214fd849c6,sensor01→gatewayA;sensor02→gatewayA;sensor02→gatewayC;sensor03→gatewayA;sensor04→gatewayA;sensor05→gatewayA;sensor06→gatewayA;sensor07→gatewayA;sensor08→gatewayA;sensor09→gatewayA,False,False
2024-09,95,85,retrospective_oracle,exact,2024-09,Optimal,9,9,0,1.0,df7247ee941ecdb2,sensor01→gatewayC;sensor02→gatewayC;sensor03→gatewayC;sensor04→gatewayA;sensor05→gatewayC;sensor06→gatewayA;sensor07→gatewayC;sensor08→gatewayA;sensor09→gatewayA,False,False
2024-09,98,90,previous_month,proposed,2024-08,Feasible,12,11,1,0.7692307692307693,cd2c8a168b473a4f,sensor01→gatewayA;sensor01→gatewayC;sensor02→gatewayC;sensor03→gatewayC;sensor04→gatewayA;sensor04→gatewayC;sensor05→gatewayA;sensor06→gatewayA;sensor07→gatewayC;sensor08→gatewayA;sensor08→gatewayB;sensor09→gatewayA,False,False
2024-09,98,90,expanding_window,proposed,2024-02;2024-03;2024-04;2024-05;2024-06;2024-07;2024-08,Feasible,13,11,2,0.5,b895b38864b202d9,sensor01→gatewayA;sensor01→gatewayC;sensor02→gatewayA;sensor02→gatewayC;sensor03→gatewayA;sensor04→gatewayA;sensor04→gatewayC;sensor05→gatewayA;sensor06→gatewayA;sensor07→gatewayA;sensor08→gatewayA;sensor08→gatewayB;sensor09→gatewayA,False,False
2024-09,98,90,previous_month,multicover,2024-08,Feasible,12,11,1,0.7692307692307693,cd7f964ed292494d,sensor01→gatewayA;sensor01→gatewayC;sensor02→gatewayA;sensor02→gatewayC;sensor03→gatewayC;sensor04→gatewayA;sensor04→gatewayC;sensor05→gatewayA;sensor06→gatewayA;sensor07→gatewayC;sensor08→gatewayA;sensor09→gatewayA,False,False
2024-09,98,90,expanding_window,multicover,2024-02;2024-03;2024-04;2024-05;2024-06;2024-07;2024-08,Feasible,13,11,2,0.5,b895b38864b202d9,sensor01→gatewayA;sensor01→gatewayC;sensor02→gatewayA;sensor02→gatewayC;sensor03→gatewayA;sensor04→gatewayA;sensor04→gatewayC;sensor05→gatewayA;sensor06→gatewayA;sensor07→gatewayA;sensor08→gatewayA;sensor08→gatewayB;sensor09→gatewayA,False,False
2024-09,98,90,previous_month,coverage_only,2024-08,Feasible,12,11,1,0.7692307692307693,cd2c8a168b473a4f,sensor01→gatewayA;sensor01→gatewayC;sensor02→gatewayC;sensor03→gatewayC;sensor04→gatewayA;sensor04→gatewayC;sensor05→gatewayA;sensor06→gatewayA;sensor07→gatewayC;sensor08→gatewayA;sensor08→gatewayB;sensor09→gatewayA,False,False
2024-09,98,90,expanding_window,coverage_only,2024-02;2024-03;2024-04;2024-05;2024-06;2024-07;2024-08,Feasible,13,11,2,0.5,b895b38864b202d9,sensor01→gatewayA;sensor01→gatewayC;sensor02→gatewayA;sensor02→gatewayC;sensor03→gatewayA;sensor04→gatewayA;sensor04→gatewayC;sensor05→gatewayA;sensor06→gatewayA;sensor07→gatewayA;sensor08→gatewayA;sensor08→gatewayB;sensor09→gatewayA,False,False
2024-09,98,90,previous_month,exact,2024-08,Optimal,12,11,1,0.7692307692307693,cd2c8a168b473a4f,sensor01→gatewayA;sensor01→gatewayC;sensor02→gatewayC;sensor03→gatewayC;sensor04→gatewayA;sensor04→gatewayC;sensor05→gatewayA;sensor06→gatewayA;sensor07→gatewayC;sensor08→gatewayA;sensor08→gatewayB;sensor09→gatewayA,False,False
2024-09,98,90,expanding_window,exact,2024-02;2024-03;2024-04;2024-05;2024-06;2024-07;2024-08,Optimal,13,11,2,0.5,b895b38864b202d9,sensor01→gatewayA;sensor01→gatewayC;sensor02→gatewayA;sensor02→gatewayC;sensor03→gatewayA;sensor04→gatewayA;sensor04→gatewayC;sensor05→gatewayA;sensor06→gatewayA;sensor07→gatewayA;sensor08→gatewayA;sensor08→gatewayB;sensor09→gatewayA,False,False
2024-09,98,90,frozen_initial_window,proposed,2024-02;2024-03;2024-04,Feasible,14,11,3,0.5625,41373d6960c195b8,sensor01→gatewayA;sensor01→gatewayC;sensor02→gatewayA;sensor02→gatewayC;sensor03→gatewayA;sensor03→gatewayC;sensor04→gatewayA;sensor04→gatewayC;sensor05→gatewayA;sensor06→gatewayA;sensor07→gatewayA;sensor08→gatewayA;sensor08→gatewayB;sensor09→gatewayA,False,False
2024-09,98,90,frozen_initial_window,multicover,2024-02;2024-03;2024-04,Feasible,14,11,3,0.5625,41373d6960c195b8,sensor01→gatewayA;sensor01→gatewayC;sensor02→gatewayA;sensor02→gatewayC;sensor03→gatewayA;sensor03→gatewayC;sensor04→gatewayA;sensor04→gatewayC;sensor05→gatewayA;sensor06→gatewayA;sensor07→gatewayA;sensor08→gatewayA;sensor08→gatewayB;sensor09→gatewayA,False,False
2024-09,98,90,frozen_initial_window,coverage_only,2024-02;2024-03;2024-04,Feasible,14,11,3,0.5625,41373d6960c195b8,sensor01→gatewayA;sensor01→gatewayC;sensor02→gatewayA;sensor02→gatewayC;sensor03→gatewayA;sensor03→gatewayC;sensor04→gatewayA;sensor04→gatewayC;sensor05→gatewayA;sensor06→gatewayA;sensor07→gatewayA;sensor08→gatewayA;sensor08→gatewayB;sensor09→gatewayA,False,False
2024-09,98,90,retrospective_oracle,exact,2024-09,Optimal,11,11,0,1.0,369dafd623176e72,sensor01→gatewayA;sensor01→gatewayC;sensor02→gatewayC;sensor03→gatewayC;sensor04→gatewayA;sensor04→gatewayC;sensor05→gatewayC;sensor06→gatewayA;sensor07→gatewayC;sensor08→gatewayA;sensor09→gatewayA,False,False
2024-10,90,80,previous_month,proposed,2024-09,Feasible,9,9,0,0.5,df7247ee941ecdb2,sensor01→gatewayC;sensor02→gatewayC;sensor03→gatewayC;sensor04→gatewayA;sensor05→gatewayC;sensor06→gatewayA;sensor07→gatewayC;sensor08→gatewayA;sensor09→gatewayA,False,False
2024-10,90,80,expanding_window,proposed,2024-02;2024-03;2024-04;2024-05;2024-06;2024-07;2024-08;2024-09,Feasible,9,9,0,0.5,a3ace494bf9be893,sensor01→gatewayA;sensor02→gatewayC;sensor03→gatewayA;sensor04→gatewayA;sensor05→gatewayA;sensor06→gatewayA;sensor07→gatewayA;sensor08→gatewayA;sensor09→gatewayA,False,False
2024-10,90,80,previous_month,multicover,2024-09,Feasible,9,9,0,0.6363636363636364,61407d81614458de,sensor01→gatewayA;sensor02→gatewayC;sensor03→gatewayC;sensor04→gatewayA;sensor05→gatewayC;sensor06→gatewayA;sensor07→gatewayC;sensor08→gatewayA;sensor09→gatewayA,False,False
2024-10,90,80,expanding_window,multicover,2024-02;2024-03;2024-04;2024-05;2024-06;2024-07;2024-08;2024-09,Feasible,9,9,0,0.5,a3ace494bf9be893,sensor01→gatewayA;sensor02→gatewayC;sensor03→gatewayA;sensor04→gatewayA;sensor05→gatewayA;sensor06→gatewayA;sensor07→gatewayA;sensor08→gatewayA;sensor09→gatewayA,False,False
2024-10,90,80,previous_month,coverage_only,2024-09,Feasible,9,9,0,0.5,df7247ee941ecdb2,sensor01→gatewayC;sensor02→gatewayC;sensor03→gatewayC;sensor04→gatewayA;sensor05→gatewayC;sensor06→gatewayA;sensor07→gatewayC;sensor08→gatewayA;sensor09→gatewayA,False,False
2024-10,90,80,expanding_window,coverage_only,2024-02;2024-03;2024-04;2024-05;2024-06;2024-07;2024-08;2024-09,Feasible,9,9,0,0.5,a3ace494bf9be893,sensor01→gatewayA;sensor02→gatewayC;sensor03→gatewayA;sensor04→gatewayA;sensor05→gatewayA;sensor06→gatewayA;sensor07→gatewayA;sensor08→gatewayA;sensor09→gatewayA,False,False
2024-10,90,80,previous_month,exact,2024-09,Optimal,9,9,0,0.5,df7247ee941ecdb2,sensor01→gatewayC;sensor02→gatewayC;sensor03→gatewayC;sensor04→gatewayA;sensor05→gatewayC;sensor06→gatewayA;sensor07→gatewayC;sensor08→gatewayA;sensor09→gatewayA,False,False
2024-10,90,80,expanding_window,exact,2024-02;2024-03;2024-04;2024-05;2024-06;2024-07;2024-08;2024-09,Optimal,9,9,0,0.5,a3ace494bf9be893,sensor01→gatewayA;sensor02→gatewayC;sensor03→gatewayA;sensor04→gatewayA;sensor05→gatewayA;sensor06→gatewayA;sensor07→gatewayA;sensor08→gatewayA;sensor09→gatewayA,False,False
2024-10,90,80,frozen_initial_window,proposed,2024-02;2024-03;2024-04,Feasible,9,9,0,0.3846153846153846,5116df5a05fbbfe0,sensor01→gatewayA;sensor02→gatewayA;sensor03→gatewayA;sensor04→gatewayA;sensor05→gatewayA;sensor06→gatewayA;sensor07→gatewayA;sensor08→gatewayA;sensor09→gatewayA,False,False
2024-10,90,80,frozen_initial_window,multicover,2024-02;2024-03;2024-04,Feasible,9,9,0,0.3846153846153846,5116df5a05fbbfe0,sensor01→gatewayA;sensor02→gatewayA;sensor03→gatewayA;sensor04→gatewayA;sensor05→gatewayA;sensor06→gatewayA;sensor07→gatewayA;sensor08→gatewayA;sensor09→gatewayA,False,False
2024-10,90,80,frozen_initial_window,coverage_only,2024-02;2024-03;2024-04,Feasible,9,9,0,0.3846153846153846,5116df5a05fbbfe0,sensor01→gatewayA;sensor02→gatewayA;sensor03→gatewayA;sensor04→gatewayA;sensor05→gatewayA;sensor06→gatewayA;sensor07→gatewayA;sensor08→gatewayA;sensor09→gatewayA,False,False
2024-10,90,80,retrospective_oracle,exact,2024-10,Optimal,9,9,0,1.0,47454e12767c9b83,sensor01→gatewayA;sensor02→gatewayC;sensor03→gatewayC;sensor04→gatewayC;sensor05→gatewayA;sensor06→gatewayA;sensor07→gatewayC;sensor08→gatewayA;sensor09→gatewayA,False,False
2024-10,95,85,previous_month,proposed,2024-09,Feasible,9,9,0,0.5,df7247ee941ecdb2,sensor01→gatewayC;sensor02→gatewayC;sensor03→gatewayC;sensor04→gatewayA;sensor05→gatewayC;sensor06→gatewayA;sensor07→gatewayC;sensor08→gatewayA;sensor09→gatewayA,False,False
2024-10,95,85,expanding_window,proposed,2024-02;2024-03;2024-04;2024-05;2024-06;2024-07;2024-08;2024-09,Feasible,10,9,1,0.4615384615384615,653063214fd849c6,sensor01→gatewayA;sensor02→gatewayA;sensor02→gatewayC;sensor03→gatewayA;sensor04→gatewayA;sensor05→gatewayA;sensor06→gatewayA;sensor07→gatewayA;sensor08→gatewayA;sensor09→gatewayA,False,False
2024-10,95,85,previous_month,multicover,2024-09,Feasible,9,9,0,0.6363636363636364,61407d81614458de,sensor01→gatewayA;sensor02→gatewayC;sensor03→gatewayC;sensor04→gatewayA;sensor05→gatewayC;sensor06→gatewayA;sensor07→gatewayC;sensor08→gatewayA;sensor09→gatewayA,False,False
2024-10,95,85,expanding_window,multicover,2024-02;2024-03;2024-04;2024-05;2024-06;2024-07;2024-08;2024-09,Feasible,10,9,1,0.4615384615384615,653063214fd849c6,sensor01→gatewayA;sensor02→gatewayA;sensor02→gatewayC;sensor03→gatewayA;sensor04→gatewayA;sensor05→gatewayA;sensor06→gatewayA;sensor07→gatewayA;sensor08→gatewayA;sensor09→gatewayA,False,False
2024-10,95,85,previous_month,coverage_only,2024-09,Feasible,9,9,0,0.5,df7247ee941ecdb2,sensor01→gatewayC;sensor02→gatewayC;sensor03→gatewayC;sensor04→gatewayA;sensor05→gatewayC;sensor06→gatewayA;sensor07→gatewayC;sensor08→gatewayA;sensor09→gatewayA,False,False
2024-10,95,85,expanding_window,coverage_only,2024-02;2024-03;2024-04;2024-05;2024-06;2024-07;2024-08;2024-09,Feasible,10,9,1,0.4615384615384615,653063214fd849c6,sensor01→gatewayA;sensor02→gatewayA;sensor02→gatewayC;sensor03→gatewayA;sensor04→gatewayA;sensor05→gatewayA;sensor06→gatewayA;sensor07→gatewayA;sensor08→gatewayA;sensor09→gatewayA,False,False
2024-10,95,85,previous_month,exact,2024-09,Optimal,9,9,0,0.5,df7247ee941ecdb2,sensor01→gatewayC;sensor02→gatewayC;sensor03→gatewayC;sensor04→gatewayA;sensor05→gatewayC;sensor06→gatewayA;sensor07→gatewayC;sensor08→gatewayA;sensor09→gatewayA,False,False
2024-10,95,85,expanding_window,exact,2024-02;2024-03;2024-04;2024-05;2024-06;2024-07;2024-08;2024-09,Optimal,10,9,1,0.4615384615384615,653063214fd849c6,sensor01→gatewayA;sensor02→gatewayA;sensor02→gatewayC;sensor03→gatewayA;sensor04→gatewayA;sensor05→gatewayA;sensor06→gatewayA;sensor07→gatewayA;sensor08→gatewayA;sensor09→gatewayA,False,False
2024-10,95,85,frozen_initial_window,proposed,2024-02;2024-03;2024-04,Feasible,10,9,1,0.4615384615384615,653063214fd849c6,sensor01→gatewayA;sensor02→gatewayA;sensor02→gatewayC;sensor03→gatewayA;sensor04→gatewayA;sensor05→gatewayA;sensor06→gatewayA;sensor07→gatewayA;sensor08→gatewayA;sensor09→gatewayA,False,False
2024-10,95,85,frozen_initial_window,multicover,2024-02;2024-03;2024-04,Feasible,10,9,1,0.4615384615384615,653063214fd849c6,sensor01→gatewayA;sensor02→gatewayA;sensor02→gatewayC;sensor03→gatewayA;sensor04→gatewayA;sensor05→gatewayA;sensor06→gatewayA;sensor07→gatewayA;sensor08→gatewayA;sensor09→gatewayA,False,False
2024-10,95,85,frozen_initial_window,coverage_only,2024-02;2024-03;2024-04,Feasible,10,9,1,0.4615384615384615,653063214fd849c6,sensor01→gatewayA;sensor02→gatewayA;sensor02→gatewayC;sensor03→gatewayA;sensor04→gatewayA;sensor05→gatewayA;sensor06→gatewayA;sensor07→gatewayA;sensor08→gatewayA;sensor09→gatewayA,False,False
2024-10,95,85,retrospective_oracle,exact,2024-10,Optimal,9,9,0,1.0,47454e12767c9b83,sensor01→gatewayA;sensor02→gatewayC;sensor03→gatewayC;sensor04→gatewayC;sensor05→gatewayA;sensor06→gatewayA;sensor07→gatewayC;sensor08→gatewayA;sensor09→gatewayA,False,False
2024-10,98,90,previous_month,proposed,2024-09,Feasible,11,11,0,0.6923076923076923,369dafd623176e72,sensor01→gatewayA;sensor01→gatewayC;sensor02→gatewayC;sensor03→gatewayC;sensor04→gatewayA;sensor04→gatewayC;sensor05→gatewayC;sensor06→gatewayA;sensor07→gatewayC;sensor08→gatewayA;sensor09→gatewayA,False,False
2024-10,98,90,expanding_window,proposed,2024-02;2024-03;2024-04;2024-05;2024-06;2024-07;2024-08;2024-09,Feasible,13,11,2,0.5,b895b38864b202d9,sensor01→gatewayA;sensor01→gatewayC;sensor02→gatewayA;sensor02→gatewayC;sensor03→gatewayA;sensor04→gatewayA;sensor04→gatewayC;sensor05→gatewayA;sensor06→gatewayA;sensor07→gatewayA;sensor08→gatewayA;sensor08→gatewayB;sensor09→gatewayA,False,False
2024-10,98,90,previous_month,multicover,2024-09,Feasible,11,11,0,0.6923076923076923,369dafd623176e72,sensor01→gatewayA;sensor01→gatewayC;sensor02→gatewayC;sensor03→gatewayC;sensor04→gatewayA;sensor04→gatewayC;sensor05→gatewayC;sensor06→gatewayA;sensor07→gatewayC;sensor08→gatewayA;sensor09→gatewayA,False,False
2024-10,98,90,expanding_window,multicover,2024-02;2024-03;2024-04;2024-05;2024-06;2024-07;2024-08;2024-09,Feasible,13,11,2,0.5,b895b38864b202d9,sensor01→gatewayA;sensor01→gatewayC;sensor02→gatewayA;sensor02→gatewayC;sensor03→gatewayA;sensor04→gatewayA;sensor04→gatewayC;sensor05→gatewayA;sensor06→gatewayA;sensor07→gatewayA;sensor08→gatewayA;sensor08→gatewayB;sensor09→gatewayA,False,False
2024-10,98,90,previous_month,coverage_only,2024-09,Feasible,11,11,0,0.6923076923076923,369dafd623176e72,sensor01→gatewayA;sensor01→gatewayC;sensor02→gatewayC;sensor03→gatewayC;sensor04→gatewayA;sensor04→gatewayC;sensor05→gatewayC;sensor06→gatewayA;sensor07→gatewayC;sensor08→gatewayA;sensor09→gatewayA,False,False
2024-10,98,90,expanding_window,coverage_only,2024-02;2024-03;2024-04;2024-05;2024-06;2024-07;2024-08;2024-09,Feasible,13,11,2,0.5,b895b38864b202d9,sensor01→gatewayA;sensor01→gatewayC;sensor02→gatewayA;sensor02→gatewayC;sensor03→gatewayA;sensor04→gatewayA;sensor04→gatewayC;sensor05→gatewayA;sensor06→gatewayA;sensor07→gatewayA;sensor08→gatewayA;sensor08→gatewayB;sensor09→gatewayA,False,False
2024-10,98,90,previous_month,exact,2024-09,Optimal,11,11,0,0.6923076923076923,369dafd623176e72,sensor01→gatewayA;sensor01→gatewayC;sensor02→gatewayC;sensor03→gatewayC;sensor04→gatewayA;sensor04→gatewayC;sensor05→gatewayC;sensor06→gatewayA;sensor07→gatewayC;sensor08→gatewayA;sensor09→gatewayA,False,False
2024-10,98,90,expanding_window,exact,2024-02;2024-03;2024-04;2024-05;2024-06;2024-07;2024-08;2024-09,Optimal,13,11,2,0.5,b895b38864b202d9,sensor01→gatewayA;sensor01→gatewayC;sensor02→gatewayA;sensor02→gatewayC;sensor03→gatewayA;sensor04→gatewayA;sensor04→gatewayC;sensor05→gatewayA;sensor06→gatewayA;sensor07→gatewayA;sensor08→gatewayA;sensor08→gatewayB;sensor09→gatewayA,False,False
2024-10,98,90,frozen_initial_window,proposed,2024-02;2024-03;2024-04,Feasible,14,11,3,0.5625,41373d6960c195b8,sensor01→gatewayA;sensor01→gatewayC;sensor02→gatewayA;sensor02→gatewayC;sensor03→gatewayA;sensor03→gatewayC;sensor04→gatewayA;sensor04→gatewayC;sensor05→gatewayA;sensor06→gatewayA;sensor07→gatewayA;sensor08→gatewayA;sensor08→gatewayB;sensor09→gatewayA,False,False
2024-10,98,90,frozen_initial_window,multicover,2024-02;2024-03;2024-04,Feasible,14,11,3,0.5625,41373d6960c195b8,sensor01→gatewayA;sensor01→gatewayC;sensor02→gatewayA;sensor02→gatewayC;sensor03→gatewayA;sensor03→gatewayC;sensor04→gatewayA;sensor04→gatewayC;sensor05→gatewayA;sensor06→gatewayA;sensor07→gatewayA;sensor08→gatewayA;sensor08→gatewayB;sensor09→gatewayA,False,False
2024-10,98,90,frozen_initial_window,coverage_only,2024-02;2024-03;2024-04,Feasible,14,11,3,0.5625,41373d6960c195b8,sensor01→gatewayA;sensor01→gatewayC;sensor02→gatewayA;sensor02→gatewayC;sensor03→gatewayA;sensor03→gatewayC;sensor04→gatewayA;sensor04→gatewayC;sensor05→gatewayA;sensor06→gatewayA;sensor07→gatewayA;sensor08→gatewayA;sensor08→gatewayB;sensor09→gatewayA,False,False
2024-10,98,90,retrospective_oracle,exact,2024-10,Optimal,11,11,0,1.0,116bbfc59e6bf3dd,sensor01→gatewayA;sensor01→gatewayC;sensor02→gatewayC;sensor03→gatewayC;sensor04→gatewayC;sensor05→gatewayA;sensor06→gatewayA;sensor07→gatewayC;sensor08→gatewayA;sensor09→gatewayA;sensor09→gatewayB,False,False
2024-11,90,80,previous_month,proposed,2024-10,Feasible,9,9,0,1.0,47454e12767c9b83,sensor01→gatewayA;sensor02→gatewayC;sensor03→gatewayC;sensor04→gatewayC;sensor05→gatewayA;sensor06→gatewayA;sensor07→gatewayC;sensor08→gatewayA;sensor09→gatewayA,False,False
2024-11,90,80,expanding_window,proposed,2024-02;2024-03;2024-04;2024-05;2024-06;2024-07;2024-08;2024-09;2024-10,Feasible,9,9,0,0.5,a3ace494bf9be893,sensor01→gatewayA;sensor02→gatewayC;sensor03→gatewayA;sensor04→gatewayA;sensor05→gatewayA;sensor06→gatewayA;sensor07→gatewayA;sensor08→gatewayA;sensor09→gatewayA,False,False
2024-11,90,80,previous_month,multicover,2024-10,Feasible,9,9,0,1.0,47454e12767c9b83,sensor01→gatewayA;sensor02→gatewayC;sensor03→gatewayC;sensor04→gatewayC;sensor05→gatewayA;sensor06→gatewayA;sensor07→gatewayC;sensor08→gatewayA;sensor09→gatewayA,False,False
2024-11,90,80,expanding_window,multicover,2024-02;2024-03;2024-04;2024-05;2024-06;2024-07;2024-08;2024-09;2024-10,Feasible,9,9,0,0.5,a3ace494bf9be893,sensor01→gatewayA;sensor02→gatewayC;sensor03→gatewayA;sensor04→gatewayA;sensor05→gatewayA;sensor06→gatewayA;sensor07→gatewayA;sensor08→gatewayA;sensor09→gatewayA,False,False
2024-11,90,80,previous_month,coverage_only,2024-10,Feasible,9,9,0,1.0,47454e12767c9b83,sensor01→gatewayA;sensor02→gatewayC;sensor03→gatewayC;sensor04→gatewayC;sensor05→gatewayA;sensor06→gatewayA;sensor07→gatewayC;sensor08→gatewayA;sensor09→gatewayA,False,False
2024-11,90,80,expanding_window,coverage_only,2024-02;2024-03;2024-04;2024-05;2024-06;2024-07;2024-08;2024-09;2024-10,Feasible,9,9,0,0.5,a3ace494bf9be893,sensor01→gatewayA;sensor02→gatewayC;sensor03→gatewayA;sensor04→gatewayA;sensor05→gatewayA;sensor06→gatewayA;sensor07→gatewayA;sensor08→gatewayA;sensor09→gatewayA,False,False
2024-11,90,80,previous_month,exact,2024-10,Optimal,9,9,0,1.0,47454e12767c9b83,sensor01→gatewayA;sensor02→gatewayC;sensor03→gatewayC;sensor04→gatewayC;sensor05→gatewayA;sensor06→gatewayA;sensor07→gatewayC;sensor08→gatewayA;sensor09→gatewayA,False,False
2024-11,90,80,expanding_window,exact,2024-02;2024-03;2024-04;2024-05;2024-06;2024-07;2024-08;2024-09;2024-10,Optimal,9,9,0,0.5,a3ace494bf9be893,sensor01→gatewayA;sensor02→gatewayC;sensor03→gatewayA;sensor04→gatewayA;sensor05→gatewayA;sensor06→gatewayA;sensor07→gatewayA;sensor08→gatewayA;sensor09→gatewayA,False,False
2024-11,90,80,frozen_initial_window,proposed,2024-02;2024-03;2024-04,Feasible,9,9,0,0.3846153846153846,5116df5a05fbbfe0,sensor01→gatewayA;sensor02→gatewayA;sensor03→gatewayA;sensor04→gatewayA;sensor05→gatewayA;sensor06→gatewayA;sensor07→gatewayA;sensor08→gatewayA;sensor09→gatewayA,False,False
2024-11,90,80,frozen_initial_window,multicover,2024-02;2024-03;2024-04,Feasible,9,9,0,0.3846153846153846,5116df5a05fbbfe0,sensor01→gatewayA;sensor02→gatewayA;sensor03→gatewayA;sensor04→gatewayA;sensor05→gatewayA;sensor06→gatewayA;sensor07→gatewayA;sensor08→gatewayA;sensor09→gatewayA,False,False
2024-11,90,80,frozen_initial_window,coverage_only,2024-02;2024-03;2024-04,Feasible,9,9,0,0.3846153846153846,5116df5a05fbbfe0,sensor01→gatewayA;sensor02→gatewayA;sensor03→gatewayA;sensor04→gatewayA;sensor05→gatewayA;sensor06→gatewayA;sensor07→gatewayA;sensor08→gatewayA;sensor09→gatewayA,False,False
2024-11,90,80,retrospective_oracle,exact,2024-11,Optimal,9,9,0,1.0,47454e12767c9b83,sensor01→gatewayA;sensor02→gatewayC;sensor03→gatewayC;sensor04→gatewayC;sensor05→gatewayA;sensor06→gatewayA;sensor07→gatewayC;sensor08→gatewayA;sensor09→gatewayA,False,False
2024-11,95,85,previous_month,proposed,2024-10,Feasible,9,9,0,1.0,47454e12767c9b83,sensor01→gatewayA;sensor02→gatewayC;sensor03→gatewayC;sensor04→gatewayC;sensor05→gatewayA;sensor06→gatewayA;sensor07→gatewayC;sensor08→gatewayA;sensor09→gatewayA,False,False
2024-11,95,85,expanding_window,proposed,2024-02;2024-03;2024-04;2024-05;2024-06;2024-07;2024-08;2024-09;2024-10,Feasible,10,9,1,0.5833333333333334,947350bea811764a,sensor01→gatewayA;sensor02→gatewayC;sensor03→gatewayA;sensor04→gatewayA;sensor04→gatewayC;sensor05→gatewayA;sensor06→gatewayA;sensor07→gatewayA;sensor08→gatewayA;sensor09→gatewayA,False,False
2024-11,95,85,previous_month,multicover,2024-10,Feasible,9,9,0,1.0,47454e12767c9b83,sensor01→gatewayA;sensor02→gatewayC;sensor03→gatewayC;sensor04→gatewayC;sensor05→gatewayA;sensor06→gatewayA;sensor07→gatewayC;sensor08→gatewayA;sensor09→gatewayA,False,False
2024-11,95,85,expanding_window,multicover,2024-02;2024-03;2024-04;2024-05;2024-06;2024-07;2024-08;2024-09;2024-10,Feasible,10,9,1,0.4615384615384615,653063214fd849c6,sensor01→gatewayA;sensor02→gatewayA;sensor02→gatewayC;sensor03→gatewayA;sensor04→gatewayA;sensor05→gatewayA;sensor06→gatewayA;sensor07→gatewayA;sensor08→gatewayA;sensor09→gatewayA,False,False
2024-11,95,85,previous_month,coverage_only,2024-10,Feasible,9,9,0,1.0,47454e12767c9b83,sensor01→gatewayA;sensor02→gatewayC;sensor03→gatewayC;sensor04→gatewayC;sensor05→gatewayA;sensor06→gatewayA;sensor07→gatewayC;sensor08→gatewayA;sensor09→gatewayA,False,False
2024-11,95,85,expanding_window,coverage_only,2024-02;2024-03;2024-04;2024-05;2024-06;2024-07;2024-08;2024-09;2024-10,Feasible,10,9,1,0.4615384615384615,653063214fd849c6,sensor01→gatewayA;sensor02→gatewayA;sensor02→gatewayC;sensor03→gatewayA;sensor04→gatewayA;sensor05→gatewayA;sensor06→gatewayA;sensor07→gatewayA;sensor08→gatewayA;sensor09→gatewayA,False,False
2024-11,95,85,previous_month,exact,2024-10,Optimal,9,9,0,1.0,47454e12767c9b83,sensor01→gatewayA;sensor02→gatewayC;sensor03→gatewayC;sensor04→gatewayC;sensor05→gatewayA;sensor06→gatewayA;sensor07→gatewayC;sensor08→gatewayA;sensor09→gatewayA,False,False
2024-11,95,85,expanding_window,exact,2024-02;2024-03;2024-04;2024-05;2024-06;2024-07;2024-08;2024-09;2024-10,Optimal,10,9,1,0.4615384615384615,653063214fd849c6,sensor01→gatewayA;sensor02→gatewayA;sensor02→gatewayC;sensor03→gatewayA;sensor04→gatewayA;sensor05→gatewayA;sensor06→gatewayA;sensor07→gatewayA;sensor08→gatewayA;sensor09→gatewayA,False,False
2024-11,95,85,frozen_initial_window,proposed,2024-02;2024-03;2024-04,Feasible,10,9,1,0.4615384615384615,653063214fd849c6,sensor01→gatewayA;sensor02→gatewayA;sensor02→gatewayC;sensor03→gatewayA;sensor04→gatewayA;sensor05→gatewayA;sensor06→gatewayA;sensor07→gatewayA;sensor08→gatewayA;sensor09→gatewayA,False,False
2024-11,95,85,frozen_initial_window,multicover,2024-02;2024-03;2024-04,Feasible,10,9,1,0.4615384615384615,653063214fd849c6,sensor01→gatewayA;sensor02→gatewayA;sensor02→gatewayC;sensor03→gatewayA;sensor04→gatewayA;sensor05→gatewayA;sensor06→gatewayA;sensor07→gatewayA;sensor08→gatewayA;sensor09→gatewayA,False,False
2024-11,95,85,frozen_initial_window,coverage_only,2024-02;2024-03;2024-04,Feasible,10,9,1,0.4615384615384615,653063214fd849c6,sensor01→gatewayA;sensor02→gatewayA;sensor02→gatewayC;sensor03→gatewayA;sensor04→gatewayA;sensor05→gatewayA;sensor06→gatewayA;sensor07→gatewayA;sensor08→gatewayA;sensor09→gatewayA,False,False
2024-11,95,85,retrospective_oracle,exact,2024-11,Optimal,9,9,0,1.0,47454e12767c9b83,sensor01→gatewayA;sensor02→gatewayC;sensor03→gatewayC;sensor04→gatewayC;sensor05→gatewayA;sensor06→gatewayA;sensor07→gatewayC;sensor08→gatewayA;sensor09→gatewayA,False,False
2024-11,98,90,previous_month,proposed,2024-10,Feasible,11,11,0,0.8333333333333334,116bbfc59e6bf3dd,sensor01→gatewayA;sensor01→gatewayC;sensor02→gatewayC;sensor03→gatewayC;sensor04→gatewayC;sensor05→gatewayA;sensor06→gatewayA;sensor07→gatewayC;sensor08→gatewayA;sensor09→gatewayA;sensor09→gatewayB,False,False
2024-11,98,90,expanding_window,proposed,2024-02;2024-03;2024-04;2024-05;2024-06;2024-07;2024-08;2024-09;2024-10,Feasible,13,11,2,0.6,b895b38864b202d9,sensor01→gatewayA;sensor01→gatewayC;sensor02→gatewayA;sensor02→gatewayC;sensor03→gatewayA;sensor04→gatewayA;sensor04→gatewayC;sensor05→gatewayA;sensor06→gatewayA;sensor07→gatewayA;sensor08→gatewayA;sensor08→gatewayB;sensor09→gatewayA,False,False
2024-11,98,90,previous_month,multicover,2024-10,Feasible,11,11,0,0.8333333333333334,0493c480da31771a,sensor01→gatewayA;sensor01→gatewayC;sensor02→gatewayC;sensor03→gatewayC;sensor04→gatewayA;sensor04→gatewayC;sensor05→gatewayA;sensor06→gatewayA;sensor07→gatewayC;sensor08→gatewayA;sensor09→gatewayA,False,False
2024-11,98,90,expanding_window,multicover,2024-02;2024-03;2024-04;2024-05;2024-06;2024-07;2024-08;2024-09;2024-10,Feasible,13,11,2,0.6,b895b38864b202d9,sensor01→gatewayA;sensor01→gatewayC;sensor02→gatewayA;sensor02→gatewayC;sensor03→gatewayA;sensor04→gatewayA;sensor04→gatewayC;sensor05→gatewayA;sensor06→gatewayA;sensor07→gatewayA;sensor08→gatewayA;sensor08→gatewayB;sensor09→gatewayA,False,False
2024-11,98,90,previous_month,coverage_only,2024-10,Feasible,11,11,0,0.8333333333333334,0493c480da31771a,sensor01→gatewayA;sensor01→gatewayC;sensor02→gatewayC;sensor03→gatewayC;sensor04→gatewayA;sensor04→gatewayC;sensor05→gatewayA;sensor06→gatewayA;sensor07→gatewayC;sensor08→gatewayA;sensor09→gatewayA,False,False
2024-11,98,90,expanding_window,coverage_only,2024-02;2024-03;2024-04;2024-05;2024-06;2024-07;2024-08;2024-09;2024-10,Feasible,13,11,2,0.6,b895b38864b202d9,sensor01→gatewayA;sensor01→gatewayC;sensor02→gatewayA;sensor02→gatewayC;sensor03→gatewayA;sensor04→gatewayA;sensor04→gatewayC;sensor05→gatewayA;sensor06→gatewayA;sensor07→gatewayA;sensor08→gatewayA;sensor08→gatewayB;sensor09→gatewayA,False,False
2024-11,98,90,previous_month,exact,2024-10,Optimal,11,11,0,0.8333333333333334,116bbfc59e6bf3dd,sensor01→gatewayA;sensor01→gatewayC;sensor02→gatewayC;sensor03→gatewayC;sensor04→gatewayC;sensor05→gatewayA;sensor06→gatewayA;sensor07→gatewayC;sensor08→gatewayA;sensor09→gatewayA;sensor09→gatewayB,False,False
2024-11,98,90,expanding_window,exact,2024-02;2024-03;2024-04;2024-05;2024-06;2024-07;2024-08;2024-09;2024-10,Optimal,13,11,2,0.6,b895b38864b202d9,sensor01→gatewayA;sensor01→gatewayC;sensor02→gatewayA;sensor02→gatewayC;sensor03→gatewayA;sensor04→gatewayA;sensor04→gatewayC;sensor05→gatewayA;sensor06→gatewayA;sensor07→gatewayA;sensor08→gatewayA;sensor08→gatewayB;sensor09→gatewayA,False,False
2024-11,98,90,frozen_initial_window,proposed,2024-02;2024-03;2024-04,Feasible,14,11,3,0.6666666666666666,41373d6960c195b8,sensor01→gatewayA;sensor01→gatewayC;sensor02→gatewayA;sensor02→gatewayC;sensor03→gatewayA;sensor03→gatewayC;sensor04→gatewayA;sensor04→gatewayC;sensor05→gatewayA;sensor06→gatewayA;sensor07→gatewayA;sensor08→gatewayA;sensor08→gatewayB;sensor09→gatewayA,False,False
2024-11,98,90,frozen_initial_window,multicover,2024-02;2024-03;2024-04,Feasible,14,11,3,0.6666666666666666,41373d6960c195b8,sensor01→gatewayA;sensor01→gatewayC;sensor02→gatewayA;sensor02→gatewayC;sensor03→gatewayA;sensor03→gatewayC;sensor04→gatewayA;sensor04→gatewayC;sensor05→gatewayA;sensor06→gatewayA;sensor07→gatewayA;sensor08→gatewayA;sensor08→gatewayB;sensor09→gatewayA,False,False
2024-11,98,90,frozen_initial_window,coverage_only,2024-02;2024-03;2024-04,Feasible,14,11,3,0.6666666666666666,41373d6960c195b8,sensor01→gatewayA;sensor01→gatewayC;sensor02→gatewayA;sensor02→gatewayC;sensor03→gatewayA;sensor03→gatewayC;sensor04→gatewayA;sensor04→gatewayC;sensor05→gatewayA;sensor06→gatewayA;sensor07→gatewayA;sensor08→gatewayA;sensor08→gatewayB;sensor09→gatewayA,False,False
2024-11,98,90,retrospective_oracle,exact,2024-11,Optimal,11,11,0,1.0,49b672db7308a770,sensor01→gatewayA;sensor01→gatewayC;sensor02→gatewayC;sensor03→gatewayC;sensor04→gatewayC;sensor05→gatewayA;sensor06→gatewayA;sensor07→gatewayC;sensor08→gatewayA;sensor08→gatewayB;sensor09→gatewayA,False,False
2024-12,90,80,previous_month,proposed,2024-11,Feasible,9,9,0,0.8,47454e12767c9b83,sensor01→gatewayA;sensor02→gatewayC;sensor03→gatewayC;sensor04→gatewayC;sensor05→gatewayA;sensor06→gatewayA;sensor07→gatewayC;sensor08→gatewayA;sensor09→gatewayA,False,False
2024-12,90,80,expanding_window,proposed,2024-02;2024-03;2024-04;2024-05;2024-06;2024-07;2024-08;2024-09;2024-10;2024-11,Feasible,9,9,0,0.6363636363636364,a3ace494bf9be893,sensor01→gatewayA;sensor02→gatewayC;sensor03→gatewayA;sensor04→gatewayA;sensor05→gatewayA;sensor06→gatewayA;sensor07→gatewayA;sensor08→gatewayA;sensor09→gatewayA,False,False
2024-12,90,80,previous_month,multicover,2024-11,Feasible,9,9,0,0.8,47454e12767c9b83,sensor01→gatewayA;sensor02→gatewayC;sensor03→gatewayC;sensor04→gatewayC;sensor05→gatewayA;sensor06→gatewayA;sensor07→gatewayC;sensor08→gatewayA;sensor09→gatewayA,False,False
2024-12,90,80,expanding_window,multicover,2024-02;2024-03;2024-04;2024-05;2024-06;2024-07;2024-08;2024-09;2024-10;2024-11,Feasible,9,9,0,0.6363636363636364,a3ace494bf9be893,sensor01→gatewayA;sensor02→gatewayC;sensor03→gatewayA;sensor04→gatewayA;sensor05→gatewayA;sensor06→gatewayA;sensor07→gatewayA;sensor08→gatewayA;sensor09→gatewayA,False,False
2024-12,90,80,previous_month,coverage_only,2024-11,Feasible,9,9,0,0.8,47454e12767c9b83,sensor01→gatewayA;sensor02→gatewayC;sensor03→gatewayC;sensor04→gatewayC;sensor05→gatewayA;sensor06→gatewayA;sensor07→gatewayC;sensor08→gatewayA;sensor09→gatewayA,False,False
2024-12,90,80,expanding_window,coverage_only,2024-02;2024-03;2024-04;2024-05;2024-06;2024-07;2024-08;2024-09;2024-10;2024-11,Feasible,9,9,0,0.6363636363636364,a3ace494bf9be893,sensor01→gatewayA;sensor02→gatewayC;sensor03→gatewayA;sensor04→gatewayA;sensor05→gatewayA;sensor06→gatewayA;sensor07→gatewayA;sensor08→gatewayA;sensor09→gatewayA,False,False
2024-12,90,80,previous_month,exact,2024-11,Optimal,9,9,0,0.8,47454e12767c9b83,sensor01→gatewayA;sensor02→gatewayC;sensor03→gatewayC;sensor04→gatewayC;sensor05→gatewayA;sensor06→gatewayA;sensor07→gatewayC;sensor08→gatewayA;sensor09→gatewayA,False,False
2024-12,90,80,expanding_window,exact,2024-02;2024-03;2024-04;2024-05;2024-06;2024-07;2024-08;2024-09;2024-10;2024-11,Optimal,9,9,0,0.6363636363636364,a3ace494bf9be893,sensor01→gatewayA;sensor02→gatewayC;sensor03→gatewayA;sensor04→gatewayA;sensor05→gatewayA;sensor06→gatewayA;sensor07→gatewayA;sensor08→gatewayA;sensor09→gatewayA,False,False
2024-12,90,80,frozen_initial_window,proposed,2024-02;2024-03;2024-04,Feasible,9,9,0,0.5,5116df5a05fbbfe0,sensor01→gatewayA;sensor02→gatewayA;sensor03→gatewayA;sensor04→gatewayA;sensor05→gatewayA;sensor06→gatewayA;sensor07→gatewayA;sensor08→gatewayA;sensor09→gatewayA,False,False
2024-12,90,80,frozen_initial_window,multicover,2024-02;2024-03;2024-04,Feasible,9,9,0,0.5,5116df5a05fbbfe0,sensor01→gatewayA;sensor02→gatewayA;sensor03→gatewayA;sensor04→gatewayA;sensor05→gatewayA;sensor06→gatewayA;sensor07→gatewayA;sensor08→gatewayA;sensor09→gatewayA,False,False
2024-12,90,80,frozen_initial_window,coverage_only,2024-02;2024-03;2024-04,Feasible,9,9,0,0.5,5116df5a05fbbfe0,sensor01→gatewayA;sensor02→gatewayA;sensor03→gatewayA;sensor04→gatewayA;sensor05→gatewayA;sensor06→gatewayA;sensor07→gatewayA;sensor08→gatewayA;sensor09→gatewayA,False,False
2024-12,90,80,retrospective_oracle,exact,2024-12,Optimal,9,9,0,1.0,6d0e4a795f1bf86d,sensor01→gatewayA;sensor02→gatewayC;sensor03→gatewayC;sensor04→gatewayA;sensor05→gatewayA;sensor06→gatewayA;sensor07→gatewayC;sensor08→gatewayA;sensor09→gatewayA,False,False
2024-12,95,85,previous_month,proposed,2024-11,Feasible,9,9,0,0.8,47454e12767c9b83,sensor01→gatewayA;sensor02→gatewayC;sensor03→gatewayC;sensor04→gatewayC;sensor05→gatewayA;sensor06→gatewayA;sensor07→gatewayC;sensor08→gatewayA;sensor09→gatewayA,False,False
2024-12,95,85,expanding_window,proposed,2024-02;2024-03;2024-04;2024-05;2024-06;2024-07;2024-08;2024-09;2024-10;2024-11,Feasible,10,9,1,0.5833333333333334,947350bea811764a,sensor01→gatewayA;sensor02→gatewayC;sensor03→gatewayA;sensor04→gatewayA;sensor04→gatewayC;sensor05→gatewayA;sensor06→gatewayA;sensor07→gatewayA;sensor08→gatewayA;sensor09→gatewayA,False,False
2024-12,95,85,previous_month,multicover,2024-11,Feasible,9,9,0,0.8,47454e12767c9b83,sensor01→gatewayA;sensor02→gatewayC;sensor03→gatewayC;sensor04→gatewayC;sensor05→gatewayA;sensor06→gatewayA;sensor07→gatewayC;sensor08→gatewayA;sensor09→gatewayA,False,False
2024-12,95,85,expanding_window,multicover,2024-02;2024-03;2024-04;2024-05;2024-06;2024-07;2024-08;2024-09;2024-10;2024-11,Feasible,10,9,1,0.5833333333333334,653063214fd849c6,sensor01→gatewayA;sensor02→gatewayA;sensor02→gatewayC;sensor03→gatewayA;sensor04→gatewayA;sensor05→gatewayA;sensor06→gatewayA;sensor07→gatewayA;sensor08→gatewayA;sensor09→gatewayA,False,False
2024-12,95,85,previous_month,coverage_only,2024-11,Feasible,9,9,0,0.8,47454e12767c9b83,sensor01→gatewayA;sensor02→gatewayC;sensor03→gatewayC;sensor04→gatewayC;sensor05→gatewayA;sensor06→gatewayA;sensor07→gatewayC;sensor08→gatewayA;sensor09→gatewayA,False,False
2024-12,95,85,expanding_window,coverage_only,2024-02;2024-03;2024-04;2024-05;2024-06;2024-07;2024-08;2024-09;2024-10;2024-11,Feasible,10,9,1,0.5833333333333334,947350bea811764a,sensor01→gatewayA;sensor02→gatewayC;sensor03→gatewayA;sensor04→gatewayA;sensor04→gatewayC;sensor05→gatewayA;sensor06→gatewayA;sensor07→gatewayA;sensor08→gatewayA;sensor09→gatewayA,False,False
2024-12,95,85,previous_month,exact,2024-11,Optimal,9,9,0,0.8,47454e12767c9b83,sensor01→gatewayA;sensor02→gatewayC;sensor03→gatewayC;sensor04→gatewayC;sensor05→gatewayA;sensor06→gatewayA;sensor07→gatewayC;sensor08→gatewayA;sensor09→gatewayA,False,False
2024-12,95,85,expanding_window,exact,2024-02;2024-03;2024-04;2024-05;2024-06;2024-07;2024-08;2024-09;2024-10;2024-11,Optimal,10,9,1,0.5833333333333334,947350bea811764a,sensor01→gatewayA;sensor02→gatewayC;sensor03→gatewayA;sensor04→gatewayA;sensor04→gatewayC;sensor05→gatewayA;sensor06→gatewayA;sensor07→gatewayA;sensor08→gatewayA;sensor09→gatewayA,False,False
2024-12,95,85,frozen_initial_window,proposed,2024-02;2024-03;2024-04,Feasible,10,9,1,0.5833333333333334,653063214fd849c6,sensor01→gatewayA;sensor02→gatewayA;sensor02→gatewayC;sensor03→gatewayA;sensor04→gatewayA;sensor05→gatewayA;sensor06→gatewayA;sensor07→gatewayA;sensor08→gatewayA;sensor09→gatewayA,False,False
2024-12,95,85,frozen_initial_window,multicover,2024-02;2024-03;2024-04,Feasible,10,9,1,0.5833333333333334,653063214fd849c6,sensor01→gatewayA;sensor02→gatewayA;sensor02→gatewayC;sensor03→gatewayA;sensor04→gatewayA;sensor05→gatewayA;sensor06→gatewayA;sensor07→gatewayA;sensor08→gatewayA;sensor09→gatewayA,False,False
2024-12,95,85,frozen_initial_window,coverage_only,2024-02;2024-03;2024-04,Feasible,10,9,1,0.5833333333333334,653063214fd849c6,sensor01→gatewayA;sensor02→gatewayA;sensor02→gatewayC;sensor03→gatewayA;sensor04→gatewayA;sensor05→gatewayA;sensor06→gatewayA;sensor07→gatewayA;sensor08→gatewayA;sensor09→gatewayA,False,False
2024-12,95,85,retrospective_oracle,exact,2024-12,Optimal,9,9,0,1.0,6d0e4a795f1bf86d,sensor01→gatewayA;sensor02→gatewayC;sensor03→gatewayC;sensor04→gatewayA;sensor05→gatewayA;sensor06→gatewayA;sensor07→gatewayC;sensor08→gatewayA;sensor09→gatewayA,False,False
2024-12,98,90,previous_month,proposed,2024-11,Feasible,11,10,1,0.75,49b672db7308a770,sensor01→gatewayA;sensor01→gatewayC;sensor02→gatewayC;sensor03→gatewayC;sensor04→gatewayC;sensor05→gatewayA;sensor06→gatewayA;sensor07→gatewayC;sensor08→gatewayA;sensor08→gatewayB;sensor09→gatewayA,False,False
2024-12,98,90,expanding_window,proposed,2024-02;2024-03;2024-04;2024-05;2024-06;2024-07;2024-08;2024-09;2024-10;2024-11,Feasible,13,10,3,0.5333333333333333,b895b38864b202d9,sensor01→gatewayA;sensor01→gatewayC;sensor02→gatewayA;sensor02→gatewayC;sensor03→gatewayA;sensor04→gatewayA;sensor04→gatewayC;sensor05→gatewayA;sensor06→gatewayA;sensor07→gatewayA;sensor08→gatewayA;sensor08→gatewayB;sensor09→gatewayA,False,False
2024-12,98,90,previous_month,multicover,2024-11,Feasible,11,10,1,0.75,49b672db7308a770,sensor01→gatewayA;sensor01→gatewayC;sensor02→gatewayC;sensor03→gatewayC;sensor04→gatewayC;sensor05→gatewayA;sensor06→gatewayA;sensor07→gatewayC;sensor08→gatewayA;sensor08→gatewayB;sensor09→gatewayA,False,False
2024-12,98,90,expanding_window,multicover,2024-02;2024-03;2024-04;2024-05;2024-06;2024-07;2024-08;2024-09;2024-10;2024-11,Feasible,13,10,3,0.5333333333333333,b895b38864b202d9,sensor01→gatewayA;sensor01→gatewayC;sensor02→gatewayA;sensor02→gatewayC;sensor03→gatewayA;sensor04→gatewayA;sensor04→gatewayC;sensor05→gatewayA;sensor06→gatewayA;sensor07→gatewayA;sensor08→gatewayA;sensor08→gatewayB;sensor09→gatewayA,False,False
2024-12,98,90,previous_month,coverage_only,2024-11,Feasible,11,10,1,0.75,49b672db7308a770,sensor01→gatewayA;sensor01→gatewayC;sensor02→gatewayC;sensor03→gatewayC;sensor04→gatewayC;sensor05→gatewayA;sensor06→gatewayA;sensor07→gatewayC;sensor08→gatewayA;sensor08→gatewayB;sensor09→gatewayA,False,False
2024-12,98,90,expanding_window,coverage_only,2024-02;2024-03;2024-04;2024-05;2024-06;2024-07;2024-08;2024-09;2024-10;2024-11,Feasible,13,10,3,0.5333333333333333,b895b38864b202d9,sensor01→gatewayA;sensor01→gatewayC;sensor02→gatewayA;sensor02→gatewayC;sensor03→gatewayA;sensor04→gatewayA;sensor04→gatewayC;sensor05→gatewayA;sensor06→gatewayA;sensor07→gatewayA;sensor08→gatewayA;sensor08→gatewayB;sensor09→gatewayA,False,False
2024-12,98,90,previous_month,exact,2024-11,Optimal,11,10,1,0.75,49b672db7308a770,sensor01→gatewayA;sensor01→gatewayC;sensor02→gatewayC;sensor03→gatewayC;sensor04→gatewayC;sensor05→gatewayA;sensor06→gatewayA;sensor07→gatewayC;sensor08→gatewayA;sensor08→gatewayB;sensor09→gatewayA,False,False
2024-12,98,90,expanding_window,exact,2024-02;2024-03;2024-04;2024-05;2024-06;2024-07;2024-08;2024-09;2024-10;2024-11,Optimal,13,10,3,0.5333333333333333,b895b38864b202d9,sensor01→gatewayA;sensor01→gatewayC;sensor02→gatewayA;sensor02→gatewayC;sensor03→gatewayA;sensor04→gatewayA;sensor04→gatewayC;sensor05→gatewayA;sensor06→gatewayA;sensor07→gatewayA;sensor08→gatewayA;sensor08→gatewayB;sensor09→gatewayA,False,False
2024-12,98,90,frozen_initial_window,proposed,2024-02;2024-03;2024-04,Feasible,14,10,4,0.6,41373d6960c195b8,sensor01→gatewayA;sensor01→gatewayC;sensor02→gatewayA;sensor02→gatewayC;sensor03→gatewayA;sensor03→gatewayC;sensor04→gatewayA;sensor04→gatewayC;sensor05→gatewayA;sensor06→gatewayA;sensor07→gatewayA;sensor08→gatewayA;sensor08→gatewayB;sensor09→gatewayA,False,False
2024-12,98,90,frozen_initial_window,multicover,2024-02;2024-03;2024-04,Feasible,14,10,4,0.6,41373d6960c195b8,sensor01→gatewayA;sensor01→gatewayC;sensor02→gatewayA;sensor02→gatewayC;sensor03→gatewayA;sensor03→gatewayC;sensor04→gatewayA;sensor04→gatewayC;sensor05→gatewayA;sensor06→gatewayA;sensor07→gatewayA;sensor08→gatewayA;sensor08→gatewayB;sensor09→gatewayA,False,False
2024-12,98,90,frozen_initial_window,coverage_only,2024-02;2024-03;2024-04,Feasible,14,10,4,0.6,41373d6960c195b8,sensor01→gatewayA;sensor01→gatewayC;sensor02→gatewayA;sensor02→gatewayC;sensor03→gatewayA;sensor03→gatewayC;sensor04→gatewayA;sensor04→gatewayC;sensor05→gatewayA;sensor06→gatewayA;sensor07→gatewayA;sensor08→gatewayA;sensor08→gatewayB;sensor09→gatewayA,False,False
2024-12,98,90,retrospective_oracle,exact,2024-12,Optimal,10,10,0,1.0,2adfdcc54660abe9,sensor01→gatewayA;sensor02→gatewayC;sensor03→gatewayC;sensor04→gatewayA;sensor05→gatewayA;sensor06→gatewayA;sensor07→gatewayC;sensor08→gatewayA;sensor08→gatewayB;sensor09→gatewayA,False,False
2025-01,90,80,previous_month,proposed,2024-12,Feasible,9,9,0,0.6363636363636364,6d0e4a795f1bf86d,sensor01→gatewayA;sensor02→gatewayC;sensor03→gatewayC;sensor04→gatewayA;sensor05→gatewayA;sensor06→gatewayA;sensor07→gatewayC;sensor08→gatewayA;sensor09→gatewayA,False,False
2025-01,90,80,expanding_window,proposed,2024-02;2024-03;2024-04;2024-05;2024-06;2024-07;2024-08;2024-09;2024-10;2024-11;2024-12,Feasible,9,9,0,0.6363636363636364,a3ace494bf9be893,sensor01→gatewayA;sensor02→gatewayC;sensor03→gatewayA;sensor04→gatewayA;sensor05→gatewayA;sensor06→gatewayA;sensor07→gatewayA;sensor08→gatewayA;sensor09→gatewayA,False,False
2025-01,90,80,previous_month,multicover,2024-12,Feasible,9,9,0,0.6363636363636364,6d0e4a795f1bf86d,sensor01→gatewayA;sensor02→gatewayC;sensor03→gatewayC;sensor04→gatewayA;sensor05→gatewayA;sensor06→gatewayA;sensor07→gatewayC;sensor08→gatewayA;sensor09→gatewayA,False,False
2025-01,90,80,expanding_window,multicover,2024-02;2024-03;2024-04;2024-05;2024-06;2024-07;2024-08;2024-09;2024-10;2024-11;2024-12,Feasible,9,9,0,0.6363636363636364,a3ace494bf9be893,sensor01→gatewayA;sensor02→gatewayC;sensor03→gatewayA;sensor04→gatewayA;sensor05→gatewayA;sensor06→gatewayA;sensor07→gatewayA;sensor08→gatewayA;sensor09→gatewayA,False,False
2025-01,90,80,previous_month,coverage_only,2024-12,Feasible,9,9,0,0.6363636363636364,6d0e4a795f1bf86d,sensor01→gatewayA;sensor02→gatewayC;sensor03→gatewayC;sensor04→gatewayA;sensor05→gatewayA;sensor06→gatewayA;sensor07→gatewayC;sensor08→gatewayA;sensor09→gatewayA,False,False
2025-01,90,80,expanding_window,coverage_only,2024-02;2024-03;2024-04;2024-05;2024-06;2024-07;2024-08;2024-09;2024-10;2024-11;2024-12,Feasible,9,9,0,0.6363636363636364,a3ace494bf9be893,sensor01→gatewayA;sensor02→gatewayC;sensor03→gatewayA;sensor04→gatewayA;sensor05→gatewayA;sensor06→gatewayA;sensor07→gatewayA;sensor08→gatewayA;sensor09→gatewayA,False,False
2025-01,90,80,previous_month,exact,2024-12,Optimal,9,9,0,0.6363636363636364,6d0e4a795f1bf86d,sensor01→gatewayA;sensor02→gatewayC;sensor03→gatewayC;sensor04→gatewayA;sensor05→gatewayA;sensor06→gatewayA;sensor07→gatewayC;sensor08→gatewayA;sensor09→gatewayA,False,False
2025-01,90,80,expanding_window,exact,2024-02;2024-03;2024-04;2024-05;2024-06;2024-07;2024-08;2024-09;2024-10;2024-11;2024-12,Optimal,9,9,0,0.6363636363636364,a3ace494bf9be893,sensor01→gatewayA;sensor02→gatewayC;sensor03→gatewayA;sensor04→gatewayA;sensor05→gatewayA;sensor06→gatewayA;sensor07→gatewayA;sensor08→gatewayA;sensor09→gatewayA,False,False
2025-01,90,80,frozen_initial_window,proposed,2024-02;2024-03;2024-04,Feasible,9,9,0,0.5,5116df5a05fbbfe0,sensor01→gatewayA;sensor02→gatewayA;sensor03→gatewayA;sensor04→gatewayA;sensor05→gatewayA;sensor06→gatewayA;sensor07→gatewayA;sensor08→gatewayA;sensor09→gatewayA,False,False
2025-01,90,80,frozen_initial_window,multicover,2024-02;2024-03;2024-04,Feasible,9,9,0,0.5,5116df5a05fbbfe0,sensor01→gatewayA;sensor02→gatewayA;sensor03→gatewayA;sensor04→gatewayA;sensor05→gatewayA;sensor06→gatewayA;sensor07→gatewayA;sensor08→gatewayA;sensor09→gatewayA,False,False
2025-01,90,80,frozen_initial_window,coverage_only,2024-02;2024-03;2024-04,Feasible,9,9,0,0.5,5116df5a05fbbfe0,sensor01→gatewayA;sensor02→gatewayA;sensor03→gatewayA;sensor04→gatewayA;sensor05→gatewayA;sensor06→gatewayA;sensor07→gatewayA;sensor08→gatewayA;sensor09→gatewayA,False,False
2025-01,90,80,retrospective_oracle,exact,2025-01,Optimal,9,9,0,1.0,2d610032a3e50ee7,sensor01→gatewayA;sensor02→gatewayC;sensor03→gatewayC;sensor04→gatewayC;sensor05→gatewayA;sensor06→gatewayA;sensor07→gatewayA;sensor08→gatewayA;sensor09→gatewayA,False,False
2025-01,95,85,previous_month,proposed,2024-12,Feasible,9,9,0,0.6363636363636364,6d0e4a795f1bf86d,sensor01→gatewayA;sensor02→gatewayC;sensor03→gatewayC;sensor04→gatewayA;sensor05→gatewayA;sensor06→gatewayA;sensor07→gatewayC;sensor08→gatewayA;sensor09→gatewayA,False,False
2025-01,95,85,expanding_window,proposed,2024-02;2024-03;2024-04;2024-05;2024-06;2024-07;2024-08;2024-09;2024-10;2024-11;2024-12,Feasible,10,9,1,0.7272727272727273,947350bea811764a,sensor01→gatewayA;sensor02→gatewayC;sensor03→gatewayA;sensor04→gatewayA;sensor04→gatewayC;sensor05→gatewayA;sensor06→gatewayA;sensor07→gatewayA;sensor08→gatewayA;sensor09→gatewayA,False,False
2025-01,95,85,previous_month,multicover,2024-12,Feasible,9,9,0,0.6363636363636364,6d0e4a795f1bf86d,sensor01→gatewayA;sensor02→gatewayC;sensor03→gatewayC;sensor04→gatewayA;sensor05→gatewayA;sensor06→gatewayA;sensor07→gatewayC;sensor08→gatewayA;sensor09→gatewayA,False,False
2025-01,95,85,expanding_window,multicover,2024-02;2024-03;2024-04;2024-05;2024-06;2024-07;2024-08;2024-09;2024-10;2024-11;2024-12,Feasible,10,9,1,0.5833333333333334,00dd8567cdb1d3d3,sensor01→gatewayA;sensor01→gatewayC;sensor02→gatewayC;sensor03→gatewayA;sensor04→gatewayA;sensor05→gatewayA;sensor06→gatewayA;sensor07→gatewayA;sensor08→gatewayA;sensor09→gatewayA,False,False
2025-01,95,85,previous_month,coverage_only,2024-12,Feasible,9,9,0,0.6363636363636364,6d0e4a795f1bf86d,sensor01→gatewayA;sensor02→gatewayC;sensor03→gatewayC;sensor04→gatewayA;sensor05→gatewayA;sensor06→gatewayA;sensor07→gatewayC;sensor08→gatewayA;sensor09→gatewayA,False,False
2025-01,95,85,expanding_window,coverage_only,2024-02;2024-03;2024-04;2024-05;2024-06;2024-07;2024-08;2024-09;2024-10;2024-11;2024-12,Feasible,10,9,1,0.7272727272727273,947350bea811764a,sensor01→gatewayA;sensor02→gatewayC;sensor03→gatewayA;sensor04→gatewayA;sensor04→gatewayC;sensor05→gatewayA;sensor06→gatewayA;sensor07→gatewayA;sensor08→gatewayA;sensor09→gatewayA,False,False
2025-01,95,85,previous_month,exact,2024-12,Optimal,9,9,0,0.6363636363636364,6d0e4a795f1bf86d,sensor01→gatewayA;sensor02→gatewayC;sensor03→gatewayC;sensor04→gatewayA;sensor05→gatewayA;sensor06→gatewayA;sensor07→gatewayC;sensor08→gatewayA;sensor09→gatewayA,False,False
2025-01,95,85,expanding_window,exact,2024-02;2024-03;2024-04;2024-05;2024-06;2024-07;2024-08;2024-09;2024-10;2024-11;2024-12,Optimal,10,9,1,0.7272727272727273,947350bea811764a,sensor01→gatewayA;sensor02→gatewayC;sensor03→gatewayA;sensor04→gatewayA;sensor04→gatewayC;sensor05→gatewayA;sensor06→gatewayA;sensor07→gatewayA;sensor08→gatewayA;sensor09→gatewayA,False,False
2025-01,95,85,frozen_initial_window,proposed,2024-02;2024-03;2024-04,Feasible,10,9,1,0.5833333333333334,653063214fd849c6,sensor01→gatewayA;sensor02→gatewayA;sensor02→gatewayC;sensor03→gatewayA;sensor04→gatewayA;sensor05→gatewayA;sensor06→gatewayA;sensor07→gatewayA;sensor08→gatewayA;sensor09→gatewayA,False,False
2025-01,95,85,frozen_initial_window,multicover,2024-02;2024-03;2024-04,Feasible,10,9,1,0.5833333333333334,653063214fd849c6,sensor01→gatewayA;sensor02→gatewayA;sensor02→gatewayC;sensor03→gatewayA;sensor04→gatewayA;sensor05→gatewayA;sensor06→gatewayA;sensor07→gatewayA;sensor08→gatewayA;sensor09→gatewayA,False,False
2025-01,95,85,frozen_initial_window,coverage_only,2024-02;2024-03;2024-04,Feasible,10,9,1,0.5833333333333334,653063214fd849c6,sensor01→gatewayA;sensor02→gatewayA;sensor02→gatewayC;sensor03→gatewayA;sensor04→gatewayA;sensor05→gatewayA;sensor06→gatewayA;sensor07→gatewayA;sensor08→gatewayA;sensor09→gatewayA,False,False
2025-01,95,85,retrospective_oracle,exact,2025-01,Optimal,9,9,0,1.0,2d610032a3e50ee7,sensor01→gatewayA;sensor02→gatewayC;sensor03→gatewayC;sensor04→gatewayC;sensor05→gatewayA;sensor06→gatewayA;sensor07→gatewayA;sensor08→gatewayA;sensor09→gatewayA,False,False
2025-01,98,90,previous_month,proposed,2024-12,Feasible,10,12,-2,0.6923076923076923,2adfdcc54660abe9,sensor01→gatewayA;sensor02→gatewayC;sensor03→gatewayC;sensor04→gatewayA;sensor05→gatewayA;sensor06→gatewayA;sensor07→gatewayC;sensor08→gatewayA;sensor08→gatewayB;sensor09→gatewayA,False,False
2025-01,98,90,expanding_window,proposed,2024-02;2024-03;2024-04;2024-05;2024-06;2024-07;2024-08;2024-09;2024-10;2024-11;2024-12,Feasible,13,12,1,0.7857142857142857,b895b38864b202d9,sensor01→gatewayA;sensor01→gatewayC;sensor02→gatewayA;sensor02→gatewayC;sensor03→gatewayA;sensor04→gatewayA;sensor04→gatewayC;sensor05→gatewayA;sensor06→gatewayA;sensor07→gatewayA;sensor08→gatewayA;sensor08→gatewayB;sensor09→gatewayA,False,False
2025-01,98,90,previous_month,multicover,2024-12,Feasible,10,12,-2,0.6923076923076923,2adfdcc54660abe9,sensor01→gatewayA;sensor02→gatewayC;sensor03→gatewayC;sensor04→gatewayA;sensor05→gatewayA;sensor06→gatewayA;sensor07→gatewayC;sensor08→gatewayA;sensor08→gatewayB;sensor09→gatewayA,False,False
2025-01,98,90,expanding_window,multicover,2024-02;2024-03;2024-04;2024-05;2024-06;2024-07;2024-08;2024-09;2024-10;2024-11;2024-12,Feasible,13,12,1,0.7857142857142857,b895b38864b202d9,sensor01→gatewayA;sensor01→gatewayC;sensor02→gatewayA;sensor02→gatewayC;sensor03→gatewayA;sensor04→gatewayA;sensor04→gatewayC;sensor05→gatewayA;sensor06→gatewayA;sensor07→gatewayA;sensor08→gatewayA;sensor08→gatewayB;sensor09→gatewayA,False,False
2025-01,98,90,previous_month,coverage_only,2024-12,Feasible,10,12,-2,0.6923076923076923,2adfdcc54660abe9,sensor01→gatewayA;sensor02→gatewayC;sensor03→gatewayC;sensor04→gatewayA;sensor05→gatewayA;sensor06→gatewayA;sensor07→gatewayC;sensor08→gatewayA;sensor08→gatewayB;sensor09→gatewayA,False,False
2025-01,98,90,expanding_window,coverage_only,2024-02;2024-03;2024-04;2024-05;2024-06;2024-07;2024-08;2024-09;2024-10;2024-11;2024-12,Feasible,13,12,1,0.7857142857142857,b895b38864b202d9,sensor01→gatewayA;sensor01→gatewayC;sensor02→gatewayA;sensor02→gatewayC;sensor03→gatewayA;sensor04→gatewayA;sensor04→gatewayC;sensor05→gatewayA;sensor06→gatewayA;sensor07→gatewayA;sensor08→gatewayA;sensor08→gatewayB;sensor09→gatewayA,False,False
2025-01,98,90,previous_month,exact,2024-12,Optimal,10,12,-2,0.6923076923076923,2adfdcc54660abe9,sensor01→gatewayA;sensor02→gatewayC;sensor03→gatewayC;sensor04→gatewayA;sensor05→gatewayA;sensor06→gatewayA;sensor07→gatewayC;sensor08→gatewayA;sensor08→gatewayB;sensor09→gatewayA,False,False
2025-01,98,90,expanding_window,exact,2024-02;2024-03;2024-04;2024-05;2024-06;2024-07;2024-08;2024-09;2024-10;2024-11;2024-12,Optimal,13,12,1,0.7857142857142857,b895b38864b202d9,sensor01→gatewayA;sensor01→gatewayC;sensor02→gatewayA;sensor02→gatewayC;sensor03→gatewayA;sensor04→gatewayA;sensor04→gatewayC;sensor05→gatewayA;sensor06→gatewayA;sensor07→gatewayA;sensor08→gatewayA;sensor08→gatewayB;sensor09→gatewayA,False,False
2025-01,98,90,frozen_initial_window,proposed,2024-02;2024-03;2024-04,Feasible,14,12,2,0.8571428571428571,41373d6960c195b8,sensor01→gatewayA;sensor01→gatewayC;sensor02→gatewayA;sensor02→gatewayC;sensor03→gatewayA;sensor03→gatewayC;sensor04→gatewayA;sensor04→gatewayC;sensor05→gatewayA;sensor06→gatewayA;sensor07→gatewayA;sensor08→gatewayA;sensor08→gatewayB;sensor09→gatewayA,False,False
2025-01,98,90,frozen_initial_window,multicover,2024-02;2024-03;2024-04,Feasible,14,12,2,0.8571428571428571,41373d6960c195b8,sensor01→gatewayA;sensor01→gatewayC;sensor02→gatewayA;sensor02→gatewayC;sensor03→gatewayA;sensor03→gatewayC;sensor04→gatewayA;sensor04→gatewayC;sensor05→gatewayA;sensor06→gatewayA;sensor07→gatewayA;sensor08→gatewayA;sensor08→gatewayB;sensor09→gatewayA,False,False
2025-01,98,90,frozen_initial_window,coverage_only,2024-02;2024-03;2024-04,Feasible,14,12,2,0.8571428571428571,41373d6960c195b8,sensor01→gatewayA;sensor01→gatewayC;sensor02→gatewayA;sensor02→gatewayC;sensor03→gatewayA;sensor03→gatewayC;sensor04→gatewayA;sensor04→gatewayC;sensor05→gatewayA;sensor06→gatewayA;sensor07→gatewayA;sensor08→gatewayA;sensor08→gatewayB;sensor09→gatewayA,False,False
2025-01,98,90,retrospective_oracle,exact,2025-01,Optimal,12,12,0,1.0,bad09bf65c2cefba,sensor01→gatewayA;sensor01→gatewayC;sensor02→gatewayC;sensor03→gatewayC;sensor04→gatewayA;sensor04→gatewayC;sensor05→gatewayA;sensor06→gatewayA;sensor07→gatewayA;sensor08→gatewayA;sensor08→gatewayB;sensor09→gatewayA,False,False
2025-02,90,80,previous_month,proposed,2025-01,Feasible,9,9,0,0.6363636363636364,2d610032a3e50ee7,sensor01→gatewayA;sensor02→gatewayC;sensor03→gatewayC;sensor04→gatewayC;sensor05→gatewayA;sensor06→gatewayA;sensor07→gatewayA;sensor08→gatewayA;sensor09→gatewayA,False,False
2025-02,90,80,expanding_window,proposed,2024-02;2024-03;2024-04;2024-05;2024-06;2024-07;2024-08;2024-09;2024-10;2024-11;2024-12;2025-01,Feasible,9,9,0,0.6363636363636364,a3ace494bf9be893,sensor01→gatewayA;sensor02→gatewayC;sensor03→gatewayA;sensor04→gatewayA;sensor05→gatewayA;sensor06→gatewayA;sensor07→gatewayA;sensor08→gatewayA;sensor09→gatewayA,False,False
2025-02,90,80,previous_month,multicover,2025-01,Feasible,9,9,0,0.6363636363636364,2d610032a3e50ee7,sensor01→gatewayA;sensor02→gatewayC;sensor03→gatewayC;sensor04→gatewayC;sensor05→gatewayA;sensor06→gatewayA;sensor07→gatewayA;sensor08→gatewayA;sensor09→gatewayA,False,False
2025-02,90,80,expanding_window,multicover,2024-02;2024-03;2024-04;2024-05;2024-06;2024-07;2024-08;2024-09;2024-10;2024-11;2024-12;2025-01,Feasible,9,9,0,0.6363636363636364,a3ace494bf9be893,sensor01→gatewayA;sensor02→gatewayC;sensor03→gatewayA;sensor04→gatewayA;sensor05→gatewayA;sensor06→gatewayA;sensor07→gatewayA;sensor08→gatewayA;sensor09→gatewayA,False,False
2025-02,90,80,previous_month,coverage_only,2025-01,Feasible,9,9,0,0.6363636363636364,2d610032a3e50ee7,sensor01→gatewayA;sensor02→gatewayC;sensor03→gatewayC;sensor04→gatewayC;sensor05→gatewayA;sensor06→gatewayA;sensor07→gatewayA;sensor08→gatewayA;sensor09→gatewayA,False,False
2025-02,90,80,expanding_window,coverage_only,2024-02;2024-03;2024-04;2024-05;2024-06;2024-07;2024-08;2024-09;2024-10;2024-11;2024-12;2025-01,Feasible,9,9,0,0.6363636363636364,a3ace494bf9be893,sensor01→gatewayA;sensor02→gatewayC;sensor03→gatewayA;sensor04→gatewayA;sensor05→gatewayA;sensor06→gatewayA;sensor07→gatewayA;sensor08→gatewayA;sensor09→gatewayA,False,False
2025-02,90,80,previous_month,exact,2025-01,Optimal,9,9,0,0.6363636363636364,2d610032a3e50ee7,sensor01→gatewayA;sensor02→gatewayC;sensor03→gatewayC;sensor04→gatewayC;sensor05→gatewayA;sensor06→gatewayA;sensor07→gatewayA;sensor08→gatewayA;sensor09→gatewayA,False,False
2025-02,90,80,expanding_window,exact,2024-02;2024-03;2024-04;2024-05;2024-06;2024-07;2024-08;2024-09;2024-10;2024-11;2024-12;2025-01,Optimal,9,9,0,0.6363636363636364,a3ace494bf9be893,sensor01→gatewayA;sensor02→gatewayC;sensor03→gatewayA;sensor04→gatewayA;sensor05→gatewayA;sensor06→gatewayA;sensor07→gatewayA;sensor08→gatewayA;sensor09→gatewayA,False,False
2025-02,90,80,frozen_initial_window,proposed,2024-02;2024-03;2024-04,Feasible,9,9,0,0.5,5116df5a05fbbfe0,sensor01→gatewayA;sensor02→gatewayA;sensor03→gatewayA;sensor04→gatewayA;sensor05→gatewayA;sensor06→gatewayA;sensor07→gatewayA;sensor08→gatewayA;sensor09→gatewayA,False,False
2025-02,90,80,frozen_initial_window,multicover,2024-02;2024-03;2024-04,Feasible,9,9,0,0.5,5116df5a05fbbfe0,sensor01→gatewayA;sensor02→gatewayA;sensor03→gatewayA;sensor04→gatewayA;sensor05→gatewayA;sensor06→gatewayA;sensor07→gatewayA;sensor08→gatewayA;sensor09→gatewayA,False,False
2025-02,90,80,frozen_initial_window,coverage_only,2024-02;2024-03;2024-04,Feasible,9,9,0,0.5,5116df5a05fbbfe0,sensor01→gatewayA;sensor02→gatewayA;sensor03→gatewayA;sensor04→gatewayA;sensor05→gatewayA;sensor06→gatewayA;sensor07→gatewayA;sensor08→gatewayA;sensor09→gatewayA,False,False
2025-02,90,80,retrospective_oracle,exact,2025-02,Optimal,9,9,0,1.0,823aa75312ac599f,sensor01→gatewayA;sensor02→gatewayC;sensor03→gatewayC;sensor04→gatewayA;sensor05→gatewayC;sensor06→gatewayA;sensor07→gatewayA;sensor08→gatewayA;sensor09→gatewayA,False,False
2025-02,95,85,previous_month,proposed,2025-01,Feasible,9,9,0,0.6363636363636364,2d610032a3e50ee7,sensor01→gatewayA;sensor02→gatewayC;sensor03→gatewayC;sensor04→gatewayC;sensor05→gatewayA;sensor06→gatewayA;sensor07→gatewayA;sensor08→gatewayA;sensor09→gatewayA,False,False
2025-02,95,85,expanding_window,proposed,2024-02;2024-03;2024-04;2024-05;2024-06;2024-07;2024-08;2024-09;2024-10;2024-11;2024-12;2025-01,Feasible,10,9,1,0.5833333333333334,947350bea811764a,sensor01→gatewayA;sensor02→gatewayC;sensor03→gatewayA;sensor04→gatewayA;sensor04→gatewayC;sensor05→gatewayA;sensor06→gatewayA;sensor07→gatewayA;sensor08→gatewayA;sensor09→gatewayA,False,False
2025-02,95,85,previous_month,multicover,2025-01,Feasible,9,9,0,0.6363636363636364,2d610032a3e50ee7,sensor01→gatewayA;sensor02→gatewayC;sensor03→gatewayC;sensor04→gatewayC;sensor05→gatewayA;sensor06→gatewayA;sensor07→gatewayA;sensor08→gatewayA;sensor09→gatewayA,False,False
2025-02,95,85,expanding_window,multicover,2024-02;2024-03;2024-04;2024-05;2024-06;2024-07;2024-08;2024-09;2024-10;2024-11;2024-12;2025-01,Feasible,10,9,1,0.5833333333333334,00dd8567cdb1d3d3,sensor01→gatewayA;sensor01→gatewayC;sensor02→gatewayC;sensor03→gatewayA;sensor04→gatewayA;sensor05→gatewayA;sensor06→gatewayA;sensor07→gatewayA;sensor08→gatewayA;sensor09→gatewayA,False,False
2025-02,95,85,previous_month,coverage_only,2025-01,Feasible,9,9,0,0.6363636363636364,2d610032a3e50ee7,sensor01→gatewayA;sensor02→gatewayC;sensor03→gatewayC;sensor04→gatewayC;sensor05→gatewayA;sensor06→gatewayA;sensor07→gatewayA;sensor08→gatewayA;sensor09→gatewayA,False,False
2025-02,95,85,expanding_window,coverage_only,2024-02;2024-03;2024-04;2024-05;2024-06;2024-07;2024-08;2024-09;2024-10;2024-11;2024-12;2025-01,Feasible,10,9,1,0.5833333333333334,947350bea811764a,sensor01→gatewayA;sensor02→gatewayC;sensor03→gatewayA;sensor04→gatewayA;sensor04→gatewayC;sensor05→gatewayA;sensor06→gatewayA;sensor07→gatewayA;sensor08→gatewayA;sensor09→gatewayA,False,False
2025-02,95,85,previous_month,exact,2025-01,Optimal,9,9,0,0.6363636363636364,2d610032a3e50ee7,sensor01→gatewayA;sensor02→gatewayC;sensor03→gatewayC;sensor04→gatewayC;sensor05→gatewayA;sensor06→gatewayA;sensor07→gatewayA;sensor08→gatewayA;sensor09→gatewayA,False,False
2025-02,95,85,expanding_window,exact,2024-02;2024-03;2024-04;2024-05;2024-06;2024-07;2024-08;2024-09;2024-10;2024-11;2024-12;2025-01,Optimal,10,9,1,0.5833333333333334,947350bea811764a,sensor01→gatewayA;sensor02→gatewayC;sensor03→gatewayA;sensor04→gatewayA;sensor04→gatewayC;sensor05→gatewayA;sensor06→gatewayA;sensor07→gatewayA;sensor08→gatewayA;sensor09→gatewayA,False,False
2025-02,95,85,frozen_initial_window,proposed,2024-02;2024-03;2024-04,Feasible,10,9,1,0.5833333333333334,653063214fd849c6,sensor01→gatewayA;sensor02→gatewayA;sensor02→gatewayC;sensor03→gatewayA;sensor04→gatewayA;sensor05→gatewayA;sensor06→gatewayA;sensor07→gatewayA;sensor08→gatewayA;sensor09→gatewayA,False,False
2025-02,95,85,frozen_initial_window,multicover,2024-02;2024-03;2024-04,Feasible,10,9,1,0.5833333333333334,653063214fd849c6,sensor01→gatewayA;sensor02→gatewayA;sensor02→gatewayC;sensor03→gatewayA;sensor04→gatewayA;sensor05→gatewayA;sensor06→gatewayA;sensor07→gatewayA;sensor08→gatewayA;sensor09→gatewayA,False,False
2025-02,95,85,frozen_initial_window,coverage_only,2024-02;2024-03;2024-04,Feasible,10,9,1,0.5833333333333334,653063214fd849c6,sensor01→gatewayA;sensor02→gatewayA;sensor02→gatewayC;sensor03→gatewayA;sensor04→gatewayA;sensor05→gatewayA;sensor06→gatewayA;sensor07→gatewayA;sensor08→gatewayA;sensor09→gatewayA,False,False
2025-02,95,85,retrospective_oracle,exact,2025-02,Optimal,9,9,0,1.0,823aa75312ac599f,sensor01→gatewayA;sensor02→gatewayC;sensor03→gatewayC;sensor04→gatewayA;sensor05→gatewayC;sensor06→gatewayA;sensor07→gatewayA;sensor08→gatewayA;sensor09→gatewayA,False,False
2025-02,98,90,previous_month,proposed,2025-01,Feasible,12,12,0,0.7142857142857143,bad09bf65c2cefba,sensor01→gatewayA;sensor01→gatewayC;sensor02→gatewayC;sensor03→gatewayC;sensor04→gatewayA;sensor04→gatewayC;sensor05→gatewayA;sensor06→gatewayA;sensor07→gatewayA;sensor08→gatewayA;sensor08→gatewayB;sensor09→gatewayA,False,False
2025-02,98,90,expanding_window,proposed,2024-02;2024-03;2024-04;2024-05;2024-06;2024-07;2024-08;2024-09;2024-10;2024-11;2024-12;2025-01,Feasible,14,12,2,0.625,41373d6960c195b8,sensor01→gatewayA;sensor01→gatewayC;sensor02→gatewayA;sensor02→gatewayC;sensor03→gatewayA;sensor03→gatewayC;sensor04→gatewayA;sensor04→gatewayC;sensor05→gatewayA;sensor06→gatewayA;sensor07→gatewayA;sensor08→gatewayA;sensor08→gatewayB;sensor09→gatewayA,False,False
2025-02,98,90,previous_month,multicover,2025-01,Feasible,12,12,0,0.8461538461538461,a129a57a9d246b14,sensor01→gatewayA;sensor01→gatewayC;sensor02→gatewayC;sensor03→gatewayC;sensor04→gatewayA;sensor04→gatewayC;sensor05→gatewayA;sensor05→gatewayC;sensor06→gatewayA;sensor07→gatewayA;sensor08→gatewayA;sensor09→gatewayA,False,False
2025-02,98,90,expanding_window,multicover,2024-02;2024-03;2024-04;2024-05;2024-06;2024-07;2024-08;2024-09;2024-10;2024-11;2024-12;2025-01,Feasible,14,12,2,0.7333333333333333,ba90cfe0ea4dbeca,sensor01→gatewayA;sensor01→gatewayC;sensor02→gatewayA;sensor02→gatewayC;sensor03→gatewayA;sensor03→gatewayC;sensor04→gatewayA;sensor04→gatewayC;sensor05→gatewayA;sensor05→gatewayC;sensor06→gatewayA;sensor07→gatewayA;sensor08→gatewayA;sensor09→gatewayA,False,False
2025-02,98,90,previous_month,coverage_only,2025-01,Feasible,12,12,0,0.7142857142857143,bad09bf65c2cefba,sensor01→gatewayA;sensor01→gatewayC;sensor02→gatewayC;sensor03→gatewayC;sensor04→gatewayA;sensor04→gatewayC;sensor05→gatewayA;sensor06→gatewayA;sensor07→gatewayA;sensor08→gatewayA;sensor08→gatewayB;sensor09→gatewayA,False,False
2025-02,98,90,expanding_window,coverage_only,2024-02;2024-03;2024-04;2024-05;2024-06;2024-07;2024-08;2024-09;2024-10;2024-11;2024-12;2025-01,Feasible,14,12,2,0.625,41373d6960c195b8,sensor01→gatewayA;sensor01→gatewayC;sensor02→gatewayA;sensor02→gatewayC;sensor03→gatewayA;sensor03→gatewayC;sensor04→gatewayA;sensor04→gatewayC;sensor05→gatewayA;sensor06→gatewayA;sensor07→gatewayA;sensor08→gatewayA;sensor08→gatewayB;sensor09→gatewayA,False,False
2025-02,98,90,previous_month,exact,2025-01,Optimal,12,12,0,0.7142857142857143,bad09bf65c2cefba,sensor01→gatewayA;sensor01→gatewayC;sensor02→gatewayC;sensor03→gatewayC;sensor04→gatewayA;sensor04→gatewayC;sensor05→gatewayA;sensor06→gatewayA;sensor07→gatewayA;sensor08→gatewayA;sensor08→gatewayB;sensor09→gatewayA,False,False
2025-02,98,90,expanding_window,exact,2024-02;2024-03;2024-04;2024-05;2024-06;2024-07;2024-08;2024-09;2024-10;2024-11;2024-12;2025-01,Optimal,14,12,2,0.625,41373d6960c195b8,sensor01→gatewayA;sensor01→gatewayC;sensor02→gatewayA;sensor02→gatewayC;sensor03→gatewayA;sensor03→gatewayC;sensor04→gatewayA;sensor04→gatewayC;sensor05→gatewayA;sensor06→gatewayA;sensor07→gatewayA;sensor08→gatewayA;sensor08→gatewayB;sensor09→gatewayA,False,False
2025-02,98,90,frozen_initial_window,proposed,2024-02;2024-03;2024-04,Feasible,14,12,2,0.625,41373d6960c195b8,sensor01→gatewayA;sensor01→gatewayC;sensor02→gatewayA;sensor02→gatewayC;sensor03→gatewayA;sensor03→gatewayC;sensor04→gatewayA;sensor04→gatewayC;sensor05→gatewayA;sensor06→gatewayA;sensor07→gatewayA;sensor08→gatewayA;sensor08→gatewayB;sensor09→gatewayA,False,False
2025-02,98,90,frozen_initial_window,multicover,2024-02;2024-03;2024-04,Feasible,14,12,2,0.625,41373d6960c195b8,sensor01→gatewayA;sensor01→gatewayC;sensor02→gatewayA;sensor02→gatewayC;sensor03→gatewayA;sensor03→gatewayC;sensor04→gatewayA;sensor04→gatewayC;sensor05→gatewayA;sensor06→gatewayA;sensor07→gatewayA;sensor08→gatewayA;sensor08→gatewayB;sensor09→gatewayA,False,False
2025-02,98,90,frozen_initial_window,coverage_only,2024-02;2024-03;2024-04,Feasible,14,12,2,0.625,41373d6960c195b8,sensor01→gatewayA;sensor01→gatewayC;sensor02→gatewayA;sensor02→gatewayC;sensor03→gatewayA;sensor03→gatewayC;sensor04→gatewayA;sensor04→gatewayC;sensor05→gatewayA;sensor06→gatewayA;sensor07→gatewayA;sensor08→gatewayA;sensor08→gatewayB;sensor09→gatewayA,False,False
2025-02,98,90,retrospective_oracle,exact,2025-02,Optimal,12,12,0,1.0,6ac371b889d7d8c1,sensor01→gatewayA;sensor01→gatewayC;sensor02→gatewayC;sensor03→gatewayC;sensor04→gatewayA;sensor04→gatewayC;sensor05→gatewayC;sensor06→gatewayA;sensor07→gatewayA;sensor07→gatewayC;sensor08→gatewayA;sensor09→gatewayA,False,False
2025-03,90,80,previous_month,proposed,2025-02,Feasible,9,9,0,0.5,823aa75312ac599f,sensor01→gatewayA;sensor02→gatewayC;sensor03→gatewayC;sensor04→gatewayA;sensor05→gatewayC;sensor06→gatewayA;sensor07→gatewayA;sensor08→gatewayA;sensor09→gatewayA,False,False
2025-03,90,80,expanding_window,proposed,2024-02;2024-03;2024-04;2024-05;2024-06;2024-07;2024-08;2024-09;2024-10;2024-11;2024-12;2025-01;2025-02,Feasible,9,9,0,0.5,a3ace494bf9be893,sensor01→gatewayA;sensor02→gatewayC;sensor03→gatewayA;sensor04→gatewayA;sensor05→gatewayA;sensor06→gatewayA;sensor07→gatewayA;sensor08→gatewayA;sensor09→gatewayA,False,False
2025-03,90,80,previous_month,multicover,2025-02,Feasible,9,9,0,0.5,823aa75312ac599f,sensor01→gatewayA;sensor02→gatewayC;sensor03→gatewayC;sensor04→gatewayA;sensor05→gatewayC;sensor06→gatewayA;sensor07→gatewayA;sensor08→gatewayA;sensor09→gatewayA,False,False
2025-03,90,80,expanding_window,multicover,2024-02;2024-03;2024-04;2024-05;2024-06;2024-07;2024-08;2024-09;2024-10;2024-11;2024-12;2025-01;2025-02,Feasible,9,9,0,0.5,a3ace494bf9be893,sensor01→gatewayA;sensor02→gatewayC;sensor03→gatewayA;sensor04→gatewayA;sensor05→gatewayA;sensor06→gatewayA;sensor07→gatewayA;sensor08→gatewayA;sensor09→gatewayA,False,False
2025-03,90,80,previous_month,coverage_only,2025-02,Feasible,9,9,0,0.5,823aa75312ac599f,sensor01→gatewayA;sensor02→gatewayC;sensor03→gatewayC;sensor04→gatewayA;sensor05→gatewayC;sensor06→gatewayA;sensor07→gatewayA;sensor08→gatewayA;sensor09→gatewayA,False,False
2025-03,90,80,expanding_window,coverage_only,2024-02;2024-03;2024-04;2024-05;2024-06;2024-07;2024-08;2024-09;2024-10;2024-11;2024-12;2025-01;2025-02,Feasible,9,9,0,0.5,a3ace494bf9be893,sensor01→gatewayA;sensor02→gatewayC;sensor03→gatewayA;sensor04→gatewayA;sensor05→gatewayA;sensor06→gatewayA;sensor07→gatewayA;sensor08→gatewayA;sensor09→gatewayA,False,False
2025-03,90,80,previous_month,exact,2025-02,Optimal,9,9,0,0.5,823aa75312ac599f,sensor01→gatewayA;sensor02→gatewayC;sensor03→gatewayC;sensor04→gatewayA;sensor05→gatewayC;sensor06→gatewayA;sensor07→gatewayA;sensor08→gatewayA;sensor09→gatewayA,False,False
2025-03,90,80,expanding_window,exact,2024-02;2024-03;2024-04;2024-05;2024-06;2024-07;2024-08;2024-09;2024-10;2024-11;2024-12;2025-01;2025-02,Optimal,9,9,0,0.5,a3ace494bf9be893,sensor01→gatewayA;sensor02→gatewayC;sensor03→gatewayA;sensor04→gatewayA;sensor05→gatewayA;sensor06→gatewayA;sensor07→gatewayA;sensor08→gatewayA;sensor09→gatewayA,False,False
2025-03,90,80,frozen_initial_window,proposed,2024-02;2024-03;2024-04,Feasible,9,9,0,0.3846153846153846,5116df5a05fbbfe0,sensor01→gatewayA;sensor02→gatewayA;sensor03→gatewayA;sensor04→gatewayA;sensor05→gatewayA;sensor06→gatewayA;sensor07→gatewayA;sensor08→gatewayA;sensor09→gatewayA,False,False
2025-03,90,80,frozen_initial_window,multicover,2024-02;2024-03;2024-04,Feasible,9,9,0,0.3846153846153846,5116df5a05fbbfe0,sensor01→gatewayA;sensor02→gatewayA;sensor03→gatewayA;sensor04→gatewayA;sensor05→gatewayA;sensor06→gatewayA;sensor07→gatewayA;sensor08→gatewayA;sensor09→gatewayA,False,False
2025-03,90,80,frozen_initial_window,coverage_only,2024-02;2024-03;2024-04,Feasible,9,9,0,0.3846153846153846,5116df5a05fbbfe0,sensor01→gatewayA;sensor02→gatewayA;sensor03→gatewayA;sensor04→gatewayA;sensor05→gatewayA;sensor06→gatewayA;sensor07→gatewayA;sensor08→gatewayA;sensor09→gatewayA,False,False
2025-03,90,80,retrospective_oracle,exact,2025-03,Optimal,9,9,0,1.0,47454e12767c9b83,sensor01→gatewayA;sensor02→gatewayC;sensor03→gatewayC;sensor04→gatewayC;sensor05→gatewayA;sensor06→gatewayA;sensor07→gatewayC;sensor08→gatewayA;sensor09→gatewayA,False,False
2025-03,95,85,previous_month,proposed,2025-02,Feasible,9,9,0,0.5,823aa75312ac599f,sensor01→gatewayA;sensor02→gatewayC;sensor03→gatewayC;sensor04→gatewayA;sensor05→gatewayC;sensor06→gatewayA;sensor07→gatewayA;sensor08→gatewayA;sensor09→gatewayA,False,False
2025-03,95,85,expanding_window,proposed,2024-02;2024-03;2024-04;2024-05;2024-06;2024-07;2024-08;2024-09;2024-10;2024-11;2024-12;2025-01;2025-02,Feasible,10,9,1,0.5833333333333334,947350bea811764a,sensor01→gatewayA;sensor02→gatewayC;sensor03→gatewayA;sensor04→gatewayA;sensor04→gatewayC;sensor05→gatewayA;sensor06→gatewayA;sensor07→gatewayA;sensor08→gatewayA;sensor09→gatewayA,False,False
2025-03,95,85,previous_month,multicover,2025-02,Feasible,9,9,0,0.5,823aa75312ac599f,sensor01→gatewayA;sensor02→gatewayC;sensor03→gatewayC;sensor04→gatewayA;sensor05→gatewayC;sensor06→gatewayA;sensor07→gatewayA;sensor08→gatewayA;sensor09→gatewayA,False,False
2025-03,95,85,expanding_window,multicover,2024-02;2024-03;2024-04;2024-05;2024-06;2024-07;2024-08;2024-09;2024-10;2024-11;2024-12;2025-01;2025-02,Feasible,10,9,1,0.4615384615384615,00dd8567cdb1d3d3,sensor01→gatewayA;sensor01→gatewayC;sensor02→gatewayC;sensor03→gatewayA;sensor04→gatewayA;sensor05→gatewayA;sensor06→gatewayA;sensor07→gatewayA;sensor08→gatewayA;sensor09→gatewayA,False,False
2025-03,95,85,previous_month,coverage_only,2025-02,Feasible,9,9,0,0.5,823aa75312ac599f,sensor01→gatewayA;sensor02→gatewayC;sensor03→gatewayC;sensor04→gatewayA;sensor05→gatewayC;sensor06→gatewayA;sensor07→gatewayA;sensor08→gatewayA;sensor09→gatewayA,False,False
2025-03,95,85,expanding_window,coverage_only,2024-02;2024-03;2024-04;2024-05;2024-06;2024-07;2024-08;2024-09;2024-10;2024-11;2024-12;2025-01;2025-02,Feasible,10,9,1,0.5833333333333334,947350bea811764a,sensor01→gatewayA;sensor02→gatewayC;sensor03→gatewayA;sensor04→gatewayA;sensor04→gatewayC;sensor05→gatewayA;sensor06→gatewayA;sensor07→gatewayA;sensor08→gatewayA;sensor09→gatewayA,False,False
2025-03,95,85,previous_month,exact,2025-02,Optimal,9,9,0,0.5,823aa75312ac599f,sensor01→gatewayA;sensor02→gatewayC;sensor03→gatewayC;sensor04→gatewayA;sensor05→gatewayC;sensor06→gatewayA;sensor07→gatewayA;sensor08→gatewayA;sensor09→gatewayA,False,False
2025-03,95,85,expanding_window,exact,2024-02;2024-03;2024-04;2024-05;2024-06;2024-07;2024-08;2024-09;2024-10;2024-11;2024-12;2025-01;2025-02,Optimal,10,9,1,0.5833333333333334,947350bea811764a,sensor01→gatewayA;sensor02→gatewayC;sensor03→gatewayA;sensor04→gatewayA;sensor04→gatewayC;sensor05→gatewayA;sensor06→gatewayA;sensor07→gatewayA;sensor08→gatewayA;sensor09→gatewayA,False,False
2025-03,95,85,frozen_initial_window,proposed,2024-02;2024-03;2024-04,Feasible,10,9,1,0.4615384615384615,653063214fd849c6,sensor01→gatewayA;sensor02→gatewayA;sensor02→gatewayC;sensor03→gatewayA;sensor04→gatewayA;sensor05→gatewayA;sensor06→gatewayA;sensor07→gatewayA;sensor08→gatewayA;sensor09→gatewayA,False,False
2025-03,95,85,frozen_initial_window,multicover,2024-02;2024-03;2024-04,Feasible,10,9,1,0.4615384615384615,653063214fd849c6,sensor01→gatewayA;sensor02→gatewayA;sensor02→gatewayC;sensor03→gatewayA;sensor04→gatewayA;sensor05→gatewayA;sensor06→gatewayA;sensor07→gatewayA;sensor08→gatewayA;sensor09→gatewayA,False,False
2025-03,95,85,frozen_initial_window,coverage_only,2024-02;2024-03;2024-04,Feasible,10,9,1,0.4615384615384615,653063214fd849c6,sensor01→gatewayA;sensor02→gatewayA;sensor02→gatewayC;sensor03→gatewayA;sensor04→gatewayA;sensor05→gatewayA;sensor06→gatewayA;sensor07→gatewayA;sensor08→gatewayA;sensor09→gatewayA,False,False
2025-03,95,85,retrospective_oracle,exact,2025-03,Optimal,9,9,0,1.0,47454e12767c9b83,sensor01→gatewayA;sensor02→gatewayC;sensor03→gatewayC;sensor04→gatewayC;sensor05→gatewayA;sensor06→gatewayA;sensor07→gatewayC;sensor08→gatewayA;sensor09→gatewayA,False,False
2025-03,98,90,previous_month,proposed,2025-02,Feasible,12,11,1,0.6428571428571429,6ac371b889d7d8c1,sensor01→gatewayA;sensor01→gatewayC;sensor02→gatewayC;sensor03→gatewayC;sensor04→gatewayA;sensor04→gatewayC;sensor05→gatewayC;sensor06→gatewayA;sensor07→gatewayA;sensor07→gatewayC;sensor08→gatewayA;sensor09→gatewayA,False,False
2025-03,98,90,expanding_window,proposed,2024-02;2024-03;2024-04;2024-05;2024-06;2024-07;2024-08;2024-09;2024-10;2024-11;2024-12;2025-01;2025-02,Feasible,14,11,3,0.6666666666666666,41373d6960c195b8,sensor01→gatewayA;sensor01→gatewayC;sensor02→gatewayA;sensor02→gatewayC;sensor03→gatewayA;sensor03→gatewayC;sensor04→gatewayA;sensor04→gatewayC;sensor05→gatewayA;sensor06→gatewayA;sensor07→gatewayA;sensor08→gatewayA;sensor08→gatewayB;sensor09→gatewayA,False,False
2025-03,98,90,previous_month,multicover,2025-02,Feasible,12,11,1,0.6428571428571429,a129a57a9d246b14,sensor01→gatewayA;sensor01→gatewayC;sensor02→gatewayC;sensor03→gatewayC;sensor04→gatewayA;sensor04→gatewayC;sensor05→gatewayA;sensor05→gatewayC;sensor06→gatewayA;sensor07→gatewayA;sensor08→gatewayA;sensor09→gatewayA,False,False
2025-03,98,90,expanding_window,multicover,2024-02;2024-03;2024-04;2024-05;2024-06;2024-07;2024-08;2024-09;2024-10;2024-11;2024-12;2025-01;2025-02,Feasible,14,11,3,0.5625,ba90cfe0ea4dbeca,sensor01→gatewayA;sensor01→gatewayC;sensor02→gatewayA;sensor02→gatewayC;sensor03→gatewayA;sensor03→gatewayC;sensor04→gatewayA;sensor04→gatewayC;sensor05→gatewayA;sensor05→gatewayC;sensor06→gatewayA;sensor07→gatewayA;sensor08→gatewayA;sensor09→gatewayA,False,False
2025-03,98,90,previous_month,coverage_only,2025-02,Feasible,12,11,1,0.6428571428571429,6ac371b889d7d8c1,sensor01→gatewayA;sensor01→gatewayC;sensor02→gatewayC;sensor03→gatewayC;sensor04→gatewayA;sensor04→gatewayC;sensor05→gatewayC;sensor06→gatewayA;sensor07→gatewayA;sensor07→gatewayC;sensor08→gatewayA;sensor09→gatewayA,False,False
2025-03,98,90,expanding_window,coverage_only,2024-02;2024-03;2024-04;2024-05;2024-06;2024-07;2024-08;2024-09;2024-10;2024-11;2024-12;2025-01;2025-02,Feasible,14,11,3,0.6666666666666666,41373d6960c195b8,sensor01→gatewayA;sensor01→gatewayC;sensor02→gatewayA;sensor02→gatewayC;sensor03→gatewayA;sensor03→gatewayC;sensor04→gatewayA;sensor04→gatewayC;sensor05→gatewayA;sensor06→gatewayA;sensor07→gatewayA;sensor08→gatewayA;sensor08→gatewayB;sensor09→gatewayA,False,False
2025-03,98,90,previous_month,exact,2025-02,Optimal,12,11,1,0.6428571428571429,6ac371b889d7d8c1,sensor01→gatewayA;sensor01→gatewayC;sensor02→gatewayC;sensor03→gatewayC;sensor04→gatewayA;sensor04→gatewayC;sensor05→gatewayC;sensor06→gatewayA;sensor07→gatewayA;sensor07→gatewayC;sensor08→gatewayA;sensor09→gatewayA,False,False
2025-03,98,90,expanding_window,exact,2024-02;2024-03;2024-04;2024-05;2024-06;2024-07;2024-08;2024-09;2024-10;2024-11;2024-12;2025-01;2025-02,Optimal,14,11,3,0.6666666666666666,41373d6960c195b8,sensor01→gatewayA;sensor01→gatewayC;sensor02→gatewayA;sensor02→gatewayC;sensor03→gatewayA;sensor03→gatewayC;sensor04→gatewayA;sensor04→gatewayC;sensor05→gatewayA;sensor06→gatewayA;sensor07→gatewayA;sensor08→gatewayA;sensor08→gatewayB;sensor09→gatewayA,False,False
2025-03,98,90,frozen_initial_window,proposed,2024-02;2024-03;2024-04,Feasible,14,11,3,0.6666666666666666,41373d6960c195b8,sensor01→gatewayA;sensor01→gatewayC;sensor02→gatewayA;sensor02→gatewayC;sensor03→gatewayA;sensor03→gatewayC;sensor04→gatewayA;sensor04→gatewayC;sensor05→gatewayA;sensor06→gatewayA;sensor07→gatewayA;sensor08→gatewayA;sensor08→gatewayB;sensor09→gatewayA,False,False
2025-03,98,90,frozen_initial_window,multicover,2024-02;2024-03;2024-04,Feasible,14,11,3,0.6666666666666666,41373d6960c195b8,sensor01→gatewayA;sensor01→gatewayC;sensor02→gatewayA;sensor02→gatewayC;sensor03→gatewayA;sensor03→gatewayC;sensor04→gatewayA;sensor04→gatewayC;sensor05→gatewayA;sensor06→gatewayA;sensor07→gatewayA;sensor08→gatewayA;sensor08→gatewayB;sensor09→gatewayA,False,False
2025-03,98,90,frozen_initial_window,coverage_only,2024-02;2024-03;2024-04,Feasible,14,11,3,0.6666666666666666,41373d6960c195b8,sensor01→gatewayA;sensor01→gatewayC;sensor02→gatewayA;sensor02→gatewayC;sensor03→gatewayA;sensor03→gatewayC;sensor04→gatewayA;sensor04→gatewayC;sensor05→gatewayA;sensor06→gatewayA;sensor07→gatewayA;sensor08→gatewayA;sensor08→gatewayB;sensor09→gatewayA,False,False
2025-03,98,90,retrospective_oracle,exact,2025-03,Optimal,11,11,0,1.0,49b672db7308a770,sensor01→gatewayA;sensor01→gatewayC;sensor02→gatewayC;sensor03→gatewayC;sensor04→gatewayC;sensor05→gatewayA;sensor06→gatewayA;sensor07→gatewayC;sensor08→gatewayA;sensor08→gatewayB;sensor09→gatewayA,False,False
2025-04,90,80,previous_month,proposed,2025-03,Feasible,9,9,0,1.0,47454e12767c9b83,sensor01→gatewayA;sensor02→gatewayC;sensor03→gatewayC;sensor04→gatewayC;sensor05→gatewayA;sensor06→gatewayA;sensor07→gatewayC;sensor08→gatewayA;sensor09→gatewayA,False,False
2025-04,90,80,expanding_window,proposed,2024-02;2024-03;2024-04;2024-05;2024-06;2024-07;2024-08;2024-09;2024-10;2024-11;2024-12;2025-01;2025-02;2025-03,Feasible,9,9,0,0.6363636363636364,1f6ee7c686196e6f,sensor01→gatewayA;sensor02→gatewayC;sensor03→gatewayC;sensor04→gatewayA;sensor05→gatewayA;sensor06→gatewayA;sensor07→gatewayA;sensor08→gatewayA;sensor09→gatewayA,False,False
2025-04,90,80,previous_month,multicover,2025-03,Feasible,9,9,0,1.0,47454e12767c9b83,sensor01→gatewayA;sensor02→gatewayC;sensor03→gatewayC;sensor04→gatewayC;sensor05→gatewayA;sensor06→gatewayA;sensor07→gatewayC;sensor08→gatewayA;sensor09→gatewayA,False,False
2025-04,90,80,expanding_window,multicover,2024-02;2024-03;2024-04;2024-05;2024-06;2024-07;2024-08;2024-09;2024-10;2024-11;2024-12;2025-01;2025-02;2025-03,Feasible,9,9,0,0.6363636363636364,1f6ee7c686196e6f,sensor01→gatewayA;sensor02→gatewayC;sensor03→gatewayC;sensor04→gatewayA;sensor05→gatewayA;sensor06→gatewayA;sensor07→gatewayA;sensor08→gatewayA;sensor09→gatewayA,False,False
2025-04,90,80,previous_month,coverage_only,2025-03,Feasible,9,9,0,1.0,47454e12767c9b83,sensor01→gatewayA;sensor02→gatewayC;sensor03→gatewayC;sensor04→gatewayC;sensor05→gatewayA;sensor06→gatewayA;sensor07→gatewayC;sensor08→gatewayA;sensor09→gatewayA,False,False
2025-04,90,80,expanding_window,coverage_only,2024-02;2024-03;2024-04;2024-05;2024-06;2024-07;2024-08;2024-09;2024-10;2024-11;2024-12;2025-01;2025-02;2025-03,Feasible,9,9,0,0.6363636363636364,1f6ee7c686196e6f,sensor01→gatewayA;sensor02→gatewayC;sensor03→gatewayC;sensor04→gatewayA;sensor05→gatewayA;sensor06→gatewayA;sensor07→gatewayA;sensor08→gatewayA;sensor09→gatewayA,False,False
2025-04,90,80,previous_month,exact,2025-03,Optimal,9,9,0,1.0,47454e12767c9b83,sensor01→gatewayA;sensor02→gatewayC;sensor03→gatewayC;sensor04→gatewayC;sensor05→gatewayA;sensor06→gatewayA;sensor07→gatewayC;sensor08→gatewayA;sensor09→gatewayA,False,False
2025-04,90,80,expanding_window,exact,2024-02;2024-03;2024-04;2024-05;2024-06;2024-07;2024-08;2024-09;2024-10;2024-11;2024-12;2025-01;2025-02;2025-03,Optimal,9,9,0,0.6363636363636364,1f6ee7c686196e6f,sensor01→gatewayA;sensor02→gatewayC;sensor03→gatewayC;sensor04→gatewayA;sensor05→gatewayA;sensor06→gatewayA;sensor07→gatewayA;sensor08→gatewayA;sensor09→gatewayA,False,False
2025-04,90,80,frozen_initial_window,proposed,2024-02;2024-03;2024-04,Feasible,9,9,0,0.3846153846153846,5116df5a05fbbfe0,sensor01→gatewayA;sensor02→gatewayA;sensor03→gatewayA;sensor04→gatewayA;sensor05→gatewayA;sensor06→gatewayA;sensor07→gatewayA;sensor08→gatewayA;sensor09→gatewayA,False,False
2025-04,90,80,frozen_initial_window,multicover,2024-02;2024-03;2024-04,Feasible,9,9,0,0.3846153846153846,5116df5a05fbbfe0,sensor01→gatewayA;sensor02→gatewayA;sensor03→gatewayA;sensor04→gatewayA;sensor05→gatewayA;sensor06→gatewayA;sensor07→gatewayA;sensor08→gatewayA;sensor09→gatewayA,False,False
2025-04,90,80,frozen_initial_window,coverage_only,2024-02;2024-03;2024-04,Feasible,9,9,0,0.3846153846153846,5116df5a05fbbfe0,sensor01→gatewayA;sensor02→gatewayA;sensor03→gatewayA;sensor04→gatewayA;sensor05→gatewayA;sensor06→gatewayA;sensor07→gatewayA;sensor08→gatewayA;sensor09→gatewayA,False,False
2025-04,90,80,retrospective_oracle,exact,2025-04,Optimal,9,9,0,1.0,47454e12767c9b83,sensor01→gatewayA;sensor02→gatewayC;sensor03→gatewayC;sensor04→gatewayC;sensor05→gatewayA;sensor06→gatewayA;sensor07→gatewayC;sensor08→gatewayA;sensor09→gatewayA,False,False
2025-04,95,85,previous_month,proposed,2025-03,Feasible,9,9,0,1.0,47454e12767c9b83,sensor01→gatewayA;sensor02→gatewayC;sensor03→gatewayC;sensor04→gatewayC;sensor05→gatewayA;sensor06→gatewayA;sensor07→gatewayC;sensor08→gatewayA;sensor09→gatewayA,False,False
2025-04,95,85,expanding_window,proposed,2024-02;2024-03;2024-04;2024-05;2024-06;2024-07;2024-08;2024-09;2024-10;2024-11;2024-12;2025-01;2025-02;2025-03,Feasible,10,9,1,0.7272727272727273,db4f93f2d4742e2b,sensor01→gatewayA;sensor02→gatewayC;sensor03→gatewayC;sensor04→gatewayA;sensor04→gatewayC;sensor05→gatewayA;sensor06→gatewayA;sensor07→gatewayA;sensor08→gatewayA;sensor09→gatewayA,False,False
2025-04,95,85,previous_month,multicover,2025-03,Feasible,9,9,0,1.0,47454e12767c9b83,sensor01→gatewayA;sensor02→gatewayC;sensor03→gatewayC;sensor04→gatewayC;sensor05→gatewayA;sensor06→gatewayA;sensor07→gatewayC;sensor08→gatewayA;sensor09→gatewayA,False,False
2025-04,95,85,expanding_window,multicover,2024-02;2024-03;2024-04;2024-05;2024-06;2024-07;2024-08;2024-09;2024-10;2024-11;2024-12;2025-01;2025-02;2025-03,Feasible,10,9,1,0.5833333333333334,c7a3fed64c6382ea,sensor01→gatewayA;sensor01→gatewayC;sensor02→gatewayC;sensor03→gatewayC;sensor04→gatewayA;sensor05→gatewayA;sensor06→gatewayA;sensor07→gatewayA;sensor08→gatewayA;sensor09→gatewayA,False,False
2025-04,95,85,previous_month,coverage_only,2025-03,Feasible,9,9,0,1.0,47454e12767c9b83,sensor01→gatewayA;sensor02→gatewayC;sensor03→gatewayC;sensor04→gatewayC;sensor05→gatewayA;sensor06→gatewayA;sensor07→gatewayC;sensor08→gatewayA;sensor09→gatewayA,False,False
2025-04,95,85,expanding_window,coverage_only,2024-02;2024-03;2024-04;2024-05;2024-06;2024-07;2024-08;2024-09;2024-10;2024-11;2024-12;2025-01;2025-02;2025-03,Feasible,10,9,1,0.7272727272727273,db4f93f2d4742e2b,sensor01→gatewayA;sensor02→gatewayC;sensor03→gatewayC;sensor04→gatewayA;sensor04→gatewayC;sensor05→gatewayA;sensor06→gatewayA;sensor07→gatewayA;sensor08→gatewayA;sensor09→gatewayA,False,False
2025-04,95,85,previous_month,exact,2025-03,Optimal,9,9,0,1.0,47454e12767c9b83,sensor01→gatewayA;sensor02→gatewayC;sensor03→gatewayC;sensor04→gatewayC;sensor05→gatewayA;sensor06→gatewayA;sensor07→gatewayC;sensor08→gatewayA;sensor09→gatewayA,False,False
2025-04,95,85,expanding_window,exact,2024-02;2024-03;2024-04;2024-05;2024-06;2024-07;2024-08;2024-09;2024-10;2024-11;2024-12;2025-01;2025-02;2025-03,Optimal,10,9,1,0.7272727272727273,db4f93f2d4742e2b,sensor01→gatewayA;sensor02→gatewayC;sensor03→gatewayC;sensor04→gatewayA;sensor04→gatewayC;sensor05→gatewayA;sensor06→gatewayA;sensor07→gatewayA;sensor08→gatewayA;sensor09→gatewayA,False,False
2025-04,95,85,frozen_initial_window,proposed,2024-02;2024-03;2024-04,Feasible,10,9,1,0.4615384615384615,653063214fd849c6,sensor01→gatewayA;sensor02→gatewayA;sensor02→gatewayC;sensor03→gatewayA;sensor04→gatewayA;sensor05→gatewayA;sensor06→gatewayA;sensor07→gatewayA;sensor08→gatewayA;sensor09→gatewayA,False,False
2025-04,95,85,frozen_initial_window,multicover,2024-02;2024-03;2024-04,Feasible,10,9,1,0.4615384615384615,653063214fd849c6,sensor01→gatewayA;sensor02→gatewayA;sensor02→gatewayC;sensor03→gatewayA;sensor04→gatewayA;sensor05→gatewayA;sensor06→gatewayA;sensor07→gatewayA;sensor08→gatewayA;sensor09→gatewayA,False,False
2025-04,95,85,frozen_initial_window,coverage_only,2024-02;2024-03;2024-04,Feasible,10,9,1,0.4615384615384615,653063214fd849c6,sensor01→gatewayA;sensor02→gatewayA;sensor02→gatewayC;sensor03→gatewayA;sensor04→gatewayA;sensor05→gatewayA;sensor06→gatewayA;sensor07→gatewayA;sensor08→gatewayA;sensor09→gatewayA,False,False
2025-04,95,85,retrospective_oracle,exact,2025-04,Optimal,9,9,0,1.0,47454e12767c9b83,sensor01→gatewayA;sensor02→gatewayC;sensor03→gatewayC;sensor04→gatewayC;sensor05→gatewayA;sensor06→gatewayA;sensor07→gatewayC;sensor08→gatewayA;sensor09→gatewayA,False,False
2025-04,98,90,previous_month,proposed,2025-03,Feasible,11,12,-1,0.9166666666666666,49b672db7308a770,sensor01→gatewayA;sensor01→gatewayC;sensor02→gatewayC;sensor03→gatewayC;sensor04→gatewayC;sensor05→gatewayA;sensor06→gatewayA;sensor07→gatewayC;sensor08→gatewayA;sensor08→gatewayB;sensor09→gatewayA,False,False
2025-04,98,90,expanding_window,proposed,2024-02;2024-03;2024-04;2024-05;2024-06;2024-07;2024-08;2024-09;2024-10;2024-11;2024-12;2025-01;2025-02;2025-03,Feasible,14,12,2,0.7333333333333333,41373d6960c195b8,sensor01→gatewayA;sensor01→gatewayC;sensor02→gatewayA;sensor02→gatewayC;sensor03→gatewayA;sensor03→gatewayC;sensor04→gatewayA;sensor04→gatewayC;sensor05→gatewayA;sensor06→gatewayA;sensor07→gatewayA;sensor08→gatewayA;sensor08→gatewayB;sensor09→gatewayA,False,False
2025-04,98,90,previous_month,multicover,2025-03,Feasible,11,12,-1,0.9166666666666666,49b672db7308a770,sensor01→gatewayA;sensor01→gatewayC;sensor02→gatewayC;sensor03→gatewayC;sensor04→gatewayC;sensor05→gatewayA;sensor06→gatewayA;sensor07→gatewayC;sensor08→gatewayA;sensor08→gatewayB;sensor09→gatewayA,False,False
2025-04,98,90,expanding_window,multicover,2024-02;2024-03;2024-04;2024-05;2024-06;2024-07;2024-08;2024-09;2024-10;2024-11;2024-12;2025-01;2025-02;2025-03,Feasible,14,12,2,0.625,ba90cfe0ea4dbeca,sensor01→gatewayA;sensor01→gatewayC;sensor02→gatewayA;sensor02→gatewayC;sensor03→gatewayA;sensor03→gatewayC;sensor04→gatewayA;sensor04→gatewayC;sensor05→gatewayA;sensor05→gatewayC;sensor06→gatewayA;sensor07→gatewayA;sensor08→gatewayA;sensor09→gatewayA,False,False
2025-04,98,90,previous_month,coverage_only,2025-03,Feasible,11,12,-1,0.9166666666666666,49b672db7308a770,sensor01→gatewayA;sensor01→gatewayC;sensor02→gatewayC;sensor03→gatewayC;sensor04→gatewayC;sensor05→gatewayA;sensor06→gatewayA;sensor07→gatewayC;sensor08→gatewayA;sensor08→gatewayB;sensor09→gatewayA,False,False
2025-04,98,90,expanding_window,coverage_only,2024-02;2024-03;2024-04;2024-05;2024-06;2024-07;2024-08;2024-09;2024-10;2024-11;2024-12;2025-01;2025-02;2025-03,Feasible,14,12,2,0.7333333333333333,41373d6960c195b8,sensor01→gatewayA;sensor01→gatewayC;sensor02→gatewayA;sensor02→gatewayC;sensor03→gatewayA;sensor03→gatewayC;sensor04→gatewayA;sensor04→gatewayC;sensor05→gatewayA;sensor06→gatewayA;sensor07→gatewayA;sensor08→gatewayA;sensor08→gatewayB;sensor09→gatewayA,False,False
2025-04,98,90,previous_month,exact,2025-03,Optimal,11,12,-1,0.9166666666666666,49b672db7308a770,sensor01→gatewayA;sensor01→gatewayC;sensor02→gatewayC;sensor03→gatewayC;sensor04→gatewayC;sensor05→gatewayA;sensor06→gatewayA;sensor07→gatewayC;sensor08→gatewayA;sensor08→gatewayB;sensor09→gatewayA,False,False
2025-04,98,90,expanding_window,exact,2024-02;2024-03;2024-04;2024-05;2024-06;2024-07;2024-08;2024-09;2024-10;2024-11;2024-12;2025-01;2025-02;2025-03,Optimal,14,12,2,0.7333333333333333,41373d6960c195b8,sensor01→gatewayA;sensor01→gatewayC;sensor02→gatewayA;sensor02→gatewayC;sensor03→gatewayA;sensor03→gatewayC;sensor04→gatewayA;sensor04→gatewayC;sensor05→gatewayA;sensor06→gatewayA;sensor07→gatewayA;sensor08→gatewayA;sensor08→gatewayB;sensor09→gatewayA,False,False
2025-04,98,90,frozen_initial_window,proposed,2024-02;2024-03;2024-04,Feasible,14,12,2,0.7333333333333333,41373d6960c195b8,sensor01→gatewayA;sensor01→gatewayC;sensor02→gatewayA;sensor02→gatewayC;sensor03→gatewayA;sensor03→gatewayC;sensor04→gatewayA;sensor04→gatewayC;sensor05→gatewayA;sensor06→gatewayA;sensor07→gatewayA;sensor08→gatewayA;sensor08→gatewayB;sensor09→gatewayA,False,False
2025-04,98,90,frozen_initial_window,multicover,2024-02;2024-03;2024-04,Feasible,14,12,2,0.7333333333333333,41373d6960c195b8,sensor01→gatewayA;sensor01→gatewayC;sensor02→gatewayA;sensor02→gatewayC;sensor03→gatewayA;sensor03→gatewayC;sensor04→gatewayA;sensor04→gatewayC;sensor05→gatewayA;sensor06→gatewayA;sensor07→gatewayA;sensor08→gatewayA;sensor08→gatewayB;sensor09→gatewayA,False,False
2025-04,98,90,frozen_initial_window,coverage_only,2024-02;2024-03;2024-04,Feasible,14,12,2,0.7333333333333333,41373d6960c195b8,sensor01→gatewayA;sensor01→gatewayC;sensor02→gatewayA;sensor02→gatewayC;sensor03→gatewayA;sensor03→gatewayC;sensor04→gatewayA;sensor04→gatewayC;sensor05→gatewayA;sensor06→gatewayA;sensor07→gatewayA;sensor08→gatewayA;sensor08→gatewayB;sensor09→gatewayA,False,False
2025-04,98,90,retrospective_oracle,exact,2025-04,Optimal,12,12,0,1.0,f442bb7c92d26689,sensor01→gatewayA;sensor01→gatewayC;sensor02→gatewayC;sensor03→gatewayC;sensor04→gatewayC;sensor05→gatewayA;sensor06→gatewayA;sensor07→gatewayA;sensor07→gatewayC;sensor08→gatewayA;sensor08→gatewayB;sensor09→gatewayA,False,False
2025-05,90,80,previous_month,proposed,2025-04,Feasible,9,13,-4,0.4666666666666667,47454e12767c9b83,sensor01→gatewayA;sensor02→gatewayC;sensor03→gatewayC;sensor04→gatewayC;sensor05→gatewayA;sensor06→gatewayA;sensor07→gatewayC;sensor08→gatewayA;sensor09→gatewayA,False,False
2025-05,90,80,expanding_window,proposed,2024-02;2024-03;2024-04;2024-05;2024-06;2024-07;2024-08;2024-09;2024-10;2024-11;2024-12;2025-01;2025-02;2025-03;2025-04,Feasible,9,13,-4,0.2941176470588235,1f6ee7c686196e6f,sensor01→gatewayA;sensor02→gatewayC;sensor03→gatewayC;sensor04→gatewayA;sensor05→gatewayA;sensor06→gatewayA;sensor07→gatewayA;sensor08→gatewayA;sensor09→gatewayA,False,False
2025-05,90,80,previous_month,multicover,2025-04,Feasible,9,13,-4,0.4666666666666667,47454e12767c9b83,sensor01→gatewayA;sensor02→gatewayC;sensor03→gatewayC;sensor04→gatewayC;sensor05→gatewayA;sensor06→gatewayA;sensor07→gatewayC;sensor08→gatewayA;sensor09→gatewayA,False,False
2025-05,90,80,expanding_window,multicover,2024-02;2024-03;2024-04;2024-05;2024-06;2024-07;2024-08;2024-09;2024-10;2024-11;2024-12;2025-01;2025-02;2025-03;2025-04,Feasible,9,13,-4,0.2941176470588235,1f6ee7c686196e6f,sensor01→gatewayA;sensor02→gatewayC;sensor03→gatewayC;sensor04→gatewayA;sensor05→gatewayA;sensor06→gatewayA;sensor07→gatewayA;sensor08→gatewayA;sensor09→gatewayA,False,False
2025-05,90,80,previous_month,coverage_only,2025-04,Feasible,9,13,-4,0.4666666666666667,47454e12767c9b83,sensor01→gatewayA;sensor02→gatewayC;sensor03→gatewayC;sensor04→gatewayC;sensor05→gatewayA;sensor06→gatewayA;sensor07→gatewayC;sensor08→gatewayA;sensor09→gatewayA,False,False
2025-05,90,80,expanding_window,coverage_only,2024-02;2024-03;2024-04;2024-05;2024-06;2024-07;2024-08;2024-09;2024-10;2024-11;2024-12;2025-01;2025-02;2025-03;2025-04,Feasible,9,13,-4,0.2941176470588235,1f6ee7c686196e6f,sensor01→gatewayA;sensor02→gatewayC;sensor03→gatewayC;sensor04→gatewayA;sensor05→gatewayA;sensor06→gatewayA;sensor07→gatewayA;sensor08→gatewayA;sensor09→gatewayA,False,False
2025-05,90,80,previous_month,exact,2025-04,Optimal,9,13,-4,0.4666666666666667,47454e12767c9b83,sensor01→gatewayA;sensor02→gatewayC;sensor03→gatewayC;sensor04→gatewayC;sensor05→gatewayA;sensor06→gatewayA;sensor07→gatewayC;sensor08→gatewayA;sensor09→gatewayA,False,False
2025-05,90,80,expanding_window,exact,2024-02;2024-03;2024-04;2024-05;2024-06;2024-07;2024-08;2024-09;2024-10;2024-11;2024-12;2025-01;2025-02;2025-03;2025-04,Optimal,9,13,-4,0.2941176470588235,1f6ee7c686196e6f,sensor01→gatewayA;sensor02→gatewayC;sensor03→gatewayC;sensor04→gatewayA;sensor05→gatewayA;sensor06→gatewayA;sensor07→gatewayA;sensor08→gatewayA;sensor09→gatewayA,False,False
2025-05,90,80,frozen_initial_window,proposed,2024-02;2024-03;2024-04,Feasible,9,13,-4,0.1578947368421052,5116df5a05fbbfe0,sensor01→gatewayA;sensor02→gatewayA;sensor03→gatewayA;sensor04→gatewayA;sensor05→gatewayA;sensor06→gatewayA;sensor07→gatewayA;sensor08→gatewayA;sensor09→gatewayA,False,False
2025-05,90,80,frozen_initial_window,multicover,2024-02;2024-03;2024-04,Feasible,9,13,-4,0.1578947368421052,5116df5a05fbbfe0,sensor01→gatewayA;sensor02→gatewayA;sensor03→gatewayA;sensor04→gatewayA;sensor05→gatewayA;sensor06→gatewayA;sensor07→gatewayA;sensor08→gatewayA;sensor09→gatewayA,False,False
2025-05,90,80,frozen_initial_window,coverage_only,2024-02;2024-03;2024-04,Feasible,9,13,-4,0.1578947368421052,5116df5a05fbbfe0,sensor01→gatewayA;sensor02→gatewayA;sensor03→gatewayA;sensor04→gatewayA;sensor05→gatewayA;sensor06→gatewayA;sensor07→gatewayA;sensor08→gatewayA;sensor09→gatewayA,False,False
2025-05,90,80,retrospective_oracle,exact,2025-05,Optimal,13,13,0,1.0,6b6d852cbf71ceb6,sensor01→gatewayC;sensor02→gatewayC;sensor03→gatewayC;sensor04→gatewayC;sensor05→gatewayC;sensor06→gatewayA;sensor06→gatewayC;sensor07→gatewayC;sensor08→gatewayA;sensor08→gatewayB;sensor09→gatewayA;sensor09→gatewayB;sensor10→gatewayC,False,False
2025-05,95,85,previous_month,proposed,2025-04,Feasible,9,13,-4,0.4666666666666667,47454e12767c9b83,sensor01→gatewayA;sensor02→gatewayC;sensor03→gatewayC;sensor04→gatewayC;sensor05→gatewayA;sensor06→gatewayA;sensor07→gatewayC;sensor08→gatewayA;sensor09→gatewayA,False,False
2025-05,95,85,expanding_window,proposed,2024-02;2024-03;2024-04;2024-05;2024-06;2024-07;2024-08;2024-09;2024-10;2024-11;2024-12;2025-01;2025-02;2025-03;2025-04,Feasible,10,13,-3,0.3529411764705882,db4f93f2d4742e2b,sensor01→gatewayA;sensor02→gatewayC;sensor03→gatewayC;sensor04→gatewayA;sensor04→gatewayC;sensor05→gatewayA;sensor06→gatewayA;sensor07→gatewayA;sensor08→gatewayA;sensor09→gatewayA,False,False
2025-05,95,85,previous_month,multicover,2025-04,Feasible,9,13,-4,0.4666666666666667,47454e12767c9b83,sensor01→gatewayA;sensor02→gatewayC;sensor03→gatewayC;sensor04→gatewayC;sensor05→gatewayA;sensor06→gatewayA;sensor07→gatewayC;sensor08→gatewayA;sensor09→gatewayA,False,False
2025-05,95,85,expanding_window,multicover,2024-02;2024-03;2024-04;2024-05;2024-06;2024-07;2024-08;2024-09;2024-10;2024-11;2024-12;2025-01;2025-02;2025-03;2025-04,Feasible,10,13,-3,0.3529411764705882,c7a3fed64c6382ea,sensor01→gatewayA;sensor01→gatewayC;sensor02→gatewayC;sensor03→gatewayC;sensor04→gatewayA;sensor05→gatewayA;sensor06→gatewayA;sensor07→gatewayA;sensor08→gatewayA;sensor09→gatewayA,False,False
2025-05,95,85,previous_month,coverage_only,2025-04,Feasible,9,13,-4,0.4666666666666667,47454e12767c9b83,sensor01→gatewayA;sensor02→gatewayC;sensor03→gatewayC;sensor04→gatewayC;sensor05→gatewayA;sensor06→gatewayA;sensor07→gatewayC;sensor08→gatewayA;sensor09→gatewayA,False,False
2025-05,95,85,expanding_window,coverage_only,2024-02;2024-03;2024-04;2024-05;2024-06;2024-07;2024-08;2024-09;2024-10;2024-11;2024-12;2025-01;2025-02;2025-03;2025-04,Feasible,10,13,-3,0.3529411764705882,db4f93f2d4742e2b,sensor01→gatewayA;sensor02→gatewayC;sensor03→gatewayC;sensor04→gatewayA;sensor04→gatewayC;sensor05→gatewayA;sensor06→gatewayA;sensor07→gatewayA;sensor08→gatewayA;sensor09→gatewayA,False,False
2025-05,95,85,previous_month,exact,2025-04,Optimal,9,13,-4,0.4666666666666667,47454e12767c9b83,sensor01→gatewayA;sensor02→gatewayC;sensor03→gatewayC;sensor04→gatewayC;sensor05→gatewayA;sensor06→gatewayA;sensor07→gatewayC;sensor08→gatewayA;sensor09→gatewayA,False,False
2025-05,95,85,expanding_window,exact,2024-02;2024-03;2024-04;2024-05;2024-06;2024-07;2024-08;2024-09;2024-10;2024-11;2024-12;2025-01;2025-02;2025-03;2025-04,Optimal,10,13,-3,0.3529411764705882,db4f93f2d4742e2b,sensor01→gatewayA;sensor02→gatewayC;sensor03→gatewayC;sensor04→gatewayA;sensor04→gatewayC;sensor05→gatewayA;sensor06→gatewayA;sensor07→gatewayA;sensor08→gatewayA;sensor09→gatewayA,False,False
2025-05,95,85,frozen_initial_window,proposed,2024-02;2024-03;2024-04,Feasible,10,13,-3,0.2105263157894736,653063214fd849c6,sensor01→gatewayA;sensor02→gatewayA;sensor02→gatewayC;sensor03→gatewayA;sensor04→gatewayA;sensor05→gatewayA;sensor06→gatewayA;sensor07→gatewayA;sensor08→gatewayA;sensor09→gatewayA,False,False
2025-05,95,85,frozen_initial_window,multicover,2024-02;2024-03;2024-04,Feasible,10,13,-3,0.2105263157894736,653063214fd849c6,sensor01→gatewayA;sensor02→gatewayA;sensor02→gatewayC;sensor03→gatewayA;sensor04→gatewayA;sensor05→gatewayA;sensor06→gatewayA;sensor07→gatewayA;sensor08→gatewayA;sensor09→gatewayA,False,False
2025-05,95,85,frozen_initial_window,coverage_only,2024-02;2024-03;2024-04,Feasible,10,13,-3,0.2105263157894736,653063214fd849c6,sensor01→gatewayA;sensor02→gatewayA;sensor02→gatewayC;sensor03→gatewayA;sensor04→gatewayA;sensor05→gatewayA;sensor06→gatewayA;sensor07→gatewayA;sensor08→gatewayA;sensor09→gatewayA,False,False
2025-05,95,85,retrospective_oracle,exact,2025-05,Optimal,13,13,0,1.0,6b6d852cbf71ceb6,sensor01→gatewayC;sensor02→gatewayC;sensor03→gatewayC;sensor04→gatewayC;sensor05→gatewayC;sensor06→gatewayA;sensor06→gatewayC;sensor07→gatewayC;sensor08→gatewayA;sensor08→gatewayB;sensor09→gatewayA;sensor09→gatewayB;sensor10→gatewayC,False,False
2025-05,98,90,previous_month,proposed,2025-04,Feasible,12,15,-3,0.5882352941176471,f442bb7c92d26689,sensor01→gatewayA;sensor01→gatewayC;sensor02→gatewayC;sensor03→gatewayC;sensor04→gatewayC;sensor05→gatewayA;sensor06→gatewayA;sensor07→gatewayA;sensor07→gatewayC;sensor08→gatewayA;sensor08→gatewayB;sensor09→gatewayA,False,False
2025-05,98,90,expanding_window,proposed,2024-02;2024-03;2024-04;2024-05;2024-06;2024-07;2024-08;2024-09;2024-10;2024-11;2024-12;2025-01;2025-02;2025-03;2025-04,Feasible,14,15,-1,0.6111111111111112,66c8dd8c0461a6ac,sensor01→gatewayA;sensor01→gatewayC;sensor02→gatewayC;sensor03→gatewayA;sensor03→gatewayC;sensor04→gatewayA;sensor04→gatewayC;sensor05→gatewayA;sensor06→gatewayA;sensor07→gatewayA;sensor07→gatewayC;sensor08→gatewayA;sensor08→gatewayB;sensor09→gatewayA,False,False
2025-05,98,90,previous_month,multicover,2025-04,Feasible,12,15,-3,0.5882352941176471,f442bb7c92d26689,sensor01→gatewayA;sensor01→gatewayC;sensor02→gatewayC;sensor03→gatewayC;sensor04→gatewayC;sensor05→gatewayA;sensor06→gatewayA;sensor07→gatewayA;sensor07→gatewayC;sensor08→gatewayA;sensor08→gatewayB;sensor09→gatewayA,False,False
2025-05,98,90,expanding_window,multicover,2024-02;2024-03;2024-04;2024-05;2024-06;2024-07;2024-08;2024-09;2024-10;2024-11;2024-12;2025-01;2025-02;2025-03;2025-04,Feasible,14,15,-1,0.5263157894736842,41373d6960c195b8,sensor01→gatewayA;sensor01→gatewayC;sensor02→gatewayA;sensor02→gatewayC;sensor03→gatewayA;sensor03→gatewayC;sensor04→gatewayA;sensor04→gatewayC;sensor05→gatewayA;sensor06→gatewayA;sensor07→gatewayA;sensor08→gatewayA;sensor08→gatewayB;sensor09→gatewayA,False,False
2025-05,98,90,previous_month,coverage_only,2025-04,Feasible,12,15,-3,0.5882352941176471,f442bb7c92d26689,sensor01→gatewayA;sensor01→gatewayC;sensor02→gatewayC;sensor03→gatewayC;sensor04→gatewayC;sensor05→gatewayA;sensor06→gatewayA;sensor07→gatewayA;sensor07→gatewayC;sensor08→gatewayA;sensor08→gatewayB;sensor09→gatewayA,False,False
2025-05,98,90,expanding_window,coverage_only,2024-02;2024-03;2024-04;2024-05;2024-06;2024-07;2024-08;2024-09;2024-10;2024-11;2024-12;2025-01;2025-02;2025-03;2025-04,Feasible,14,15,-1,0.5263157894736842,41373d6960c195b8,sensor01→gatewayA;sensor01→gatewayC;sensor02→gatewayA;sensor02→gatewayC;sensor03→gatewayA;sensor03→gatewayC;sensor04→gatewayA;sensor04→gatewayC;sensor05→gatewayA;sensor06→gatewayA;sensor07→gatewayA;sensor08→gatewayA;sensor08→gatewayB;sensor09→gatewayA,False,False
2025-05,98,90,previous_month,exact,2025-04,Optimal,12,15,-3,0.5882352941176471,f442bb7c92d26689,sensor01→gatewayA;sensor01→gatewayC;sensor02→gatewayC;sensor03→gatewayC;sensor04→gatewayC;sensor05→gatewayA;sensor06→gatewayA;sensor07→gatewayA;sensor07→gatewayC;sensor08→gatewayA;sensor08→gatewayB;sensor09→gatewayA,False,False
2025-05,98,90,expanding_window,exact,2024-02;2024-03;2024-04;2024-05;2024-06;2024-07;2024-08;2024-09;2024-10;2024-11;2024-12;2025-01;2025-02;2025-03;2025-04,Optimal,14,15,-1,0.5263157894736842,41373d6960c195b8,sensor01→gatewayA;sensor01→gatewayC;sensor02→gatewayA;sensor02→gatewayC;sensor03→gatewayA;sensor03→gatewayC;sensor04→gatewayA;sensor04→gatewayC;sensor05→gatewayA;sensor06→gatewayA;sensor07→gatewayA;sensor08→gatewayA;sensor08→gatewayB;sensor09→gatewayA,False,False
2025-05,98,90,frozen_initial_window,proposed,2024-02;2024-03;2024-04,Feasible,14,15,-1,0.5263157894736842,41373d6960c195b8,sensor01→gatewayA;sensor01→gatewayC;sensor02→gatewayA;sensor02→gatewayC;sensor03→gatewayA;sensor03→gatewayC;sensor04→gatewayA;sensor04→gatewayC;sensor05→gatewayA;sensor06→gatewayA;sensor07→gatewayA;sensor08→gatewayA;sensor08→gatewayB;sensor09→gatewayA,False,False
2025-05,98,90,frozen_initial_window,multicover,2024-02;2024-03;2024-04,Feasible,14,15,-1,0.5263157894736842,41373d6960c195b8,sensor01→gatewayA;sensor01→gatewayC;sensor02→gatewayA;sensor02→gatewayC;sensor03→gatewayA;sensor03→gatewayC;sensor04→gatewayA;sensor04→gatewayC;sensor05→gatewayA;sensor06→gatewayA;sensor07→gatewayA;sensor08→gatewayA;sensor08→gatewayB;sensor09→gatewayA,False,False
2025-05,98,90,frozen_initial_window,coverage_only,2024-02;2024-03;2024-04,Feasible,14,15,-1,0.5263157894736842,41373d6960c195b8,sensor01→gatewayA;sensor01→gatewayC;sensor02→gatewayA;sensor02→gatewayC;sensor03→gatewayA;sensor03→gatewayC;sensor04→gatewayA;sensor04→gatewayC;sensor05→gatewayA;sensor06→gatewayA;sensor07→gatewayA;sensor08→gatewayA;sensor08→gatewayB;sensor09→gatewayA,False,False
2025-05,98,90,retrospective_oracle,exact,2025-05,Optimal,15,15,0,1.0,078db79676b473ef,sensor01→gatewayA;sensor01→gatewayC;sensor02→gatewayC;sensor03→gatewayC;sensor04→gatewayA;sensor04→gatewayC;sensor05→gatewayC;sensor06→gatewayA;sensor06→gatewayC;sensor07→gatewayC;sensor08→gatewayA;sensor08→gatewayB;sensor09→gatewayA;sensor09→gatewayB;sensor10→gatewayC,False,False
2025-06,90,80,previous_month,proposed,2025-05,Feasible,13,9,4,0.375,6b6d852cbf71ceb6,sensor01→gatewayC;sensor02→gatewayC;sensor03→gatewayC;sensor04→gatewayC;sensor05→gatewayC;sensor06→gatewayA;sensor06→gatewayC;sensor07→gatewayC;sensor08→gatewayA;sensor08→gatewayB;sensor09→gatewayA;sensor09→gatewayB;sensor10→gatewayC,False,False
2025-06,90,80,expanding_window,proposed,2024-02;2024-03;2024-04;2024-05;2024-06;2024-07;2024-08;2024-09;2024-10;2024-11;2024-12;2025-01;2025-02;2025-03;2025-04;2025-05,Feasible,10,9,1,0.7272727272727273,b436409b34d84d8f,sensor01→gatewayA;sensor02→gatewayC;sensor03→gatewayC;sensor04→gatewayA;sensor05→gatewayA;sensor06→gatewayA;sensor07→gatewayA;sensor08→gatewayA;sensor09→gatewayA;sensor10→gatewayC,False,False
2025-06,90,80,previous_month,multicover,2025-05,Feasible,13,9,4,0.375,6b6d852cbf71ceb6,sensor01→gatewayC;sensor02→gatewayC;sensor03→gatewayC;sensor04→gatewayC;sensor05→gatewayC;sensor06→gatewayA;sensor06→gatewayC;sensor07→gatewayC;sensor08→gatewayA;sensor08→gatewayB;sensor09→gatewayA;sensor09→gatewayB;sensor10→gatewayC,False,False
2025-06,90,80,expanding_window,multicover,2024-02;2024-03;2024-04;2024-05;2024-06;2024-07;2024-08;2024-09;2024-10;2024-11;2024-12;2025-01;2025-02;2025-03;2025-04;2025-05,Feasible,10,9,1,0.7272727272727273,b436409b34d84d8f,sensor01→gatewayA;sensor02→gatewayC;sensor03→gatewayC;sensor04→gatewayA;sensor05→gatewayA;sensor06→gatewayA;sensor07→gatewayA;sensor08→gatewayA;sensor09→gatewayA;sensor10→gatewayC,False,False
2025-06,90,80,previous_month,coverage_only,2025-05,Feasible,13,9,4,0.375,6b6d852cbf71ceb6,sensor01→gatewayC;sensor02→gatewayC;sensor03→gatewayC;sensor04→gatewayC;sensor05→gatewayC;sensor06→gatewayA;sensor06→gatewayC;sensor07→gatewayC;sensor08→gatewayA;sensor08→gatewayB;sensor09→gatewayA;sensor09→gatewayB;sensor10→gatewayC,False,False
2025-06,90,80,expanding_window,coverage_only,2024-02;2024-03;2024-04;2024-05;2024-06;2024-07;2024-08;2024-09;2024-10;2024-11;2024-12;2025-01;2025-02;2025-03;2025-04;2025-05,Feasible,19,9,10,0.4736842105263157,421bc670300269c4,sensor01→gatewayA;sensor01→gatewayC;sensor02→gatewayA;sensor02→gatewayC;sensor03→gatewayA;sensor03→gatewayC;sensor04→gatewayA;sensor04→gatewayC;sensor05→gatewayA;sensor05→gatewayC;sensor06→gatewayA;sensor06→gatewayC;sensor07→gatewayA;sensor07→gatewayC;sensor08→gatewayA;sensor08→gatewayB;sensor09→gatewayA;sensor09→gatewayB;sensor10→gatewayC,False,False
2025-06,90,80,previous_month,exact,2025-05,Optimal,13,9,4,0.375,6b6d852cbf71ceb6,sensor01→gatewayC;sensor02→gatewayC;sensor03→gatewayC;sensor04→gatewayC;sensor05→gatewayC;sensor06→gatewayA;sensor06→gatewayC;sensor07→gatewayC;sensor08→gatewayA;sensor08→gatewayB;sensor09→gatewayA;sensor09→gatewayB;sensor10→gatewayC,False,False
2025-06,90,80,expanding_window,exact,2024-02;2024-03;2024-04;2024-05;2024-06;2024-07;2024-08;2024-09;2024-10;2024-11;2024-12;2025-01;2025-02;2025-03;2025-04;2025-05,Optimal,10,9,1,0.7272727272727273,b436409b34d84d8f,sensor01→gatewayA;sensor02→gatewayC;sensor03→gatewayC;sensor04→gatewayA;sensor05→gatewayA;sensor06→gatewayA;sensor07→gatewayA;sensor08→gatewayA;sensor09→gatewayA;sensor10→gatewayC,False,False
2025-06,90,80,frozen_initial_window,proposed,2024-02;2024-03;2024-04,Feasible,9,9,0,0.5,5116df5a05fbbfe0,sensor01→gatewayA;sensor02→gatewayA;sensor03→gatewayA;sensor04→gatewayA;sensor05→gatewayA;sensor06→gatewayA;sensor07→gatewayA;sensor08→gatewayA;sensor09→gatewayA,False,False
2025-06,90,80,frozen_initial_window,multicover,2024-02;2024-03;2024-04,Feasible,9,9,0,0.5,5116df5a05fbbfe0,sensor01→gatewayA;sensor02→gatewayA;sensor03→gatewayA;sensor04→gatewayA;sensor05→gatewayA;sensor06→gatewayA;sensor07→gatewayA;sensor08→gatewayA;sensor09→gatewayA,False,False
2025-06,90,80,frozen_initial_window,coverage_only,2024-02;2024-03;2024-04,Feasible,9,9,0,0.5,5116df5a05fbbfe0,sensor01→gatewayA;sensor02→gatewayA;sensor03→gatewayA;sensor04→gatewayA;sensor05→gatewayA;sensor06→gatewayA;sensor07→gatewayA;sensor08→gatewayA;sensor09→gatewayA,False,False
2025-06,90,80,retrospective_oracle,exact,2025-06,Optimal,9,9,0,1.0,e752b2bd62fab48d,sensor01→gatewayA;sensor02→gatewayC;sensor04→gatewayA;sensor05→gatewayC;sensor06→gatewayA;sensor07→gatewayA;sensor08→gatewayA;sensor09→gatewayA;sensor10→gatewayC,False,False
2025-06,95,85,previous_month,proposed,2025-05,Feasible,13,9,4,0.375,6b6d852cbf71ceb6,sensor01→gatewayC;sensor02→gatewayC;sensor03→gatewayC;sensor04→gatewayC;sensor05→gatewayC;sensor06→gatewayA;sensor06→gatewayC;sensor07→gatewayC;sensor08→gatewayA;sensor08→gatewayB;sensor09→gatewayA;sensor09→gatewayB;sensor10→gatewayC,False,False
2025-06,95,85,expanding_window,proposed,2024-02;2024-03;2024-04;2024-05;2024-06;2024-07;2024-08;2024-09;2024-10;2024-11;2024-12;2025-01;2025-02;2025-03;2025-04;2025-05,Feasible,12,9,3,0.6153846153846154,57a9ae7a56a23c97,sensor01→gatewayA;sensor01→gatewayC;sensor02→gatewayC;sensor03→gatewayC;sensor04→gatewayA;sensor04→gatewayC;sensor05→gatewayA;sensor06→gatewayA;sensor07→gatewayA;sensor08→gatewayA;sensor09→gatewayA;sensor10→gatewayC,False,False
2025-06,95,85,previous_month,multicover,2025-05,Feasible,13,9,4,0.375,6b6d852cbf71ceb6,sensor01→gatewayC;sensor02→gatewayC;sensor03→gatewayC;sensor04→gatewayC;sensor05→gatewayC;sensor06→gatewayA;sensor06→gatewayC;sensor07→gatewayC;sensor08→gatewayA;sensor08→gatewayB;sensor09→gatewayA;sensor09→gatewayB;sensor10→gatewayC,False,False
2025-06,95,85,expanding_window,multicover,2024-02;2024-03;2024-04;2024-05;2024-06;2024-07;2024-08;2024-09;2024-10;2024-11;2024-12;2025-01;2025-02;2025-03;2025-04;2025-05,Feasible,12,9,3,0.6153846153846154,57a9ae7a56a23c97,sensor01→gatewayA;sensor01→gatewayC;sensor02→gatewayC;sensor03→gatewayC;sensor04→gatewayA;sensor04→gatewayC;sensor05→gatewayA;sensor06→gatewayA;sensor07→gatewayA;sensor08→gatewayA;sensor09→gatewayA;sensor10→gatewayC,False,False
2025-06,95,85,previous_month,coverage_only,2025-05,Feasible,13,9,4,0.375,6b6d852cbf71ceb6,sensor01→gatewayC;sensor02→gatewayC;sensor03→gatewayC;sensor04→gatewayC;sensor05→gatewayC;sensor06→gatewayA;sensor06→gatewayC;sensor07→gatewayC;sensor08→gatewayA;sensor08→gatewayB;sensor09→gatewayA;sensor09→gatewayB;sensor10→gatewayC,False,False
2025-06,95,85,expanding_window,coverage_only,2024-02;2024-03;2024-04;2024-05;2024-06;2024-07;2024-08;2024-09;2024-10;2024-11;2024-12;2025-01;2025-02;2025-03;2025-04;2025-05,Feasible,19,9,10,0.4736842105263157,421bc670300269c4,sensor01→gatewayA;sensor01→gatewayC;sensor02→gatewayA;sensor02→gatewayC;sensor03→gatewayA;sensor03→gatewayC;sensor04→gatewayA;sensor04→gatewayC;sensor05→gatewayA;sensor05→gatewayC;sensor06→gatewayA;sensor06→gatewayC;sensor07→gatewayA;sensor07→gatewayC;sensor08→gatewayA;sensor08→gatewayB;sensor09→gatewayA;sensor09→gatewayB;sensor10→gatewayC,False,False
2025-06,95,85,previous_month,exact,2025-05,Optimal,13,9,4,0.375,6b6d852cbf71ceb6,sensor01→gatewayC;sensor02→gatewayC;sensor03→gatewayC;sensor04→gatewayC;sensor05→gatewayC;sensor06→gatewayA;sensor06→gatewayC;sensor07→gatewayC;sensor08→gatewayA;sensor08→gatewayB;sensor09→gatewayA;sensor09→gatewayB;sensor10→gatewayC,False,False
2025-06,95,85,expanding_window,exact,2024-02;2024-03;2024-04;2024-05;2024-06;2024-07;2024-08;2024-09;2024-10;2024-11;2024-12;2025-01;2025-02;2025-03;2025-04;2025-05,Optimal,12,9,3,0.6153846153846154,57a9ae7a56a23c97,sensor01→gatewayA;sensor01→gatewayC;sensor02→gatewayC;sensor03→gatewayC;sensor04→gatewayA;sensor04→gatewayC;sensor05→gatewayA;sensor06→gatewayA;sensor07→gatewayA;sensor08→gatewayA;sensor09→gatewayA;sensor10→gatewayC,False,False
2025-06,95,85,frozen_initial_window,proposed,2024-02;2024-03;2024-04,Feasible,10,9,1,0.5833333333333334,653063214fd849c6,sensor01→gatewayA;sensor02→gatewayA;sensor02→gatewayC;sensor03→gatewayA;sensor04→gatewayA;sensor05→gatewayA;sensor06→gatewayA;sensor07→gatewayA;sensor08→gatewayA;sensor09→gatewayA,False,False
2025-06,95,85,frozen_initial_window,multicover,2024-02;2024-03;2024-04,Feasible,10,9,1,0.5833333333333334,653063214fd849c6,sensor01→gatewayA;sensor02→gatewayA;sensor02→gatewayC;sensor03→gatewayA;sensor04→gatewayA;sensor05→gatewayA;sensor06→gatewayA;sensor07→gatewayA;sensor08→gatewayA;sensor09→gatewayA,False,False
2025-06,95,85,frozen_initial_window,coverage_only,2024-02;2024-03;2024-04,Feasible,10,9,1,0.5833333333333334,653063214fd849c6,sensor01→gatewayA;sensor02→gatewayA;sensor02→gatewayC;sensor03→gatewayA;sensor04→gatewayA;sensor05→gatewayA;sensor06→gatewayA;sensor07→gatewayA;sensor08→gatewayA;sensor09→gatewayA,False,False
2025-06,95,85,retrospective_oracle,exact,2025-06,Optimal,9,9,0,1.0,e752b2bd62fab48d,sensor01→gatewayA;sensor02→gatewayC;sensor04→gatewayA;sensor05→gatewayC;sensor06→gatewayA;sensor07→gatewayA;sensor08→gatewayA;sensor09→gatewayA;sensor10→gatewayC,False,False
2025-06,98,90,previous_month,proposed,2025-05,Feasible,15,11,4,0.625,078db79676b473ef,sensor01→gatewayA;sensor01→gatewayC;sensor02→gatewayC;sensor03→gatewayC;sensor04→gatewayA;sensor04→gatewayC;sensor05→gatewayC;sensor06→gatewayA;sensor06→gatewayC;sensor07→gatewayC;sensor08→gatewayA;sensor08→gatewayB;sensor09→gatewayA;sensor09→gatewayB;sensor10→gatewayC,False,False
2025-06,98,90,expanding_window,proposed,2024-02;2024-03;2024-04;2024-05;2024-06;2024-07;2024-08;2024-09;2024-10;2024-11;2024-12;2025-01;2025-02;2025-03;2025-04;2025-05,Feasible,16,11,5,0.5882352941176471,9b480a11f6ad871e,sensor01→gatewayA;sensor01→gatewayC;sensor02→gatewayA;sensor02→gatewayC;sensor03→gatewayA;sensor03→gatewayC;sensor04→gatewayA;sensor04→gatewayC;sensor05→gatewayA;sensor06→gatewayA;sensor07→gatewayA;sensor07→gatewayC;sensor08→gatewayA;sensor08→gatewayB;sensor09→gatewayA;sensor10→gatewayC,False,False
2025-06,98,90,previous_month,multicover,2025-05,Feasible,15,11,4,0.625,078db79676b473ef,sensor01→gatewayA;sensor01→gatewayC;sensor02→gatewayC;sensor03→gatewayC;sensor04→gatewayA;sensor04→gatewayC;sensor05→gatewayC;sensor06→gatewayA;sensor06→gatewayC;sensor07→gatewayC;sensor08→gatewayA;sensor08→gatewayB;sensor09→gatewayA;sensor09→gatewayB;sensor10→gatewayC,False,False
2025-06,98,90,expanding_window,multicover,2024-02;2024-03;2024-04;2024-05;2024-06;2024-07;2024-08;2024-09;2024-10;2024-11;2024-12;2025-01;2025-02;2025-03;2025-04;2025-05,Feasible,16,11,5,0.5882352941176471,9b480a11f6ad871e,sensor01→gatewayA;sensor01→gatewayC;sensor02→gatewayA;sensor02→gatewayC;sensor03→gatewayA;sensor03→gatewayC;sensor04→gatewayA;sensor04→gatewayC;sensor05→gatewayA;sensor06→gatewayA;sensor07→gatewayA;sensor07→gatewayC;sensor08→gatewayA;sensor08→gatewayB;sensor09→gatewayA;sensor10→gatewayC,False,False
2025-06,98,90,previous_month,coverage_only,2025-05,Feasible,15,11,4,0.625,078db79676b473ef,sensor01→gatewayA;sensor01→gatewayC;sensor02→gatewayC;sensor03→gatewayC;sensor04→gatewayA;sensor04→gatewayC;sensor05→gatewayC;sensor06→gatewayA;sensor06→gatewayC;sensor07→gatewayC;sensor08→gatewayA;sensor08→gatewayB;sensor09→gatewayA;sensor09→gatewayB;sensor10→gatewayC,False,False
2025-06,98,90,expanding_window,coverage_only,2024-02;2024-03;2024-04;2024-05;2024-06;2024-07;2024-08;2024-09;2024-10;2024-11;2024-12;2025-01;2025-02;2025-03;2025-04;2025-05,Feasible,19,11,8,0.5789473684210527,421bc670300269c4,sensor01→gatewayA;sensor01→gatewayC;sensor02→gatewayA;sensor02→gatewayC;sensor03→gatewayA;sensor03→gatewayC;sensor04→gatewayA;sensor04→gatewayC;sensor05→gatewayA;sensor05→gatewayC;sensor06→gatewayA;sensor06→gatewayC;sensor07→gatewayA;sensor07→gatewayC;sensor08→gatewayA;sensor08→gatewayB;sensor09→gatewayA;sensor09→gatewayB;sensor10→gatewayC,False,False
2025-06,98,90,previous_month,exact,2025-05,Optimal,15,11,4,0.625,078db79676b473ef,sensor01→gatewayA;sensor01→gatewayC;sensor02→gatewayC;sensor03→gatewayC;sensor04→gatewayA;sensor04→gatewayC;sensor05→gatewayC;sensor06→gatewayA;sensor06→gatewayC;sensor07→gatewayC;sensor08→gatewayA;sensor08→gatewayB;sensor09→gatewayA;sensor09→gatewayB;sensor10→gatewayC,False,False
2025-06,98,90,expanding_window,exact,2024-02;2024-03;2024-04;2024-05;2024-06;2024-07;2024-08;2024-09;2024-10;2024-11;2024-12;2025-01;2025-02;2025-03;2025-04;2025-05,Optimal,16,11,5,0.5882352941176471,9b480a11f6ad871e,sensor01→gatewayA;sensor01→gatewayC;sensor02→gatewayA;sensor02→gatewayC;sensor03→gatewayA;sensor03→gatewayC;sensor04→gatewayA;sensor04→gatewayC;sensor05→gatewayA;sensor06→gatewayA;sensor07→gatewayA;sensor07→gatewayC;sensor08→gatewayA;sensor08→gatewayB;sensor09→gatewayA;sensor10→gatewayC,False,False
2025-06,98,90,frozen_initial_window,proposed,2024-02;2024-03;2024-04,Feasible,14,11,3,0.4705882352941176,41373d6960c195b8,sensor01→gatewayA;sensor01→gatewayC;sensor02→gatewayA;sensor02→gatewayC;sensor03→gatewayA;sensor03→gatewayC;sensor04→gatewayA;sensor04→gatewayC;sensor05→gatewayA;sensor06→gatewayA;sensor07→gatewayA;sensor08→gatewayA;sensor08→gatewayB;sensor09→gatewayA,False,False
2025-06,98,90,frozen_initial_window,multicover,2024-02;2024-03;2024-04,Feasible,14,11,3,0.4705882352941176,41373d6960c195b8,sensor01→gatewayA;sensor01→gatewayC;sensor02→gatewayA;sensor02→gatewayC;sensor03→gatewayA;sensor03→gatewayC;sensor04→gatewayA;sensor04→gatewayC;sensor05→gatewayA;sensor06→gatewayA;sensor07→gatewayA;sensor08→gatewayA;sensor08→gatewayB;sensor09→gatewayA,False,False
2025-06,98,90,frozen_initial_window,coverage_only,2024-02;2024-03;2024-04,Feasible,14,11,3,0.4705882352941176,41373d6960c195b8,sensor01→gatewayA;sensor01→gatewayC;sensor02→gatewayA;sensor02→gatewayC;sensor03→gatewayA;sensor03→gatewayC;sensor04→gatewayA;sensor04→gatewayC;sensor05→gatewayA;sensor06→gatewayA;sensor07→gatewayA;sensor08→gatewayA;sensor08→gatewayB;sensor09→gatewayA,False,False
2025-06,98,90,retrospective_oracle,exact,2025-06,Optimal,11,11,0,1.0,9f447a0aa42c671f,sensor01→gatewayA;sensor01→gatewayC;sensor02→gatewayC;sensor04→gatewayA;sensor05→gatewayC;sensor06→gatewayA;sensor07→gatewayA;sensor07→gatewayC;sensor08→gatewayA;sensor09→gatewayA;sensor10→gatewayC,False,False
