P_min_pct,S_min_pct,n_links_prop,subset_hash_prop,selected_links_prop,n_links_mcov,subset_hash_mcov,selected_links_mcov,n_links_exact,subset_hash_exact
80,50,10,d53238027e5c,sensor01→gatewayA;sensor02→gatewayC;sensor03→gatewayC;sensor04→gatewayA;sensor05→gatewayA;sensor06→gatewayA;sensor07→gatewayA;sensor08→gatewayA;sensor09→gatewayA;sensor10→gatewayC,10,d708670db0b5,sensor01→gatewayA;sensor02→gatewayC;sensor03→gatewayC;sensor04→gatewayA;sensor05→gatewayA;sensor06→gatewayA;sensor07→gatewayA;sensor08→gatewayA;sensor09→gatewayA;sensor10→gatewayA,10,d53238027e5c
80,51,10,d53238027e5c,sensor01→gatewayA;sensor02→gatewayC;sensor03→gatewayC;sensor04→gatewayA;sensor05→gatewayA;sensor06→gatewayA;sensor07→gatewayA;sensor08→gatewayA;sensor09→gatewayA;sensor10→gatewayC,10,d708670db0b5,sensor01→gatewayA;sensor02→gatewayC;sensor03→gatewayC;sensor04→gatewayA;sensor05→gatewayA;sensor06→gatewayA;sensor07→gatewayA;sensor08→gatewayA;sensor09→gatewayA;sensor10→gatewayA,10,d53238027e5c
80,52,10,d53238027e5c,sensor01→gatewayA;sensor02→gatewayC;sensor03→gatewayC;sensor04→gatewayA;sensor05→gatewayA;sensor06→gatewayA;sensor07→gatewayA;sensor08→gatewayA;sensor09→gatewayA;sensor10→gatewayC,10,d708670db0b5,sensor01→gatewayA;sensor02→gatewayC;sensor03→gatewayC;sensor04→gatewayA;sensor05→gatewayA;sensor06→gatewayA;sensor07→gatewayA;sensor08→gatewayA;sensor09→gatewayA;sensor10→gatewayA,10,d53238027e5c
80,53,10,d53238027e5c,sensor01→gatewayA;sensor02→gatewayC;sensor03→gatewayC;sensor04→gatewayA;sensor05→gatewayA;sensor06→gatewayA;sensor07→gatewayA;sensor08→gatewayA;sensor09→gatewayA;sensor10→gatewayC,10,d708670db0b5,sensor01→gatewayA;sensor02→gatewayC;sensor03→gatewayC;sensor04→gatewayA;sensor05→gatewayA;sensor06→gatewayA;sensor07→gatewayA;sensor08→gatewayA;sensor09→gatewayA;sensor10→gatewayA,10,d53238027e5c
80,54,10,d53238027e5c,sensor01→gatewayA;sensor02→gatewayC;sensor03→gatewayC;sensor04→gatewayA;sensor05→gatewayA;sensor06→gatewayA;sensor07→gatewayA;sensor08→gatewayA;sensor09→gatewayA;sensor10→gatewayC,10,d708670db0b5,sensor01→gatewayA;sensor02→gatewayC;sensor03→gatewayC;sensor04→gatewayA;sensor05→gatewayA;sensor06→gatewayA;sensor07→gatewayA;sensor08→gatewayA;sensor09→gatewayA;sensor10→gatewayA,10,d53238027e5c
80,55,10,d53238027e5c,sensor01→gatewayA;sensor02→gatewayC;sensor03→gatewayC;sensor04→gatewayA;sensor05→gatewayA;sensor06→gatewayA;sensor07→gatewayA;sensor08→gatewayA;sensor09→gatewayA;sensor10→gatewayC,10,d708670db0b5,sensor01→gatewayA;sensor02→gatewayC;sensor03→gatewayC;sensor04→gatewayA;sensor05→gatewayA;sensor06→gatewayA;sensor07→gatewayA;sensor08→gatewayA;sensor09→gatewayA;sensor10→gatewayA,10,d53238027e5c
80,56,10,d53238027e5c,sensor01→gatewayA;sensor02→gatewayC;sensor03→gatewayC;sensor04→gatewayA;sensor05→gatewayA;sensor06→gatewayA;sensor07→gatewayA;sensor08→gatewayA;sensor09→gatewayA;sensor10→gatewayC,10,d708670db0b5,sensor01→gatewayA;sensor02→gatewayC;sensor03→gatewayC;sensor04→gatewayA;sensor05→gatewayA;sensor06→gatewayA;sensor07→gatewayA;sensor08→gatewayA;sensor09→gatewayA;sensor10→gatewayA,10,d53238027e5c
80,57,10,d53238027e5c,sensor01→gatewayA;sensor02→gatewayC;sensor03→gatewayC;sensor04→gatewayA;sensor05→gatewayA;sensor06→gatewayA;sensor07→gatewayA;sensor08→gatewayA;sensor09→gatewayA;sensor10→gatewayC,10,d708670db0b5,sensor01→gatewayA;sensor02→gatewayC;sensor03→gatewayC;sensor04→gatewayA;sensor05→gatewayA;sensor06→gatewayA;sensor07→gatewayA;sensor08→gatewayA;sensor09→gatewayA;sensor10→gatewayA,10,d53238027e5c
80,58,10,d53238027e5c,sensor01→gatewayA;sensor02→gatewayC;sensor03→gatewayC;sensor04→gatewayA;sensor05→gatewayA;sensor06→gatewayA;sensor07→gatewayA;sensor08→gatewayA;sensor09→gatewayA;sensor10→gatewayC,10,d708670db0b5,sensor01→gatewayA;sensor02→gatewayC;sensor03→gatewayC;sensor04→gatewayA;sensor05→gatewayA;sensor06→gatewayA;sensor07→gatewayA;sensor08→gatewayA;sensor09→gatewayA;sensor10→gatewayA,10,d53238027e5c
80,59,10,d53238027e5c,sensor01→gatewayA;sensor02→gatewayC;sensor03→gatewayC;sensor04→gatewayA;sensor05→gatewayA;sensor06→gatewayA;sensor07→gatewayA;sensor08→gatewayA;sensor09→gatewayA;sensor10→gatewayC,10,d708670db0b5,sensor01→gatewayA;sensor02→gatewayC;sensor03→gatewayC;sensor04→gatewayA;sensor05→gatewayA;sensor06→gatewayA;sensor07→gatewayA;sensor08→gatewayA;sensor09→gatewayA;sensor10→gatewayA,10,d53238027e5c
80,60,10,d53238027e5c,sensor01→gatewayA;sensor02→gatewayC;sensor03→gatewayC;sensor04→gatewayA;sensor05→gatewayA;sensor06→gatewayA;sensor07→gatewayA;sensor08→gatewayA;sensor09→gatewayA;sensor10→gatewayC,10,d708670db0b5,sensor01→gatewayA;sensor02→gatewayC;sensor03→gatewayC;sensor04→gatewayA;sensor05→gatewayA;sensor06→gatewayA;sensor07→gatewayA;sensor08→gatewayA;sensor09→gatewayA;sensor10→gatewayA,10,d53238027e5c
80,61,10,d53238027e5c,sensor01→gatewayA;sensor02→gatewayC;sensor03→gatewayC;sensor04→gatewayA;sensor05→gatewayA;sensor06→gatewayA;sensor07→gatewayA;sensor08→gatewayA;sensor09→gatewayA;sensor10→gatewayC,10,d708670db0b5,sensor01→gatewayA;sensor02→gatewayC;sensor03→gatewayC;sensor04→gatewayA;sensor05→gatewayA;sensor06→gatewayA;sensor07→gatewayA;sensor08→gatewayA;sensor09→gatewayA;sensor10→gatewayA,10,d53238027e5c
80,62,10,d53238027e5c,sensor01→gatewayA;sensor02→gatewayC;sensor03→gatewayC;sensor04→gatewayA;sensor05→gatewayA;sensor06→gatewayA;sensor07→gatewayA;sensor08→gatewayA;sensor09→gatewayA;sensor10→gatewayC,10,d708670db0b5,sensor01→gatewayA;sensor02→gatewayC;sensor03→gatewayC;sensor04→gatewayA;sensor05→gatewayA;sensor06→gatewayA;sensor07→gatewayA;sensor08→gatewayA;sensor09→gatewayA;sensor10→gatewayA,10,d53238027e5c
80,63,10,d53238027e5c,sensor01→gatewayA;sensor02→gatewayC;sensor03→gatewayC;sensor04→gatewayA;sensor05→gatewayA;sensor06→gatewayA;sensor07→gatewayA;sensor08→gatewayA;sensor09→gatewayA;sensor10→gatewayC,10,d708670db0b5,sensor01→gatewayA;sensor02→gatewayC;sensor03→gatewayC;sensor04→gatewayA;sensor05→gatewayA;sensor06→gatewayA;sensor07→gatewayA;sensor08→gatewayA;sensor09→gatewayA;sensor10→gatewayA,10,d53238027e5c
80,64,10,d53238027e5c,sensor01→gatewayA;sensor02→gatewayC;sensor03→gatewayC;sensor04→gatewayA;sensor05→gatewayA;sensor06→gatewayA;sensor07→gatewayA;sensor08→gatewayA;sensor09→gatewayA;sensor10→gatewayC,10,d708670db0b5,sensor01→gatewayA;sensor02→gatewayC;sensor03→gatewayC;sensor04→gatewayA;sensor05→gatewayA;sensor06→gatewayA;sensor07→gatewayA;sensor08→gatewayA;sensor09→gatewayA;sensor10→gatewayA,10,d53238027e5c
80,65,10,d53238027e5c,sensor01→gatewayA;sensor02→gatewayC;sensor03→gatewayC;sensor04→gatewayA;sensor05→gatewayA;sensor06→gatewayA;sensor07→gatewayA;sensor08→gatewayA;sensor09→gatewayA;sensor10→gatewayC,10,d708670db0b5,sensor01→gatewayA;sensor02→gatewayC;sensor03→gatewayC;sensor04→gatewayA;sensor05→gatewayA;sensor06→gatewayA;sensor07→gatewayA;sensor08→gatewayA;sensor09→gatewayA;sensor10→gatewayA,10,d53238027e5c
80,66,10,d53238027e5c,sensor01→gatewayA;sensor02→gatewayC;sensor03→gatewayC;sensor04→gatewayA;sensor05→gatewayA;sensor06→gatewayA;sensor07→gatewayA;sensor08→gatewayA;sensor09→gatewayA;sensor10→gatewayC,10,d708670db0b5,sensor01→gatewayA;sensor02→gatewayC;sensor03→gatewayC;sensor04→gatewayA;sensor05→gatewayA;sensor06→gatewayA;sensor07→gatewayA;sensor08→gatewayA;sensor09→gatewayA;sensor10→gatewayA,10,d53238027e5c
80,67,10,d53238027e5c,sensor01→gatewayA;sensor02→gatewayC;sensor03→gatewayC;sensor04→gatewayA;sensor05→gatewayA;sensor06→gatewayA;sensor07→gatewayA;sensor08→gatewayA;sensor09→gatewayA;sensor10→gatewayC,10,d708670db0b5,sensor01→gatewayA;sensor02→gatewayC;sensor03→gatewayC;sensor04→gatewayA;sensor05→gatewayA;sensor06→gatewayA;sensor07→gatewayA;sensor08→gatewayA;sensor09→gatewayA;sensor10→gatewayA,10,d53238027e5c
80,68,10,d53238027e5c,sensor01→gatewayA;sensor02→gatewayC;sensor03→gatewayC;sensor04→gatewayA;sensor05→gatewayA;sensor06→gatewayA;sensor07→gatewayA;sensor08→gatewayA;sensor09→gatewayA;sensor10→gatewayC,10,d708670db0b5,sensor01→gatewayA;sensor02→gatewayC;sensor03→gatewayC;sensor04→gatewayA;sensor05→gatewayA;sensor06→gatewayA;sensor07→gatewayA;sensor08→gatewayA;sensor09→gatewayA;sensor10→gatewayA,10,d53238027e5c
80,69,10,d53238027e5c,sensor01→gatewayA;sensor02→gatewayC;sensor03→gatewayC;sensor04→gatewayA;sensor05→gatewayA;sensor06→gatewayA;sensor07→gatewayA;sensor08→gatewayA;sensor09→gatewayA;sensor10→gatewayC,10,d708670db0b5,sensor01→gatewayA;sensor02→gatewayC;sensor03→gatewayC;sensor04→gatewayA;sensor05→gatewayA;sensor06→gatewayA;sensor07→gatewayA;sensor08→gatewayA;sensor09→gatewayA;sensor10→gatewayA,10,d53238027e5c
80,70,10,d53238027e5c,sensor01→gatewayA;sensor02→gatewayC;sensor03→gatewayC;sensor04→gatewayA;sensor05→gatewayA;sensor06→gatewayA;sensor07→gatewayA;sensor08→gatewayA;sensor09→gatewayA;sensor10→gatewayC,10,d708670db0b5,sensor01→gatewayA;sensor02→gatewayC;sensor03→gatewayC;sensor04→gatewayA;sensor05→gatewayA;sensor06→gatewayA;sensor07→gatewayA;sensor08→gatewayA;sensor09→gatewayA;sensor10→gatewayA,10,d53238027e5c
80,71,10,d53238027e5c,sensor01→gatewayA;sensor02→gatewayC;sensor03→gatewayC;sensor04→gatewayA;sensor05→gatewayA;sensor06→gatewayA;sensor07→gatewayA;sensor08→gatewayA;sensor09→gatewayA;sensor10→gatewayC,10,d708670db0b5,sensor01→gatewayA;sensor02→gatewayC;sensor03→gatewayC;sensor04→gatewayA;sensor05→gatewayA;sensor06→gatewayA;sensor07→gatewayA;sensor08→gatewayA;sensor09→gatewayA;sensor10→gatewayA,10,d53238027e5c
80,72,10,d53238027e5c,sensor01→gatewayA;sensor02→gatewayC;sensor03→gatewayC;sensor04→gatewayA;sensor05→gatewayA;sensor06→gatewayA;sensor07→gatewayA;sensor08→gatewayA;sensor09→gatewayA;sensor10→gatewayC,10,d708670db0b5,sensor01→gatewayA;sensor02→gatewayC;sensor03→gatewayC;sensor04→gatewayA;sensor05→gatewayA;sensor06→gatewayA;sensor07→gatewayA;sensor08→gatewayA;sensor09→gatewayA;sensor10→gatewayA,10,d53238027e5c
80,73,10,d53238027e5c,sensor01→gatewayA;sensor02→gatewayC;sensor03→gatewayC;sensor04→gatewayA;sensor05→gatewayA;sensor06→gatewayA;sensor07→gatewayA;sensor08→gatewayA;sensor09→gatewayA;sensor10→gatewayC,10,d708670db0b5,sensor01→gatewayA;sensor02→gatewayC;sensor03→gatewayC;sensor04→gatewayA;sensor05→gatewayA;sensor06→gatewayA;sensor07→gatewayA;sensor08→gatewayA;sensor09→gatewayA;sensor10→gatewayA,10,d53238027e5c
80,74,10,d53238027e5c,sensor01→gatewayA;sensor02→gatewayC;sensor03→gatewayC;sensor04→gatewayA;sensor05→gatewayA;sensor06→gatewayA;sensor07→gatewayA;sensor08→gatewayA;sensor09→gatewayA;sensor10→gatewayC,10,d708670db0b5,sensor01→gatewayA;sensor02→gatewayC;sensor03→gatewayC;sensor04→gatewayA;sensor05→gatewayA;sensor06→gatewayA;sensor07→gatewayA;sensor08→gatewayA;sensor09→gatewayA;sensor10→gatewayA,10,d53238027e5c
80,75,10,d53238027e5c,sensor01→gatewayA;sensor02→gatewayC;sensor03→gatewayC;sensor04→gatewayA;sensor05→gatewayA;sensor06→gatewayA;sensor07→gatewayA;sensor08→gatewayA;sensor09→gatewayA;sensor10→gatewayC,10,d708670db0b5,sensor01→gatewayA;sensor02→gatewayC;sensor03→gatewayC;sensor04→gatewayA;sensor05→gatewayA;sensor06→gatewayA;sensor07→gatewayA;sensor08→gatewayA;sensor09→gatewayA;sensor10→gatewayA,10,d53238027e5c
80,76,10,d53238027e5c,sensor01→gatewayA;sensor02→gatewayC;sensor03→gatewayC;sensor04→gatewayA;sensor05→gatewayA;sensor06→gatewayA;sensor07→gatewayA;sensor08→gatewayA;sensor09→gatewayA;sensor10→gatewayC,10,d708670db0b5,sensor01→gatewayA;sensor02→gatewayC;sensor03→gatewayC;sensor04→gatewayA;sensor05→gatewayA;sensor06→gatewayA;sensor07→gatewayA;sensor08→gatewayA;sensor09→gatewayA;sensor10→gatewayA,10,d53238027e5c
80,77,10,d53238027e5c,sensor01→gatewayA;sensor02→gatewayC;sensor03→gatewayC;sensor04→gatewayA;sensor05→gatewayA;sensor06→gatewayA;sensor07→gatewayA;sensor08→gatewayA;sensor09→gatewayA;sensor10→gatewayC,10,d708670db0b5,sensor01→gatewayA;sensor02→gatewayC;sensor03→gatewayC;sensor04→gatewayA;sensor05→gatewayA;sensor06→gatewayA;sensor07→gatewayA;sensor08→gatewayA;sensor09→gatewayA;sensor10→gatewayA,10,d53238027e5c
80,89,12,fba66e5cdf8c,sensor01→gatewayA;sensor01→gatewayC;sensor02→gatewayC;sensor03→gatewayC;sensor04→gatewayA;sensor04→gatewayC;sensor05→gatewayA;sensor06→gatewayA;sensor07→gatewayA;sensor08→gatewayA;sensor09→gatewayA;sensor10→gatewayC,12,1857c34ccaa1,sensor01→gatewayA;sensor01→gatewayB;sensor02→gatewayC;sensor03→gatewayC;sensor04→gatewayA;sensor04→gatewayC;sensor05→gatewayA;sensor06→gatewayA;sensor07→gatewayA;sensor08→gatewayA;sensor09→gatewayA;sensor10→gatewayC,12,fba66e5cdf8c
80,91,14,ba7836f47dfe,sensor01→gatewayA;sensor01→gatewayC;sensor02→gatewayC;sensor03→gatewayC;sensor04→gatewayA;sensor04→gatewayC;sensor05→gatewayA;sensor06→gatewayA;sensor07→gatewayA;sensor07→gatewayC;sensor08→gatewayA;sensor08→gatewayB;sensor09→gatewayA;sensor10→gatewayC,14,7d0409742162,sensor01→gatewayA;sensor01→gatewayC;sensor02→gatewayC;sensor03→gatewayC;sensor04→gatewayA;sensor04→gatewayC;sensor05→gatewayA;sensor06→gatewayA;sensor07→gatewayA;sensor07→gatewayB;sensor08→gatewayA;sensor08→gatewayB;sensor09→gatewayA;sensor10→gatewayC,14,ba7836f47dfe
80,92,14,ba7836f47dfe,sensor01→gatewayA;sensor01→gatewayC;sensor02→gatewayC;sensor03→gatewayC;sensor04→gatewayA;sensor04→gatewayC;sensor05→gatewayA;sensor06→gatewayA;sensor07→gatewayA;sensor07→gatewayC;sensor08→gatewayA;sensor08→gatewayB;sensor09→gatewayA;sensor10→gatewayC,14,7d0409742162,sensor01→gatewayA;sensor01→gatewayC;sensor02→gatewayC;sensor03→gatewayC;sensor04→gatewayA;sensor04→gatewayC;sensor05→gatewayA;sensor06→gatewayA;sensor07→gatewayA;sensor07→gatewayB;sensor08→gatewayA;sensor08→gatewayB;sensor09→gatewayA;sensor10→gatewayC,14,ba7836f47dfe
80,95,17,126ff9a6f407,sensor01→gatewayA;sensor01→gatewayC;sensor02→gatewayA;sensor02→gatewayC;sensor03→gatewayA;sensor03→gatewayC;sensor04→gatewayA;sensor04→gatewayC;sensor05→gatewayA;sensor05→gatewayC;sensor06→gatewayA;sensor07→gatewayA;sensor07→gatewayC;sensor08→gatewayA;sensor08→gatewayB;sensor09→gatewayA;sensor10→gatewayC,17,4deb1457865a,sensor01→gatewayA;sensor01→gatewayC;sensor02→gatewayA;sensor02→gatewayC;sensor03→gatewayA;sensor03→gatewayC;sensor04→gatewayA;sensor04→gatewayC;sensor05→gatewayA;sensor05→gatewayB;sensor06→gatewayA;sensor07→gatewayA;sensor07→gatewayC;sensor08→gatewayA;sensor08→gatewayB;sensor09→gatewayA;sensor10→gatewayC,17,126ff9a6f407
81,50,10,d53238027e5c,sensor01→gatewayA;sensor02→gatewayC;sensor03→gatewayC;sensor04→gatewayA;sensor05→gatewayA;sensor06→gatewayA;sensor07→gatewayA;sensor08→gatewayA;sensor09→gatewayA;sensor10→gatewayC,10,d708670db0b5,sensor01→gatewayA;sensor02→gatewayC;sensor03→gatewayC;sensor04→gatewayA;sensor05→gatewayA;sensor06→gatewayA;sensor07→gatewayA;sensor08→gatewayA;sensor09→gatewayA;sensor10→gatewayA,10,d53238027e5c
81,51,10,d53238027e5c,sensor01→gatewayA;sensor02→gatewayC;sensor03→gatewayC;sensor04→gatewayA;sensor05→gatewayA;sensor06→gatewayA;sensor07→gatewayA;sensor08→gatewayA;sensor09→gatewayA;sensor10→gatewayC,10,d708670db0b5,sensor01→gatewayA;sensor02→gatewayC;sensor03→gatewayC;sensor04→gatewayA;sensor05→gatewayA;sensor06→gatewayA;sensor07→gatewayA;sensor08→gatewayA;sensor09→gatewayA;sensor10→gatewayA,10,d53238027e5c
81,52,10,d53238027e5c,sensor01→gatewayA;sensor02→gatewayC;sensor03→gatewayC;sensor04→gatewayA;sensor05→gatewayA;sensor06→gatewayA;sensor07→gatewayA;sensor08→gatewayA;sensor09→gatewayA;sensor10→gatewayC,10,d708670db0b5,sensor01→gatewayA;sensor02→gatewayC;sensor03→gatewayC;sensor04→gatewayA;sensor05→gatewayA;sensor06→gatewayA;sensor07→gatewayA;sensor08→gatewayA;sensor09→gatewayA;sensor10→gatewayA,10,d53238027e5c
81,53,10,d53238027e5c,sensor01→gatewayA;sensor02→gatewayC;sensor03→gatewayC;sensor04→gatewayA;sensor05→gatewayA;sensor06→gatewayA;sensor07→gatewayA;sensor08→gatewayA;sensor09→gatewayA;sensor10→gatewayC,10,d708670db0b5,sensor01→gatewayA;sensor02→gatewayC;sensor03→gatewayC;sensor04→gatewayA;sensor05→gatewayA;sensor06→gatewayA;sensor07→gatewayA;sensor08→gatewayA;sensor09→gatewayA;sensor10→gatewayA,10,d53238027e5c
81,54,10,d53238027e5c,sensor01→gatewayA;sensor02→gatewayC;sensor03→gatewayC;sensor04→gatewayA;sensor05→gatewayA;sensor06→gatewayA;sensor07→gatewayA;sensor08→gatewayA;sensor09→gatewayA;sensor10→gatewayC,10,d708670db0b5,sensor01→gatewayA;sensor02→gatewayC;sensor03→gatewayC;sensor04→gatewayA;sensor05→gatewayA;sensor06→gatewayA;sensor07→gatewayA;sensor08→gatewayA;sensor09→gatewayA;sensor10→gatewayA,10,d53238027e5c
81,55,10,d53238027e5c,sensor01→gatewayA;sensor02→gatewayC;sensor03→gatewayC;sensor04→gatewayA;sensor05→gatewayA;sensor06→gatewayA;sensor07→gatewayA;sensor08→gatewayA;sensor09→gatewayA;sensor10→gatewayC,10,d708670db0b5,sensor01→gatewayA;sensor02→gatewayC;sensor03→gatewayC;sensor04→gatewayA;sensor05→gatewayA;sensor06→gatewayA;sensor07→gatewayA;sensor08→gatewayA;sensor09→gatewayA;sensor10→gatewayA,10,d53238027e5c
81,56,10,d53238027e5c,sensor01→gatewayA;sensor02→gatewayC;sensor03→gatewayC;sensor04→gatewayA;sensor05→gatewayA;sensor06→gatewayA;sensor07→gatewayA;sensor08→gatewayA;sensor09→gatewayA;sensor10→gatewayC,10,d708670db0b5,sensor01→gatewayA;sensor02→gatewayC;sensor03→gatewayC;sensor04→gatewayA;sensor05→gatewayA;sensor06→gatewayA;sensor07→gatewayA;sensor08→gatewayA;sensor09→gatewayA;sensor10→gatewayA,10,d53238027e5c
81,57,10,d53238027e5c,sensor01→gatewayA;sensor02→gatewayC;sensor03→gatewayC;sensor04→gatewayA;sensor05→gatewayA;sensor06→gatewayA;sensor07→gatewayA;sensor08→gatewayA;sensor09→gatewayA;sensor10→gatewayC,10,d708670db0b5,sensor01→gatewayA;sensor02→gatewayC;sensor03→gatewayC;sensor04→gatewayA;sensor05→gatewayA;sensor06→gatewayA;sensor07→gatewayA;sensor08→gatewayA;sensor09→gatewayA;sensor10→gatewayA,10,d53238027e5c
81,58,10,d53238027e5c,sensor01→gatewayA;sensor02→gatewayC;sensor03→gatewayC;sensor04→gatewayA;sensor05→gatewayA;sensor06→gatewayA;sensor07→gatewayA;sensor08→gatewayA;sensor09→gatewayA;sensor10→gatewayC,10,d708670db0b5,sensor01→gatewayA;sensor02→gatewayC;sensor03→gatewayC;sensor04→gatewayA;sensor05→gatewayA;sensor06→gatewayA;sensor07→gatewayA;sensor08→gatewayA;sensor09→gatewayA;sensor10→gatewayA,10,d53238027e5c
81,59,10,d53238027e5c,sensor01→gatewayA;sensor02→gatewayC;sensor03→gatewayC;sensor04→gatewayA;sensor05→gatewayA;sensor06→gatewayA;sensor07→gatewayA;sensor08→gatewayA;sensor09→gatewayA;sensor10→gatewayC,10,d708670db0b5,sensor01→gatewayA;sensor02→gatewayC;sensor03→gatewayC;sensor04→gatewayA;sensor05→gatewayA;sensor06→gatewayA;sensor07→gatewayA;sensor08→gatewayA;sensor09→gatewayA;sensor10→gatewayA,10,d53238027e5c
81,60,10,d53238027e5c,sensor01→gatewayA;sensor02→gatewayC;sensor03→gatewayC;sensor04→gatewayA;sensor05→gatewayA;sensor06→gatewayA;sensor07→gatewayA;sensor08→gatewayA;sensor09→gatewayA;sensor10→gatewayC,10,d708670db0b5,sensor01→gatewayA;sensor02→gatewayC;sensor03→gatewayC;sensor04→gatewayA;sensor05→gatewayA;sensor06→gatewayA;sensor07→gatewayA;sensor08→gatewayA;sensor09→gatewayA;sensor10→gatewayA,10,d53238027e5c
81,61,10,d53238027e5c,sensor01→gatewayA;sensor02→gatewayC;sensor03→gatewayC;sensor04→gatewayA;sensor05→gatewayA;sensor06→gatewayA;sensor07→gatewayA;sensor08→gatewayA;sensor09→gatewayA;sensor10→gatewayC,10,d708670db0b5,sensor01→gatewayA;sensor02→gatewayC;sensor03→gatewayC;sensor04→gatewayA;sensor05→gatewayA;sensor06→gatewayA;sensor07→gatewayA;sensor08→gatewayA;sensor09→gatewayA;sensor10→gatewayA,10,d53238027e5c
81,62,10,d53238027e5c,sensor01→gatewayA;sensor02→gatewayC;sensor03→gatewayC;sensor04→gatewayA;sensor05→gatewayA;sensor06→gatewayA;sensor07→gatewayA;sensor08→gatewayA;sensor09→gatewayA;sensor10→gatewayC,10,d708670db0b5,sensor01→gatewayA;sensor02→gatewayC;sensor03→gatewayC;sensor04→gatewayA;sensor05→gatewayA;sensor06→gatewayA;sensor07→gatewayA;sensor08→gatewayA;sensor09→gatewayA;sensor10→gatewayA,10,d53238027e5c
81,63,10,d53238027e5c,sensor01→gatewayA;sensor02→gatewayC;sensor03→gatewayC;sensor04→gatewayA;sensor05→gatewayA;sensor06→gatewayA;sensor07→gatewayA;sensor08→gatewayA;sensor09→gatewayA;sensor10→gatewayC,10,d708670db0b5,sensor01→gatewayA;sensor02→gatewayC;sensor03→gatewayC;sensor04→gatewayA;sensor05→gatewayA;sensor06→gatewayA;sensor07→gatewayA;sensor08→gatewayA;sensor09→gatewayA;sensor10→gatewayA,10,d53238027e5c
81,64,10,d53238027e5c,sensor01→gatewayA;sensor02→gatewayC;sensor03→gatewayC;sensor04→gatewayA;sensor05→gatewayA;sensor06→gatewayA;sensor07→gatewayA;sensor08→gatewayA;sensor09→gatewayA;sensor10→gatewayC,10,d708670db0b5,sensor01→gatewayA;sensor02→gatewayC;sensor03→gatewayC;sensor04→gatewayA;sensor05→gatewayA;sensor06→gatewayA;sensor07→gatewayA;sensor08→gatewayA;sensor09→gatewayA;sensor10→gatewayA,10,d53238027e5c
81,65,10,d53238027e5c,sensor01→gatewayA;sensor02→gatewayC;sensor03→gatewayC;sensor04→gatewayA;sensor05→gatewayA;sensor06→gatewayA;sensor07→gatewayA;sensor08→gatewayA;sensor09→gatewayA;sensor10→gatewayC,10,d708670db0b5,sensor01→gatewayA;sensor02→gatewayC;sensor03→gatewayC;sensor04→gatewayA;sensor05→gatewayA;sensor06→gatewayA;sensor07→gatewayA;sensor08→gatewayA;sensor09→gatewayA;sensor10→gatewayA,10,d53238027e5c
81,66,10,d53238027e5c,sensor01→gatewayA;sensor02→gatewayC;sensor03→gatewayC;sensor04→gatewayA;sensor05→gatewayA;sensor06→gatewayA;sensor07→gatewayA;sensor08→gatewayA;sensor09→gatewayA;sensor10→gatewayC,10,d708670db0b5,sensor01→gatewayA;sensor02→gatewayC;sensor03→gatewayC;sensor04→gatewayA;sensor05→gatewayA;sensor06→gatewayA;sensor07→gatewayA;sensor08→gatewayA;sensor09→gatewayA;sensor10→gatewayA,10,d53238027e5c
81,67,10,d53238027e5c,sensor01→gatewayA;sensor02→gatewayC;sensor03→gatewayC;sensor04→gatewayA;sensor05→gatewayA;sensor06→gatewayA;sensor07→gatewayA;sensor08→gatewayA;sensor09→gatewayA;sensor10→gatewayC,10,d708670db0b5,sensor01→gatewayA;sensor02→gatewayC;sensor03→gatewayC;sensor04→gatewayA;sensor05→gatewayA;sensor06→gatewayA;sensor07→gatewayA;sensor08→gatewayA;sensor09→gatewayA;sensor10→gatewayA,10,d53238027e5c
81,68,10,d53238027e5c,sensor01→gatewayA;sensor02→gatewayC;sensor03→gatewayC;sensor04→gatewayA;sensor05→gatewayA;sensor06→gatewayA;sensor07→gatewayA;sensor08→gatewayA;sensor09→gatewayA;sensor10→gatewayC,10,d708670db0b5,sensor01→gatewayA;sensor02→gatewayC;sensor03→gatewayC;sensor04→gatewayA;sensor05→gatewayA;sensor06→gatewayA;sensor07→gatewayA;sensor08→gatewayA;sensor09→gatewayA;sensor10→gatewayA,10,d53238027e5c
81,69,10,d53238027e5c,sensor01→gatewayA;sensor02→gatewayC;sensor03→gatewayC;sensor04→gatewayA;sensor05→gatewayA;sensor06→gatewayA;sensor07→gatewayA;sensor08→gatewayA;sensor09→gatewayA;sensor10→gatewayC,10,d708670db0b5,sensor01→gatewayA;sensor02→gatewayC;sensor03→gatewayC;sensor04→gatewayA;sensor05→gatewayA;sensor06→gatewayA;sensor07→gatewayA;sensor08→gatewayA;sensor09→gatewayA;sensor10→gatewayA,10,d53238027e5c
81,70,10,d53238027e5c,sensor01→gatewayA;sensor02→gatewayC;sensor03→gatewayC;sensor04→gatewayA;sensor05→gatewayA;sensor06→gatewayA;sensor07→gatewayA;sensor08→gatewayA;sensor09→gatewayA;sensor10→gatewayC,10,d708670db0b5,sensor01→gatewayA;sensor02→gatewayC;sensor03→gatewayC;sensor04→gatewayA;sensor05→gatewayA;sensor06→gatewayA;sensor07→gatewayA;sensor08→gatewayA;sensor09→gatewayA;sensor10→gatewayA,10,d53238027e5c
81,71,10,d53238027e5c,sensor01→gatewayA;sensor02→gatewayC;sensor03→gatewayC;sensor04→gatewayA;sensor05→gatewayA;sensor06→gatewayA;sensor07→gatewayA;sensor08→gatewayA;sensor09→gatewayA;sensor10→gatewayC,10,d708670db0b5,sensor01→gatewayA;sensor02→gatewayC;sensor03→gatewayC;sensor04→gatewayA;sensor05→gatewayA;sensor06→gatewayA;sensor07→gatewayA;sensor08→gatewayA;sensor09→gatewayA;sensor10→gatewayA,10,d53238027e5c
81,72,10,d53238027e5c,sensor01→gatewayA;sensor02→gatewayC;sensor03→gatewayC;sensor04→gatewayA;sensor05→gatewayA;sensor06→gatewayA;sensor07→gatewayA;sensor08→gatewayA;sensor09→gatewayA;sensor10→gatewayC,10,d708670db0b5,sensor01→gatewayA;sensor02→gatewayC;sensor03→gatewayC;sensor04→gatewayA;sensor05→gatewayA;sensor06→gatewayA;sensor07→gatewayA;sensor08→gatewayA;sensor09→gatewayA;sensor10→gatewayA,10,d53238027e5c
81,73,10,d53238027e5c,sensor01→gatewayA;sensor02→gatewayC;sensor03→gatewayC;sensor04→gatewayA;sensor05→gatewayA;sensor06→gatewayA;sensor07→gatewayA;sensor08→gatewayA;sensor09→gatewayA;sensor10→gatewayC,10,d708670db0b5,sensor01→gatewayA;sensor02→gatewayC;sensor03→gatewayC;sensor04→gatewayA;sensor05→gatewayA;sensor06→gatewayA;sensor07→gatewayA;sensor08→gatewayA;sensor09→gatewayA;sensor10→gatewayA,10,d53238027e5c
81,74,10,d53238027e5c,sensor01→gatewayA;sensor02→gatewayC;sensor03→gatewayC;sensor04→gatewayA;sensor05→gatewayA;sensor06→gatewayA;sensor07→gatewayA;sensor08→gatewayA;sensor09→gatewayA;sensor10→gatewayC,10,d708670db0b5,sensor01→gatewayA;sensor02→gatewayC;sensor03→gatewayC;sensor04→gatewayA;sensor05→gatewayA;sensor06→gatewayA;sensor07→gatewayA;sensor08→gatewayA;sensor09→gatewayA;sensor10→gatewayA,10,d53238027e5c
81,75,10,d53238027e5c,sensor01→gatewayA;sensor02→gatewayC;sensor03→gatewayC;sensor04→gatewayA;sensor05→gatewayA;sensor06→gatewayA;sensor07→gatewayA;sensor08→gatewayA;sensor09→gatewayA;sensor10→gatewayC,10,d708670db0b5,sensor01→gatewayA;sensor02→gatewayC;sensor03→gatewayC;sensor04→gatewayA;sensor05→gatewayA;sensor06→gatewayA;sensor07→gatewayA;sensor08→gatewayA;sensor09→gatewayA;sensor10→gatewayA,10,d53238027e5c
81,76,10,d53238027e5c,sensor01→gatewayA;sensor02→gatewayC;sensor03→gatewayC;sensor04→gatewayA;sensor05→gatewayA;sensor06→gatewayA;sensor07→gatewayA;sensor08→gatewayA;sensor09→gatewayA;sensor10→gatewayC,10,d708670db0b5,sensor01→gatewayA;sensor02→gatewayC;sensor03→gatewayC;sensor04→gatewayA;sensor05→gatewayA;sensor06→gatewayA;sensor07→gatewayA;sensor08→gatewayA;sensor09→gatewayA;sensor10→gatewayA,10,d53238027e5c
81,77,10,d53238027e5c,sensor01→gatewayA;sensor02→gatewayC;sensor03→gatewayC;sensor04→gatewayA;sensor05→gatewayA;sensor06→gatewayA;sensor07→gatewayA;sensor08→gatewayA;sensor09→gatewayA;sensor10→gatewayC,10,d708670db0b5,sensor01→gatewayA;sensor02→gatewayC;sensor03→gatewayC;sensor04→gatewayA;sensor05→gatewayA;sensor06→gatewayA;sensor07→gatewayA;sensor08→gatewayA;sensor09→gatewayA;sensor10→gatewayA,10,d53238027e5c
81,89,12,fba66e5cdf8c,sensor01→gatewayA;sensor01→gatewayC;sensor02→gatewayC;sensor03→gatewayC;sensor04→gatewayA;sensor04→gatewayC;sensor05→gatewayA;sensor06→gatewayA;sensor07→gatewayA;sensor08→gatewayA;sensor09→gatewayA;sensor10→gatewayC,12,1857c34ccaa1,sensor01→gatewayA;sensor01→gatewayB;sensor02→gatewayC;sensor03→gatewayC;sensor04→gatewayA;sensor04→gatewayC;sensor05→gatewayA;sensor06→gatewayA;sensor07→gatewayA;sensor08→gatewayA;sensor09→gatewayA;sensor10→gatewayC,12,fba66e5cdf8c
81,91,14,ba7836f47dfe,sensor01→gatewayA;sensor01→gatewayC;sensor02→gatewayC;sensor03→gatewayC;sensor04→gatewayA;sensor04→gatewayC;sensor05→gatewayA;sensor06→gatewayA;sensor07→gatewayA;sensor07→gatewayC;sensor08→gatewayA;sensor08→gatewayB;sensor09→gatewayA;sensor10→gatewayC,14,7d0409742162,sensor01→gatewayA;sensor01→gatewayC;sensor02→gatewayC;sensor03→gatewayC;sensor04→gatewayA;sensor04→gatewayC;sensor05→gatewayA;sensor06→gatewayA;sensor07→gatewayA;sensor07→gatewayB;sensor08→gatewayA;sensor08→gatewayB;sensor09→gatewayA;sensor10→gatewayC,14,ba7836f47dfe
81,92,14,ba7836f47dfe,sensor01→gatewayA;sensor01→gatewayC;sensor02→gatewayC;sensor03→gatewayC;sensor04→gatewayA;sensor04→gatewayC;sensor05→gatewayA;sensor06→gatewayA;sensor07→gatewayA;sensor07→gatewayC;sensor08→gatewayA;sensor08→gatewayB;sensor09→gatewayA;sensor10→gatewayC,14,7d0409742162,sensor01→gatewayA;sensor01→gatewayC;sensor02→gatewayC;sensor03→gatewayC;sensor04→gatewayA;sensor04→gatewayC;sensor05→gatewayA;sensor06→gatewayA;sensor07→gatewayA;sensor07→gatewayB;sensor08→gatewayA;sensor08→gatewayB;sensor09→gatewayA;sensor10→gatewayC,14,ba7836f47dfe
81,95,17,126ff9a6f407,sensor01→gatewayA;sensor01→gatewayC;sensor02→gatewayA;sensor02→gatewayC;sensor03→gatewayA;sensor03→gatewayC;sensor04→gatewayA;sensor04→gatewayC;sensor05→gatewayA;sensor05→gatewayC;sensor06→gatewayA;sensor07→gatewayA;sensor07→gatewayC;sensor08→gatewayA;sensor08→gatewayB;sensor09→gatewayA;sensor10→gatewayC,17,4deb1457865a,sensor01→gatewayA;sensor01→gatewayC;sensor02→gatewayA;sensor02→gatewayC;sensor03→gatewayA;sensor03→gatewayC;sensor04→gatewayA;sensor04→gatewayC;sensor05→gatewayA;sensor05→gatewayB;sensor06→gatewayA;sensor07→gatewayA;sensor07→gatewayC;sensor08→gatewayA;sensor08→gatewayB;sensor09→gatewayA;sensor10→gatewayC,17,126ff9a6f407
82,50,10,d53238027e5c,sensor01→gatewayA;sensor02→gatewayC;sensor03→gatewayC;sensor04→gatewayA;sensor05→gatewayA;sensor06→gatewayA;sensor07→gatewayA;sensor08→gatewayA;sensor09→gatewayA;sensor10→gatewayC,10,d708670db0b5,sensor01→gatewayA;sensor02→gatewayC;sensor03→gatewayC;sensor04→gatewayA;sensor05→gatewayA;sensor06→gatewayA;sensor07→gatewayA;sensor08→gatewayA;sensor09→gatewayA;sensor10→gatewayA,10,d53238027e5c
82,51,10,d53238027e5c,sensor01→gatewayA;sensor02→gatewayC;sensor03→gatewayC;sensor04→gatewayA;sensor05→gatewayA;sensor06→gatewayA;sensor07→gatewayA;sensor08→gatewayA;sensor09→gatewayA;sensor10→gatewayC,10,d708670db0b5,sensor01→gatewayA;sensor02→gatewayC;sensor03→gatewayC;sensor04→gatewayA;sensor05→gatewayA;sensor06→gatewayA;sensor07→gatewayA;sensor08→gatewayA;sensor09→gatewayA;sensor10→gatewayA,10,d53238027e5c
82,52,10,d53238027e5c,sensor01→gatewayA;sensor02→gatewayC;sensor03→gatewayC;sensor04→gatewayA;sensor05→gatewayA;sensor06→gatewayA;sensor07→gatewayA;sensor08→gatewayA;sensor09→gatewayA;sensor10→gatewayC,10,d708670db0b5,sensor01→gatewayA;sensor02→gatewayC;sensor03→gatewayC;sensor04→gatewayA;sensor05→gatewayA;sensor06→gatewayA;sensor07→gatewayA;sensor08→gatewayA;sensor09→gatewayA;sensor10→gatewayA,10,d53238027e5c
82,53,10,d53238027e5c,sensor01→gatewayA;sensor02→gatewayC;sensor03→gatewayC;sensor04→gatewayA;sensor05→gatewayA;sensor06→gatewayA;sensor07→gatewayA;sensor08→gatewayA;sensor09→gatewayA;sensor10→gatewayC,10,d708670db0b5,sensor01→gatewayA;sensor02→gatewayC;sensor03→gatewayC;sensor04→gatewayA;sensor05→gatewayA;sensor06→gatewayA;sensor07→gatewayA;sensor08→gatewayA;sensor09→gatewayA;sensor10→gatewayA,10,d53238027e5c
82,54,10,d53238027e5c,sensor01→gatewayA;sensor02→gatewayC;sensor03→gatewayC;sensor04→gatewayA;sensor05→gatewayA;sensor06→gatewayA;sensor07→gatewayA;sensor08→gatewayA;sensor09→gatewayA;sensor10→gatewayC,10,d708670db0b5,sensor01→gatewayA;sensor02→gatewayC;sensor03→gatewayC;sensor04→gatewayA;sensor05→gatewayA;sensor06→gatewayA;sensor07→gatewayA;sensor08→gatewayA;sensor09→gatewayA;sensor10→gatewayA,10,d53238027e5c
82,55,10,d53238027e5c,sensor01→gatewayA;sensor02→gatewayC;sensor03→gatewayC;sensor04→gatewayA;sensor05→gatewayA;sensor06→gatewayA;sensor07→gatewayA;sensor08→gatewayA;sensor09→gatewayA;sensor10→gatewayC,10,d708670db0b5,sensor01→gatewayA;sensor02→gatewayC;sensor03→gatewayC;sensor04→gatewayA;sensor05→gatewayA;sensor06→gatewayA;sensor07→gatewayA;sensor08→gatewayA;sensor09→gatewayA;sensor10→gatewayA,10,d53238027e5c
82,56,10,d53238027e5c,sensor01→gatewayA;sensor02→gatewayC;sensor03→gatewayC;sensor04→gatewayA;sensor05→gatewayA;sensor06→gatewayA;sensor07→gatewayA;sensor08→gatewayA;sensor09→gatewayA;sensor10→gatewayC,10,d708670db0b5,sensor01→gatewayA;sensor02→gatewayC;sensor03→gatewayC;sensor04→gatewayA;sensor05→gatewayA;sensor06→gatewayA;sensor07→gatewayA;sensor08→gatewayA;sensor09→gatewayA;sensor10→gatewayA,10,d53238027e5c
82,57,10,d53238027e5c,sensor01→gatewayA;sensor02→gatewayC;sensor03→gatewayC;sensor04→gatewayA;sensor05→gatewayA;sensor06→gatewayA;sensor07→gatewayA;sensor08→gatewayA;sensor09→gatewayA;sensor10→gatewayC,10,d708670db0b5,sensor01→gatewayA;sensor02→gatewayC;sensor03→gatewayC;sensor04→gatewayA;sensor05→gatewayA;sensor06→gatewayA;sensor07→gatewayA;sensor08→gatewayA;sensor09→gatewayA;sensor10→gatewayA,10,d53238027e5c
82,58,10,d53238027e5c,sensor01→gatewayA;sensor02→gatewayC;sensor03→gatewayC;sensor04→gatewayA;sensor05→gatewayA;sensor06→gatewayA;sensor07→gatewayA;sensor08→gatewayA;sensor09→gatewayA;sensor10→gatewayC,10,d708670db0b5,sensor01→gatewayA;sensor02→gatewayC;sensor03→gatewayC;sensor04→gatewayA;sensor05→gatewayA;sensor06→gatewayA;sensor07→gatewayA;sensor08→gatewayA;sensor09→gatewayA;sensor10→gatewayA,10,d53238027e5c
82,59,10,d53238027e5c,sensor01→gatewayA;sensor02→gatewayC;sensor03→gatewayC;sensor04→gatewayA;sensor05→gatewayA;sensor06→gatewayA;sensor07→gatewayA;sensor08→gatewayA;sensor09→gatewayA;sensor10→gatewayC,10,d708670db0b5,sensor01→gatewayA;sensor02→gatewayC;sensor03→gatewayC;sensor04→gatewayA;sensor05→gatewayA;sensor06→gatewayA;sensor07→gatewayA;sensor08→gatewayA;sensor09→gatewayA;sensor10→gatewayA,10,d53238027e5c
82,60,10,d53238027e5c,sensor01→gatewayA;sensor02→gatewayC;sensor03→gatewayC;sensor04→gatewayA;sensor05→gatewayA;sensor06→gatewayA;sensor07→gatewayA;sensor08→gatewayA;sensor09→gatewayA;sensor10→gatewayC,10,d708670db0b5,sensor01→gatewayA;sensor02→gatewayC;sensor03→gatewayC;sensor04→gatewayA;sensor05→gatewayA;sensor06→gatewayA;sensor07→gatewayA;sensor08→gatewayA;sensor09→gatewayA;sensor10→gatewayA,10,d53238027e5c
82,61,10,d53238027e5c,sensor01→gatewayA;sensor02→gatewayC;sensor03→gatewayC;sensor04→gatewayA;sensor05→gatewayA;sensor06→gatewayA;sensor07→gatewayA;sensor08→gatewayA;sensor09→gatewayA;sensor10→gatewayC,10,d708670db0b5,sensor01→gatewayA;sensor02→gatewayC;sensor03→gatewayC;sensor04→gatewayA;sensor05→gatewayA;sensor06→gatewayA;sensor07→gatewayA;sensor08→gatewayA;sensor09→gatewayA;sensor10→gatewayA,10,d53238027e5c
82,62,10,d53238027e5c,sensor01→gatewayA;sensor02→gatewayC;sensor03→gatewayC;sensor04→gatewayA;sensor05→gatewayA;sensor06→gatewayA;sensor07→gatewayA;sensor08→gatewayA;sensor09→gatewayA;sensor10→gatewayC,10,d708670db0b5,sensor01→gatewayA;sensor02→gatewayC;sensor03→gatewayC;sensor04→gatewayA;sensor05→gatewayA;sensor06→gatewayA;sensor07→gatewayA;sensor08→gatewayA;sensor09→gatewayA;sensor10→gatewayA,10,d53238027e5c
82,63,10,d53238027e5c,sensor01→gatewayA;sensor02→gatewayC;sensor03→gatewayC;sensor04→gatewayA;sensor05→gatewayA;sensor06→gatewayA;sensor07→gatewayA;sensor08→gatewayA;sensor09→gatewayA;sensor10→gatewayC,10,d708670db0b5,sensor01→gatewayA;sensor02→gatewayC;sensor03→gatewayC;sensor04→gatewayA;sensor05→gatewayA;sensor06→gatewayA;sensor07→gatewayA;sensor08→gatewayA;sensor09→gatewayA;sensor10→gatewayA,10,d53238027e5c
82,64,10,d53238027e5c,sensor01→gatewayA;sensor02→gatewayC;sensor03→gatewayC;sensor04→gatewayA;sensor05→gatewayA;sensor06→gatewayA;sensor07→gatewayA;sensor08→gatewayA;sensor09→gatewayA;sensor10→gatewayC,10,d708670db0b5,sensor01→gatewayA;sensor02→gatewayC;sensor03→gatewayC;sensor04→gatewayA;sensor05→gatewayA;sensor06→gatewayA;sensor07→gatewayA;sensor08→gatewayA;sensor09→gatewayA;sensor10→gatewayA,10,d53238027e5c
82,65,10,d53238027e5c,sensor01→gatewayA;sensor02→gatewayC;sensor03→gatewayC;sensor04→gatewayA;sensor05→gatewayA;sensor06→gatewayA;sensor07→gatewayA;sensor08→gatewayA;sensor09→gatewayA;sensor10→gatewayC,10,d708670db0b5,sensor01→gatewayA;sensor02→gatewayC;sensor03→gatewayC;sensor04→gatewayA;sensor05→gatewayA;sensor06→gatewayA;sensor07→gatewayA;sensor08→gatewayA;sensor09→gatewayA;sensor10→gatewayA,10,d53238027e5c
82,66,10,d53238027e5c,sensor01→gatewayA;sensor02→gatewayC;sensor03→gatewayC;sensor04→gatewayA;sensor05→gatewayA;sensor06→gatewayA;sensor07→gatewayA;sensor08→gatewayA;sensor09→gatewayA;sensor10→gatewayC,10,d708670db0b5,sensor01→gatewayA;sensor02→gatewayC;sensor03→gatewayC;sensor04→gatewayA;sensor05→gatewayA;sensor06→gatewayA;sensor07→gatewayA;sensor08→gatewayA;sensor09→gatewayA;sensor10→gatewayA,10,d53238027e5c
82,67,10,d53238027e5c,sensor01→gatewayA;sensor02→gatewayC;sensor03→gatewayC;sensor04→gatewayA;sensor05→gatewayA;sensor06→gatewayA;sensor07→gatewayA;sensor08→gatewayA;sensor09→gatewayA;sensor10→gatewayC,10,d708670db0b5,sensor01→gatewayA;sensor02→gatewayC;sensor03→gatewayC;sensor04→gatewayA;sensor05→gatewayA;sensor06→gatewayA;sensor07→gatewayA;sensor08→gatewayA;sensor09→gatewayA;sensor10→gatewayA,10,d53238027e5c
82,68,10,d53238027e5c,sensor01→gatewayA;sensor02→gatewayC;sensor03→gatewayC;sensor04→gatewayA;sensor05→gatewayA;sensor06→gatewayA;sensor07→gatewayA;sensor08→gatewayA;sensor09→gatewayA;sensor10→gatewayC,10,d708670db0b5,sensor01→gatewayA;sensor02→gatewayC;sensor03→gatewayC;sensor04→gatewayA;sensor05→gatewayA;sensor06→gatewayA;sensor07→gatewayA;sensor08→gatewayA;sensor09→gatewayA;sensor10→gatewayA,10,d53238027e5c
82,69,10,d53238027e5c,sensor01→gatewayA;sensor02→gatewayC;sensor03→gatewayC;sensor04→gatewayA;sensor05→gatewayA;sensor06→gatewayA;sensor07→gatewayA;sensor08→gatewayA;sensor09→gatewayA;sensor10→gatewayC,10,d708670db0b5,sensor01→gatewayA;sensor02→gatewayC;sensor03→gatewayC;sensor04→gatewayA;sensor05→gatewayA;sensor06→gatewayA;sensor07→gatewayA;sensor08→gatewayA;sensor09→gatewayA;sensor10→gatewayA,10,d53238027e5c
82,70,10,d53238027e5c,sensor01→gatewayA;sensor02→gatewayC;sensor03→gatewayC;sensor04→gatewayA;sensor05→gatewayA;sensor06→gatewayA;sensor07→gatewayA;sensor08→gatewayA;sensor09→gatewayA;sensor10→gatewayC,10,d708670db0b5,sensor01→gatewayA;sensor02→gatewayC;sensor03→gatewayC;sensor04→gatewayA;sensor05→gatewayA;sensor06→gatewayA;sensor07→gatewayA;sensor08→gatewayA;sensor09→gatewayA;sensor10→gatewayA,10,d53238027e5c
82,71,10,d53238027e5c,sensor01→gatewayA;sensor02→gatewayC;sensor03→gatewayC;sensor04→gatewayA;sensor05→gatewayA;sensor06→gatewayA;sensor07→gatewayA;sensor08→gatewayA;sensor09→gatewayA;sensor10→gatewayC,10,d708670db0b5,sensor01→gatewayA;sensor02→gatewayC;sensor03→gatewayC;sensor04→gatewayA;sensor05→gatewayA;sensor06→gatewayA;sensor07→gatewayA;sensor08→gatewayA;sensor09→gatewayA;sensor10→gatewayA,10,d53238027e5c
82,72,10,d53238027e5c,sensor01→gatewayA;sensor02→gatewayC;sensor03→gatewayC;sensor04→gatewayA;sensor05→gatewayA;sensor06→gatewayA;sensor07→gatewayA;sensor08→gatewayA;sensor09→gatewayA;sensor10→gatewayC,10,d708670db0b5,sensor01→gatewayA;sensor02→gatewayC;sensor03→gatewayC;sensor04→gatewayA;sensor05→gatewayA;sensor06→gatewayA;sensor07→gatewayA;sensor08→gatewayA;sensor09→gatewayA;sensor10→gatewayA,10,d53238027e5c
82,73,10,d53238027e5c,sensor01→gatewayA;sensor02→gatewayC;sensor03→gatewayC;sensor04→gatewayA;sensor05→gatewayA;sensor06→gatewayA;sensor07→gatewayA;sensor08→gatewayA;sensor09→gatewayA;sensor10→gatewayC,10,d708670db0b5,sensor01→gatewayA;sensor02→gatewayC;sensor03→gatewayC;sensor04→gatewayA;sensor05→gatewayA;sensor06→gatewayA;sensor07→gatewayA;sensor08→gatewayA;sensor09→gatewayA;sensor10→gatewayA,10,d53238027e5c
82,74,10,d53238027e5c,sensor01→gatewayA;sensor02→gatewayC;sensor03→gatewayC;sensor04→gatewayA;sensor05→gatewayA;sensor06→gatewayA;sensor07→gatewayA;sensor08→gatewayA;sensor09→gatewayA;sensor10→gatewayC,10,d708670db0b5,sensor01→gatewayA;sensor02→gatewayC;sensor03→gatewayC;sensor04→gatewayA;sensor05→gatewayA;sensor06→gatewayA;sensor07→gatewayA;sensor08→gatewayA;sensor09→gatewayA;sensor10→gatewayA,10,d53238027e5c
82,75,10,d53238027e5c,sensor01→gatewayA;sensor02→gatewayC;sensor03→gatewayC;sensor04→gatewayA;sensor05→gatewayA;sensor06→gatewayA;sensor07→gatewayA;sensor08→gatewayA;sensor09→gatewayA;sensor10→gatewayC,10,d708670db0b5,sensor01→gatewayA;sensor02→gatewayC;sensor03→gatewayC;sensor04→gatewayA;sensor05→gatewayA;sensor06→gatewayA;sensor07→gatewayA;sensor08→gatewayA;sensor09→gatewayA;sensor10→gatewayA,10,d53238027e5c
82,76,10,d53238027e5c,sensor01→gatewayA;sensor02→gatewayC;sensor03→gatewayC;sensor04→gatewayA;sensor05→gatewayA;sensor06→gatewayA;sensor07→gatewayA;sensor08→gatewayA;sensor09→gatewayA;sensor10→gatewayC,10,d708670db0b5,sensor01→gatewayA;sensor02→gatewayC;sensor03→gatewayC;sensor04→gatewayA;sensor05→gatewayA;sensor06→gatewayA;sensor07→gatewayA;sensor08→gatewayA;sensor09→gatewayA;sensor10→gatewayA,10,d53238027e5c
82,77,10,d53238027e5c,sensor01→gatewayA;sensor02→gatewayC;sensor03→gatewayC;sensor04→gatewayA;sensor05→gatewayA;sensor06→gatewayA;sensor07→gatewayA;sensor08→gatewayA;sensor09→gatewayA;sensor10→gatewayC,10,d708670db0b5,sensor01→gatewayA;sensor02→gatewayC;sensor03→gatewayC;sensor04→gatewayA;sensor05→gatewayA;sensor06→gatewayA;sensor07→gatewayA;sensor08→gatewayA;sensor09→gatewayA;sensor10→gatewayA,10,d53238027e5c
82,89,12,fba66e5cdf8c,sensor01→gatewayA;sensor01→gatewayC;sensor02→gatewayC;sensor03→gatewayC;sensor04→gatewayA;sensor04→gatewayC;sensor05→gatewayA;sensor06→gatewayA;sensor07→gatewayA;sensor08→gatewayA;sensor09→gatewayA;sensor10→gatewayC,12,1857c34ccaa1,sensor01→gatewayA;sensor01→gatewayB;sensor02→gatewayC;sensor03→gatewayC;sensor04→gatewayA;sensor04→gatewayC;sensor05→gatewayA;sensor06→gatewayA;sensor07→gatewayA;sensor08→gatewayA;sensor09→gatewayA;sensor10→gatewayC,12,fba66e5cdf8c
82,91,14,ba7836f47dfe,sensor01→gatewayA;sensor01→gatewayC;sensor02→gatewayC;sensor03→gatewayC;sensor04→gatewayA;sensor04→gatewayC;sensor05→gatewayA;sensor06→gatewayA;sensor07→gatewayA;sensor07→gatewayC;sensor08→gatewayA;sensor08→gatewayB;sensor09→gatewayA;sensor10→gatewayC,14,7d0409742162,sensor01→gatewayA;sensor01→gatewayC;sensor02→gatewayC;sensor03→gatewayC;sensor04→gatewayA;sensor04→gatewayC;sensor05→gatewayA;sensor06→gatewayA;sensor07→gatewayA;sensor07→gatewayB;sensor08→gatewayA;sensor08→gatewayB;sensor09→gatewayA;sensor10→gatewayC,14,ba7836f47dfe
82,92,14,ba7836f47dfe,sensor01→gatewayA;sensor01→gatewayC;sensor02→gatewayC;sensor03→gatewayC;sensor04→gatewayA;sensor04→gatewayC;sensor05→gatewayA;sensor06→gatewayA;sensor07→gatewayA;sensor07→gatewayC;sensor08→gatewayA;sensor08→gatewayB;sensor09→gatewayA;sensor10→gatewayC,14,7d0409742162,sensor01→gatewayA;sensor01→gatewayC;sensor02→gatewayC;sensor03→gatewayC;sensor04→gatewayA;sensor04→gatewayC;sensor05→gatewayA;sensor06→gatewayA;sensor07→gatewayA;sensor07→gatewayB;sensor08→gatewayA;sensor08→gatewayB;sensor09→gatewayA;sensor10→gatewayC,14,ba7836f47dfe
82,95,17,126ff9a6f407,sensor01→gatewayA;sensor01→gatewayC;sensor02→gatewayA;sensor02→gatewayC;sensor03→gatewayA;sensor03→gatewayC;sensor04→gatewayA;sensor04→gatewayC;sensor05→gatewayA;sensor05→gatewayC;sensor06→gatewayA;sensor07→gatewayA;sensor07→gatewayC;sensor08→gatewayA;sensor08→gatewayB;sensor09→gatewayA;sensor10→gatewayC,17,4deb1457865a,sensor01→gatewayA;sensor01→gatewayC;sensor02→gatewayA;sensor02→gatewayC;sensor03→gatewayA;sensor03→gatewayC;sensor04→gatewayA;sensor04→gatewayC;sensor05→gatewayA;sensor05→gatewayB;sensor06→gatewayA;sensor07→gatewayA;sensor07→gatewayC;sensor08→gatewayA;sensor08→gatewayB;sensor09→gatewayA;sensor10→gatewayC,17,126ff9a6f407
83,50,10,d53238027e5c,sensor01→gatewayA;sensor02→gatewayC;sensor03→gatewayC;sensor04→gatewayA;sensor05→gatewayA;sensor06→gatewayA;sensor07→gatewayA;sensor08→gatewayA;sensor09→gatewayA;sensor10→gatewayC,10,d708670db0b5,sensor01→gatewayA;sensor02→gatewayC;sensor03→gatewayC;sensor04→gatewayA;sensor05→gatewayA;sensor06→gatewayA;sensor07→gatewayA;sensor08→gatewayA;sensor09→gatewayA;sensor10→gatewayA,10,d53238027e5c
83,51,10,d53238027e5c,sensor01→gatewayA;sensor02→gatewayC;sensor03→gatewayC;sensor04→gatewayA;sensor05→gatewayA;sensor06→gatewayA;sensor07→gatewayA;sensor08→gatewayA;sensor09→gatewayA;sensor10→gatewayC,10,d708670db0b5,sensor01→gatewayA;sensor02→gatewayC;sensor03→gatewayC;sensor04→gatewayA;sensor05→gatewayA;sensor06→gatewayA;sensor07→gatewayA;sensor08→gatewayA;sensor09→gatewayA;sensor10→gatewayA,10,d53238027e5c
83,52,10,d53238027e5c,sensor01→gatewayA;sensor02→gatewayC;sensor03→gatewayC;sensor04→gatewayA;sensor05→gatewayA;sensor06→gatewayA;sensor07→gatewayA;sensor08→gatewayA;sensor09→gatewayA;sensor10→gatewayC,10,d708670db0b5,sensor01→gatewayA;sensor02→gatewayC;sensor03→gatewayC;sensor04→gatewayA;sensor05→gatewayA;sensor06→gatewayA;sensor07→gatewayA;sensor08→gatewayA;sensor09→gatewayA;sensor10→gatewayA,10,d53238027e5c
83,53,10,d53238027e5c,sensor01→gatewayA;sensor02→gatewayC;sensor03→gatewayC;sensor04→gatewayA;sensor05→gatewayA;sensor06→gatewayA;sensor07→gatewayA;sensor08→gatewayA;sensor09→gatewayA;sensor10→gatewayC,10,d708670db0b5,sensor01→gatewayA;sensor02→gatewayC;sensor03→gatewayC;sensor04→gatewayA;sensor05→gatewayA;sensor06→gatewayA;sensor07→gatewayA;sensor08→gatewayA;sensor09→gatewayA;sensor10→gatewayA,10,d53238027e5c
83,54,10,d53238027e5c,sensor01→gatewayA;sensor02→gatewayC;sensor03→gatewayC;sensor04→gatewayA;sensor05→gatewayA;sensor06→gatewayA;sensor07→gatewayA;sensor08→gatewayA;sensor09→gatewayA;sensor10→gatewayC,10,d708670db0b5,sensor01→gatewayA;sensor02→gatewayC;sensor03→gatewayC;sensor04→gatewayA;sensor05→gatewayA;sensor06→gatewayA;sensor07→gatewayA;sensor08→gatewayA;sensor09→gatewayA;sensor10→gatewayA,10,d53238027e5c
83,55,10,d53238027e5c,sensor01→gatewayA;sensor02→gatewayC;sensor03→gatewayC;sensor04→gatewayA;sensor05→gatewayA;sensor06→gatewayA;sensor07→gatewayA;sensor08→gatewayA;sensor09→gatewayA;sensor10→gatewayC,10,d708670db0b5,sensor01→gatewayA;sensor02→gatewayC;sensor03→gatewayC;sensor04→gatewayA;sensor05→gatewayA;sensor06→gatewayA;sensor07→gatewayA;sensor08→gatewayA;sensor09→gatewayA;sensor10→gatewayA,10,d53238027e5c
83,56,10,d53238027e5c,sensor01→gatewayA;sensor02→gatewayC;sensor03→gatewayC;sensor04→gatewayA;sensor05→gatewayA;sensor06→gatewayA;sensor07→gatewayA;sensor08→gatewayA;sensor09→gatewayA;sensor10→gatewayC,10,d708670db0b5,sensor01→gatewayA;sensor02→gatewayC;sensor03→gatewayC;sensor04→gatewayA;sensor05→gatewayA;sensor06→gatewayA;sensor07→gatewayA;sensor08→gatewayA;sensor09→gatewayA;sensor10→gatewayA,10,d53238027e5c
83,57,10,d53238027e5c,sensor01→gatewayA;sensor02→gatewayC;sensor03→gatewayC;sensor04→gatewayA;sensor05→gatewayA;sensor06→gatewayA;sensor07→gatewayA;sensor08→gatewayA;sensor09→gatewayA;sensor10→gatewayC,10,d708670db0b5,sensor01→gatewayA;sensor02→gatewayC;sensor03→gatewayC;sensor04→gatewayA;sensor05→gatewayA;sensor06→gatewayA;sensor07→gatewayA;sensor08→gatewayA;sensor09→gatewayA;sensor10→gatewayA,10,d53238027e5c
83,58,10,d53238027e5c,sensor01→gatewayA;sensor02→gatewayC;sensor03→gatewayC;sensor04→gatewayA;sensor05→gatewayA;sensor06→gatewayA;sensor07→gatewayA;sensor08→gatewayA;sensor09→gatewayA;sensor10→gatewayC,10,d708670db0b5,sensor01→gatewayA;sensor02→gatewayC;sensor03→gatewayC;sensor04→gatewayA;sensor05→gatewayA;sensor06→gatewayA;sensor07→gatewayA;sensor08→gatewayA;sensor09→gatewayA;sensor10→gatewayA,10,d53238027e5c
83,59,10,d53238027e5c,sensor01→gatewayA;sensor02→gatewayC;sensor03→gatewayC;sensor04→gatewayA;sensor05→gatewayA;sensor06→gatewayA;sensor07→gatewayA;sensor08→gatewayA;sensor09→gatewayA;sensor10→gatewayC,10,d708670db0b5,sensor01→gatewayA;sensor02→gatewayC;sensor03→gatewayC;sensor04→gatewayA;sensor05→gatewayA;sensor06→gatewayA;sensor07→gatewayA;sensor08→gatewayA;sensor09→gatewayA;sensor10→gatewayA,10,d53238027e5c
83,60,10,d53238027e5c,sensor01→gatewayA;sensor02→gatewayC;sensor03→gatewayC;sensor04→gatewayA;sensor05→gatewayA;sensor06→gatewayA;sensor07→gatewayA;sensor08→gatewayA;sensor09→gatewayA;sensor10→gatewayC,10,d708670db0b5,sensor01→gatewayA;sensor02→gatewayC;sensor03→gatewayC;sensor04→gatewayA;sensor05→gatewayA;sensor06→gatewayA;sensor07→gatewayA;sensor08→gatewayA;sensor09→gatewayA;sensor10→gatewayA,10,d53238027e5c
83,61,10,d53238027e5c,sensor01→gatewayA;sensor02→gatewayC;sensor03→gatewayC;sensor04→gatewayA;sensor05→gatewayA;sensor06→gatewayA;sensor07→gatewayA;sensor08→gatewayA;sensor09→gatewayA;sensor10→gatewayC,10,d708670db0b5,sensor01→gatewayA;sensor02→gatewayC;sensor03→gatewayC;sensor04→gatewayA;sensor05→gatewayA;sensor06→gatewayA;sensor07→gatewayA;sensor08→gatewayA;sensor09→gatewayA;sensor10→gatewayA,10,d53238027e5c
83,62,10,d53238027e5c,sensor01→gatewayA;sensor02→gatewayC;sensor03→gatewayC;sensor04→gatewayA;sensor05→gatewayA;sensor06→gatewayA;sensor07→gatewayA;sensor08→gatewayA;sensor09→gatewayA;sensor10→gatewayC,10,d708670db0b5,sensor01→gatewayA;sensor02→gatewayC;sensor03→gatewayC;sensor04→gatewayA;sensor05→gatewayA;sensor06→gatewayA;sensor07→gatewayA;sensor08→gatewayA;sensor09→gatewayA;sensor10→gatewayA,10,d53238027e5c
83,63,10,d53238027e5c,sensor01→gatewayA;sensor02→gatewayC;sensor03→gatewayC;sensor04→gatewayA;sensor05→gatewayA;sensor06→gatewayA;sensor07→gatewayA;sensor08→gatewayA;sensor09→gatewayA;sensor10→gatewayC,10,d708670db0b5,sensor01→gatewayA;sensor02→gatewayC;sensor03→gatewayC;sensor04→gatewayA;sensor05→gatewayA;sensor06→gatewayA;sensor07→gatewayA;sensor08→gatewayA;sensor09→gatewayA;sensor10→gatewayA,10,d53238027e5c
83,64,10,d53238027e5c,sensor01→gatewayA;sensor02→gatewayC;sensor03→gatewayC;sensor04→gatewayA;sensor05→gatewayA;sensor06→gatewayA;sensor07→gatewayA;sensor08→gatewayA;sensor09→gatewayA;sensor10→gatewayC,10,d708670db0b5,sensor01→gatewayA;sensor02→gatewayC;sensor03→gatewayC;sensor04→gatewayA;sensor05→gatewayA;sensor06→gatewayA;sensor07→gatewayA;sensor08→gatewayA;sensor09→gatewayA;sensor10→gatewayA,10,d53238027e5c
83,65,10,d53238027e5c,sensor01→gatewayA;sensor02→gatewayC;sensor03→gatewayC;sensor04→gatewayA;sensor05→gatewayA;sensor06→gatewayA;sensor07→gatewayA;sensor08→gatewayA;sensor09→gatewayA;sensor10→gatewayC,10,d708670db0b5,sensor01→gatewayA;sensor02→gatewayC;sensor03→gatewayC;sensor04→gatewayA;sensor05→gatewayA;sensor06→gatewayA;sensor07→gatewayA;sensor08→gatewayA;sensor09→gatewayA;sensor10→gatewayA,10,d53238027e5c
83,66,10,d53238027e5c,sensor01→gatewayA;sensor02→gatewayC;sensor03→gatewayC;sensor04→gatewayA;sensor05→gatewayA;sensor06→gatewayA;sensor07→gatewayA;sensor08→gatewayA;sensor09→gatewayA;sensor10→gatewayC,10,d708670db0b5,sensor01→gatewayA;sensor02→gatewayC;sensor03→gatewayC;sensor04→gatewayA;sensor05→gatewayA;sensor06→gatewayA;sensor07→gatewayA;sensor08→gatewayA;sensor09→gatewayA;sensor10→gatewayA,10,d53238027e5c
83,67,10,d53238027e5c,sensor01→gatewayA;sensor02→gatewayC;sensor03→gatewayC;sensor04→gatewayA;sensor05→gatewayA;sensor06→gatewayA;sensor07→gatewayA;sensor08→gatewayA;sensor09→gatewayA;sensor10→gatewayC,10,d708670db0b5,sensor01→gatewayA;sensor02→gatewayC;sensor03→gatewayC;sensor04→gatewayA;sensor05→gatewayA;sensor06→gatewayA;sensor07→gatewayA;sensor08→gatewayA;sensor09→gatewayA;sensor10→gatewayA,10,d53238027e5c
83,68,10,d53238027e5c,sensor01→gatewayA;sensor02→gatewayC;sensor03→gatewayC;sensor04→gatewayA;sensor05→gatewayA;sensor06→gatewayA;sensor07→gatewayA;sensor08→gatewayA;sensor09→gatewayA;sensor10→gatewayC,10,d708670db0b5,sensor01→gatewayA;sensor02→gatewayC;sensor03→gatewayC;sensor04→gatewayA;sensor05→gatewayA;sensor06→gatewayA;sensor07→gatewayA;sensor08→gatewayA;sensor09→gatewayA;sensor10→gatewayA,10,d53238027e5c
83,69,10,d53238027e5c,sensor01→gatewayA;sensor02→gatewayC;sensor03→gatewayC;sensor04→gatewayA;sensor05→gatewayA;sensor06→gatewayA;sensor07→gatewayA;sensor08→gatewayA;sensor09→gatewayA;sensor10→gatewayC,10,d708670db0b5,sensor01→gatewayA;sensor02→gatewayC;sensor03→gatewayC;sensor04→gatewayA;sensor05→gatewayA;sensor06→gatewayA;sensor07→gatewayA;sensor08→gatewayA;sensor09→gatewayA;sensor10→gatewayA,10,d53238027e5c
83,70,10,d53238027e5c,sensor01→gatewayA;sensor02→gatewayC;sensor03→gatewayC;sensor04→gatewayA;sensor05→gatewayA;sensor06→gatewayA;sensor07→gatewayA;sensor08→gatewayA;sensor09→gatewayA;sensor10→gatewayC,10,d708670db0b5,sensor01→gatewayA;sensor02→gatewayC;sensor03→gatewayC;sensor04→gatewayA;sensor05→gatewayA;sensor06→gatewayA;sensor07→gatewayA;sensor08→gatewayA;sensor09→gatewayA;sensor10→gatewayA,10,d53238027e5c
83,71,10,d53238027e5c,sensor01→gatewayA;sensor02→gatewayC;sensor03→gatewayC;sensor04→gatewayA;sensor05→gatewayA;sensor06→gatewayA;sensor07→gatewayA;sensor08→gatewayA;sensor09→gatewayA;sensor10→gatewayC,10,d708670db0b5,sensor01→gatewayA;sensor02→gatewayC;sensor03→gatewayC;sensor04→gatewayA;sensor05→gatewayA;sensor06→gatewayA;sensor07→gatewayA;sensor08→gatewayA;sensor09→gatewayA;sensor10→gatewayA,10,d53238027e5c
83,72,10,d53238027e5c,sensor01→gatewayA;sensor02→gatewayC;sensor03→gatewayC;sensor04→gatewayA;sensor05→gatewayA;sensor06→gatewayA;sensor07→gatewayA;sensor08→gatewayA;sensor09→gatewayA;sensor10→gatewayC,10,d708670db0b5,sensor01→gatewayA;sensor02→gatewayC;sensor03→gatewayC;sensor04→gatewayA;sensor05→gatewayA;sensor06→gatewayA;sensor07→gatewayA;sensor08→gatewayA;sensor09→gatewayA;sensor10→gatewayA,10,d53238027e5c
83,73,10,d53238027e5c,sensor01→gatewayA;sensor02→gatewayC;sensor03→gatewayC;sensor04→gatewayA;sensor05→gatewayA;sensor06→gatewayA;sensor07→gatewayA;sensor08→gatewayA;sensor09→gatewayA;sensor10→gatewayC,10,d708670db0b5,sensor01→gatewayA;sensor02→gatewayC;sensor03→gatewayC;sensor04→gatewayA;sensor05→gatewayA;sensor06→gatewayA;sensor07→gatewayA;sensor08→gatewayA;sensor09→gatewayA;sensor10→gatewayA,10,d53238027e5c
83,74,10,d53238027e5c,sensor01→gatewayA;sensor02→gatewayC;sensor03→gatewayC;sensor04→gatewayA;sensor05→gatewayA;sensor06→gatewayA;sensor07→gatewayA;sensor08→gatewayA;sensor09→gatewayA;sensor10→gatewayC,10,d708670db0b5,sensor01→gatewayA;sensor02→gatewayC;sensor03→gatewayC;sensor04→gatewayA;sensor05→gatewayA;sensor06→gatewayA;sensor07→gatewayA;sensor08→gatewayA;sensor09→gatewayA;sensor10→gatewayA,10,d53238027e5c
83,75,10,d53238027e5c,sensor01→gatewayA;sensor02→gatewayC;sensor03→gatewayC;sensor04→gatewayA;sensor05→gatewayA;sensor06→gatewayA;sensor07→gatewayA;sensor08→gatewayA;sensor09→gatewayA;sensor10→gatewayC,10,d708670db0b5,sensor01→gatewayA;sensor02→gatewayC;sensor03→gatewayC;sensor04→gatewayA;sensor05→gatewayA;sensor06→gatewayA;sensor07→gatewayA;sensor08→gatewayA;sensor09→gatewayA;sensor10→gatewayA,10,d53238027e5c
83,76,10,d53238027e5c,sensor01→gatewayA;sensor02→gatewayC;sensor03→gatewayC;sensor04→gatewayA;sensor05→gatewayA;sensor06→gatewayA;sensor07→gatewayA;sensor08→gatewayA;sensor09→gatewayA;sensor10→gatewayC,10,d708670db0b5,sensor01→gatewayA;sensor02→gatewayC;sensor03→gatewayC;sensor04→gatewayA;sensor05→gatewayA;sensor06→gatewayA;sensor07→gatewayA;sensor08→gatewayA;sensor09→gatewayA;sensor10→gatewayA,10,d53238027e5c
83,77,10,d53238027e5c,sensor01→gatewayA;sensor02→gatewayC;sensor03→gatewayC;sensor04→gatewayA;sensor05→gatewayA;sensor06→gatewayA;sensor07→gatewayA;sensor08→gatewayA;sensor09→gatewayA;sensor10→gatewayC,10,d708670db0b5,sensor01→gatewayA;sensor02→gatewayC;sensor03→gatewayC;sensor04→gatewayA;sensor05→gatewayA;sensor06→gatewayA;sensor07→gatewayA;sensor08→gatewayA;sensor09→gatewayA;sensor10→gatewayA,10,d53238027e5c
83,89,12,fba66e5cdf8c,sensor01→gatewayA;sensor01→gatewayC;sensor02→gatewayC;sensor03→gatewayC;sensor04→gatewayA;sensor04→gatewayC;sensor05→gatewayA;sensor06→gatewayA;sensor07→gatewayA;sensor08→gatewayA;sensor09→gatewayA;sensor10→gatewayC,12,1857c34ccaa1,sensor01→gatewayA;sensor01→gatewayB;sensor02→gatewayC;sensor03→gatewayC;sensor04→gatewayA;sensor04→gatewayC;sensor05→gatewayA;sensor06→gatewayA;sensor07→gatewayA;sensor08→gatewayA;sensor09→gatewayA;sensor10→gatewayC,12,fba66e5cdf8c
83,91,14,ba7836f47dfe,sensor01→gatewayA;sensor01→gatewayC;sensor02→gatewayC;sensor03→gatewayC;sensor04→gatewayA;sensor04→gatewayC;sensor05→gatewayA;sensor06→gatewayA;sensor07→gatewayA;sensor07→gatewayC;sensor08→gatewayA;sensor08→gatewayB;sensor09→gatewayA;sensor10→gatewayC,14,7d0409742162,sensor01→gatewayA;sensor01→gatewayC;sensor02→gatewayC;sensor03→gatewayC;sensor04→gatewayA;sensor04→gatewayC;sensor05→gatewayA;sensor06→gatewayA;sensor07→gatewayA;sensor07→gatewayB;sensor08→gatewayA;sensor08→gatewayB;sensor09→gatewayA;sensor10→gatewayC,14,ba7836f47dfe
83,92,14,ba7836f47dfe,sensor01→gatewayA;sensor01→gatewayC;sensor02→gatewayC;sensor03→gatewayC;sensor04→gatewayA;sensor04→gatewayC;sensor05→gatewayA;sensor06→gatewayA;sensor07→gatewayA;sensor07→gatewayC;sensor08→gatewayA;sensor08→gatewayB;sensor09→gatewayA;sensor10→gatewayC,14,7d0409742162,sensor01→gatewayA;sensor01→gatewayC;sensor02→gatewayC;sensor03→gatewayC;sensor04→gatewayA;sensor04→gatewayC;sensor05→gatewayA;sensor06→gatewayA;sensor07→gatewayA;sensor07→gatewayB;sensor08→gatewayA;sensor08→gatewayB;sensor09→gatewayA;sensor10→gatewayC,14,ba7836f47dfe
83,95,17,126ff9a6f407,sensor01→gatewayA;sensor01→gatewayC;sensor02→gatewayA;sensor02→gatewayC;sensor03→gatewayA;sensor03→gatewayC;sensor04→gatewayA;sensor04→gatewayC;sensor05→gatewayA;sensor05→gatewayC;sensor06→gatewayA;sensor07→gatewayA;sensor07→gatewayC;sensor08→gatewayA;sensor08→gatewayB;sensor09→gatewayA;sensor10→gatewayC,17,4deb1457865a,sensor01→gatewayA;sensor01→gatewayC;sensor02→gatewayA;sensor02→gatewayC;sensor03→gatewayA;sensor03→gatewayC;sensor04→gatewayA;sensor04→gatewayC;sensor05→gatewayA;sensor05→gatewayB;sensor06→gatewayA;sensor07→gatewayA;sensor07→gatewayC;sensor08→gatewayA;sensor08→gatewayB;sensor09→gatewayA;sensor10→gatewayC,17,126ff9a6f407
84,50,10,d53238027e5c,sensor01→gatewayA;sensor02→gatewayC;sensor03→gatewayC;sensor04→gatewayA;sensor05→gatewayA;sensor06→gatewayA;sensor07→gatewayA;sensor08→gatewayA;sensor09→gatewayA;sensor10→gatewayC,10,d708670db0b5,sensor01→gatewayA;sensor02→gatewayC;sensor03→gatewayC;sensor04→gatewayA;sensor05→gatewayA;sensor06→gatewayA;sensor07→gatewayA;sensor08→gatewayA;sensor09→gatewayA;sensor10→gatewayA,10,d53238027e5c
84,51,10,d53238027e5c,sensor01→gatewayA;sensor02→gatewayC;sensor03→gatewayC;sensor04→gatewayA;sensor05→gatewayA;sensor06→gatewayA;sensor07→gatewayA;sensor08→gatewayA;sensor09→gatewayA;sensor10→gatewayC,10,d708670db0b5,sensor01→gatewayA;sensor02→gatewayC;sensor03→gatewayC;sensor04→gatewayA;sensor05→gatewayA;sensor06→gatewayA;sensor07→gatewayA;sensor08→gatewayA;sensor09→gatewayA;sensor10→gatewayA,10,d53238027e5c
84,52,10,d53238027e5c,sensor01→gatewayA;sensor02→gatewayC;sensor03→gatewayC;sensor04→gatewayA;sensor05→gatewayA;sensor06→gatewayA;sensor07→gatewayA;sensor08→gatewayA;sensor09→gatewayA;sensor10→gatewayC,10,d708670db0b5,sensor01→gatewayA;sensor02→gatewayC;sensor03→gatewayC;sensor04→gatewayA;sensor05→gatewayA;sensor06→gatewayA;sensor07→gatewayA;sensor08→gatewayA;sensor09→gatewayA;sensor10→gatewayA,10,d53238027e5c
84,53,10,d53238027e5c,sensor01→gatewayA;sensor02→gatewayC;sensor03→gatewayC;sensor04→gatewayA;sensor05→gatewayA;sensor06→gatewayA;sensor07→gatewayA;sensor08→gatewayA;sensor09→gatewayA;sensor10→gatewayC,10,d708670db0b5,sensor01→gatewayA;sensor02→gatewayC;sensor03→gatewayC;sensor04→gatewayA;sensor05→gatewayA;sensor06→gatewayA;sensor07→gatewayA;sensor08→gatewayA;sensor09→gatewayA;sensor10→gatewayA,10,d53238027e5c
84,54,10,d53238027e5c,sensor01→gatewayA;sensor02→gatewayC;sensor03→gatewayC;sensor04→gatewayA;sensor05→gatewayA;sensor06→gatewayA;sensor07→gatewayA;sensor08→gatewayA;sensor09→gatewayA;sensor10→gatewayC,10,d708670db0b5,sensor01→gatewayA;sensor02→gatewayC;sensor03→gatewayC;sensor04→gatewayA;sensor05→gatewayA;sensor06→gatewayA;sensor07→gatewayA;sensor08→gatewayA;sensor09→gatewayA;sensor10→gatewayA,10,d53238027e5c
84,55,10,d53238027e5c,sensor01→gatewayA;sensor02→gatewayC;sensor03→gatewayC;sensor04→gatewayA;sensor05→gatewayA;sensor06→gatewayA;sensor07→gatewayA;sensor08→gatewayA;sensor09→gatewayA;sensor10→gatewayC,10,d708670db0b5,sensor01→gatewayA;sensor02→gatewayC;sensor03→gatewayC;sensor04→gatewayA;sensor05→gatewayA;sensor06→gatewayA;sensor07→gatewayA;sensor08→gatewayA;sensor09→gatewayA;sensor10→gatewayA,10,d53238027e5c
84,56,10,d53238027e5c,sensor01→gatewayA;sensor02→gatewayC;sensor03→gatewayC;sensor04→gatewayA;sensor05→gatewayA;sensor06→gatewayA;sensor07→gatewayA;sensor08→gatewayA;sensor09→gatewayA;sensor10→gatewayC,10,d708670db0b5,sensor01→gatewayA;sensor02→gatewayC;sensor03→gatewayC;sensor04→gatewayA;sensor05→gatewayA;sensor06→gatewayA;sensor07→gatewayA;sensor08→gatewayA;sensor09→gatewayA;sensor10→gatewayA,10,d53238027e5c
84,57,10,d53238027e5c,sensor01→gatewayA;sensor02→gatewayC;sensor03→gatewayC;sensor04→gatewayA;sensor05→gatewayA;sensor06→gatewayA;sensor07→gatewayA;sensor08→gatewayA;sensor09→gatewayA;sensor10→gatewayC,10,d708670db0b5,sensor01→gatewayA;sensor02→gatewayC;sensor03→gatewayC;sensor04→gatewayA;sensor05→gatewayA;sensor06→gatewayA;sensor07→gatewayA;sensor08→gatewayA;sensor09→gatewayA;sensor10→gatewayA,10,d53238027e5c
84,58,10,d53238027e5c,sensor01→gatewayA;sensor02→gatewayC;sensor03→gatewayC;sensor04→gatewayA;sensor05→gatewayA;sensor06→gatewayA;sensor07→gatewayA;sensor08→gatewayA;sensor09→gatewayA;sensor10→gatewayC,10,d708670db0b5,sensor01→gatewayA;sensor02→gatewayC;sensor03→gatewayC;sensor04→gatewayA;sensor05→gatewayA;sensor06→gatewayA;sensor07→gatewayA;sensor08→gatewayA;sensor09→gatewayA;sensor10→gatewayA,10,d53238027e5c
84,59,10,d53238027e5c,sensor01→gatewayA;sensor02→gatewayC;sensor03→gatewayC;sensor04→gatewayA;sensor05→gatewayA;sensor06→gatewayA;sensor07→gatewayA;sensor08→gatewayA;sensor09→gatewayA;sensor10→gatewayC,10,d708670db0b5,sensor01→gatewayA;sensor02→gatewayC;sensor03→gatewayC;sensor04→gatewayA;sensor05→gatewayA;sensor06→gatewayA;sensor07→gatewayA;sensor08→gatewayA;sensor09→gatewayA;sensor10→gatewayA,10,d53238027e5c
84,60,10,d53238027e5c,sensor01→gatewayA;sensor02→gatewayC;sensor03→gatewayC;sensor04→gatewayA;sensor05→gatewayA;sensor06→gatewayA;sensor07→gatewayA;sensor08→gatewayA;sensor09→gatewayA;sensor10→gatewayC,10,d708670db0b5,sensor01→gatewayA;sensor02→gatewayC;sensor03→gatewayC;sensor04→gatewayA;sensor05→gatewayA;sensor06→gatewayA;sensor07→gatewayA;sensor08→gatewayA;sensor09→gatewayA;sensor10→gatewayA,10,d53238027e5c
84,61,10,d53238027e5c,sensor01→gatewayA;sensor02→gatewayC;sensor03→gatewayC;sensor04→gatewayA;sensor05→gatewayA;sensor06→gatewayA;sensor07→gatewayA;sensor08→gatewayA;sensor09→gatewayA;sensor10→gatewayC,10,d708670db0b5,sensor01→gatewayA;sensor02→gatewayC;sensor03→gatewayC;sensor04→gatewayA;sensor05→gatewayA;sensor06→gatewayA;sensor07→gatewayA;sensor08→gatewayA;sensor09→gatewayA;sensor10→gatewayA,10,d53238027e5c
84,62,10,d53238027e5c,sensor01→gatewayA;sensor02→gatewayC;sensor03→gatewayC;sensor04→gatewayA;sensor05→gatewayA;sensor06→gatewayA;sensor07→gatewayA;sensor08→gatewayA;sensor09→gatewayA;sensor10→gatewayC,10,d708670db0b5,sensor01→gatewayA;sensor02→gatewayC;sensor03→gatewayC;sensor04→gatewayA;sensor05→gatewayA;sensor06→gatewayA;sensor07→gatewayA;sensor08→gatewayA;sensor09→gatewayA;sensor10→gatewayA,10,d53238027e5c
84,63,10,d53238027e5c,sensor01→gatewayA;sensor02→gatewayC;sensor03→gatewayC;sensor04→gatewayA;sensor05→gatewayA;sensor06→gatewayA;sensor07→gatewayA;sensor08→gatewayA;sensor09→gatewayA;sensor10→gatewayC,10,d708670db0b5,sensor01→gatewayA;sensor02→gatewayC;sensor03→gatewayC;sensor04→gatewayA;sensor05→gatewayA;sensor06→gatewayA;sensor07→gatewayA;sensor08→gatewayA;sensor09→gatewayA;sensor10→gatewayA,10,d53238027e5c
84,64,10,d53238027e5c,sensor01→gatewayA;sensor02→gatewayC;sensor03→gatewayC;sensor04→gatewayA;sensor05→gatewayA;sensor06→gatewayA;sensor07→gatewayA;sensor08→gatewayA;sensor09→gatewayA;sensor10→gatewayC,10,d708670db0b5,sensor01→gatewayA;sensor02→gatewayC;sensor03→gatewayC;sensor04→gatewayA;sensor05→gatewayA;sensor06→gatewayA;sensor07→gatewayA;sensor08→gatewayA;sensor09→gatewayA;sensor10→gatewayA,10,d53238027e5c
84,65,10,d53238027e5c,sensor01→gatewayA;sensor02→gatewayC;sensor03→gatewayC;sensor04→gatewayA;sensor05→gatewayA;sensor06→gatewayA;sensor07→gatewayA;sensor08→gatewayA;sensor09→gatewayA;sensor10→gatewayC,10,d708670db0b5,sensor01→gatewayA;sensor02→gatewayC;sensor03→gatewayC;sensor04→gatewayA;sensor05→gatewayA;sensor06→gatewayA;sensor07→gatewayA;sensor08→gatewayA;sensor09→gatewayA;sensor10→gatewayA,10,d53238027e5c
84,66,10,d53238027e5c,sensor01→gatewayA;sensor02→gatewayC;sensor03→gatewayC;sensor04→gatewayA;sensor05→gatewayA;sensor06→gatewayA;sensor07→gatewayA;sensor08→gatewayA;sensor09→gatewayA;sensor10→gatewayC,10,d708670db0b5,sensor01→gatewayA;sensor02→gatewayC;sensor03→gatewayC;sensor04→gatewayA;sensor05→gatewayA;sensor06→gatewayA;sensor07→gatewayA;sensor08→gatewayA;sensor09→gatewayA;sensor10→gatewayA,10,d53238027e5c
84,67,10,d53238027e5c,sensor01→gatewayA;sensor02→gatewayC;sensor03→gatewayC;sensor04→gatewayA;sensor05→gatewayA;sensor06→gatewayA;sensor07→gatewayA;sensor08→gatewayA;sensor09→gatewayA;sensor10→gatewayC,10,d708670db0b5,sensor01→gatewayA;sensor02→gatewayC;sensor03→gatewayC;sensor04→gatewayA;sensor05→gatewayA;sensor06→gatewayA;sensor07→gatewayA;sensor08→gatewayA;sensor09→gatewayA;sensor10→gatewayA,10,d53238027e5c
84,68,10,d53238027e5c,sensor01→gatewayA;sensor02→gatewayC;sensor03→gatewayC;sensor04→gatewayA;sensor05→gatewayA;sensor06→gatewayA;sensor07→gatewayA;sensor08→gatewayA;sensor09→gatewayA;sensor10→gatewayC,10,d708670db0b5,sensor01→gatewayA;sensor02→gatewayC;sensor03→gatewayC;sensor04→gatewayA;sensor05→gatewayA;sensor06→gatewayA;sensor07→gatewayA;sensor08→gatewayA;sensor09→gatewayA;sensor10→gatewayA,10,d53238027e5c
84,69,10,d53238027e5c,sensor01→gatewayA;sensor02→gatewayC;sensor03→gatewayC;sensor04→gatewayA;sensor05→gatewayA;sensor06→gatewayA;sensor07→gatewayA;sensor08→gatewayA;sensor09→gatewayA;sensor10→gatewayC,10,d708670db0b5,sensor01→gatewayA;sensor02→gatewayC;sensor03→gatewayC;sensor04→gatewayA;sensor05→gatewayA;sensor06→gatewayA;sensor07→gatewayA;sensor08→gatewayA;sensor09→gatewayA;sensor10→gatewayA,10,d53238027e5c
84,70,10,d53238027e5c,sensor01→gatewayA;sensor02→gatewayC;sensor03→gatewayC;sensor04→gatewayA;sensor05→gatewayA;sensor06→gatewayA;sensor07→gatewayA;sensor08→gatewayA;sensor09→gatewayA;sensor10→gatewayC,10,d708670db0b5,sensor01→gatewayA;sensor02→gatewayC;sensor03→gatewayC;sensor04→gatewayA;sensor05→gatewayA;sensor06→gatewayA;sensor07→gatewayA;sensor08→gatewayA;sensor09→gatewayA;sensor10→gatewayA,10,d53238027e5c
84,71,10,d53238027e5c,sensor01→gatewayA;sensor02→gatewayC;sensor03→gatewayC;sensor04→gatewayA;sensor05→gatewayA;sensor06→gatewayA;sensor07→gatewayA;sensor08→gatewayA;sensor09→gatewayA;sensor10→gatewayC,10,d708670db0b5,sensor01→gatewayA;sensor02→gatewayC;sensor03→gatewayC;sensor04→gatewayA;sensor05→gatewayA;sensor06→gatewayA;sensor07→gatewayA;sensor08→gatewayA;sensor09→gatewayA;sensor10→gatewayA,10,d53238027e5c
84,72,10,d53238027e5c,sensor01→gatewayA;sensor02→gatewayC;sensor03→gatewayC;sensor04→gatewayA;sensor05→gatewayA;sensor06→gatewayA;sensor07→gatewayA;sensor08→gatewayA;sensor09→gatewayA;sensor10→gatewayC,10,d708670db0b5,sensor01→gatewayA;sensor02→gatewayC;sensor03→gatewayC;sensor04→gatewayA;sensor05→gatewayA;sensor06→gatewayA;sensor07→gatewayA;sensor08→gatewayA;sensor09→gatewayA;sensor10→gatewayA,10,d53238027e5c
84,73,10,d53238027e5c,sensor01→gatewayA;sensor02→gatewayC;sensor03→gatewayC;sensor04→gatewayA;sensor05→gatewayA;sensor06→gatewayA;sensor07→gatewayA;sensor08→gatewayA;sensor09→gatewayA;sensor10→gatewayC,10,d708670db0b5,sensor01→gatewayA;sensor02→gatewayC;sensor03→gatewayC;sensor04→gatewayA;sensor05→gatewayA;sensor06→gatewayA;sensor07→gatewayA;sensor08→gatewayA;sensor09→gatewayA;sensor10→gatewayA,10,d53238027e5c
84,74,10,d53238027e5c,sensor01→gatewayA;sensor02→gatewayC;sensor03→gatewayC;sensor04→gatewayA;sensor05→gatewayA;sensor06→gatewayA;sensor07→gatewayA;sensor08→gatewayA;sensor09→gatewayA;sensor10→gatewayC,10,d708670db0b5,sensor01→gatewayA;sensor02→gatewayC;sensor03→gatewayC;sensor04→gatewayA;sensor05→gatewayA;sensor06→gatewayA;sensor07→gatewayA;sensor08→gatewayA;sensor09→gatewayA;sensor10→gatewayA,10,d53238027e5c
84,75,10,d53238027e5c,sensor01→gatewayA;sensor02→gatewayC;sensor03→gatewayC;sensor04→gatewayA;sensor05→gatewayA;sensor06→gatewayA;sensor07→gatewayA;sensor08→gatewayA;sensor09→gatewayA;sensor10→gatewayC,10,d708670db0b5,sensor01→gatewayA;sensor02→gatewayC;sensor03→gatewayC;sensor04→gatewayA;sensor05→gatewayA;sensor06→gatewayA;sensor07→gatewayA;sensor08→gatewayA;sensor09→gatewayA;sensor10→gatewayA,10,d53238027e5c
84,76,10,d53238027e5c,sensor01→gatewayA;sensor02→gatewayC;sensor03→gatewayC;sensor04→gatewayA;sensor05→gatewayA;sensor06→gatewayA;sensor07→gatewayA;sensor08→gatewayA;sensor09→gatewayA;sensor10→gatewayC,10,d708670db0b5,sensor01→gatewayA;sensor02→gatewayC;sensor03→gatewayC;sensor04→gatewayA;sensor05→gatewayA;sensor06→gatewayA;sensor07→gatewayA;sensor08→gatewayA;sensor09→gatewayA;sensor10→gatewayA,10,d53238027e5c
84,77,10,d53238027e5c,sensor01→gatewayA;sensor02→gatewayC;sensor03→gatewayC;sensor04→gatewayA;sensor05→gatewayA;sensor06→gatewayA;sensor07→gatewayA;sensor08→gatewayA;sensor09→gatewayA;sensor10→gatewayC,10,d708670db0b5,sensor01→gatewayA;sensor02→gatewayC;sensor03→gatewayC;sensor04→gatewayA;sensor05→gatewayA;sensor06→gatewayA;sensor07→gatewayA;sensor08→gatewayA;sensor09→gatewayA;sensor10→gatewayA,10,d53238027e5c
84,89,12,fba66e5cdf8c,sensor01→gatewayA;sensor01→gatewayC;sensor02→gatewayC;sensor03→gatewayC;sensor04→gatewayA;sensor04→gatewayC;sensor05→gatewayA;sensor06→gatewayA;sensor07→gatewayA;sensor08→gatewayA;sensor09→gatewayA;sensor10→gatewayC,12,1857c34ccaa1,sensor01→gatewayA;sensor01→gatewayB;sensor02→gatewayC;sensor03→gatewayC;sensor04→gatewayA;sensor04→gatewayC;sensor05→gatewayA;sensor06→gatewayA;sensor07→gatewayA;sensor08→gatewayA;sensor09→gatewayA;sensor10→gatewayC,12,fba66e5cdf8c
84,91,14,ba7836f47dfe,sensor01→gatewayA;sensor01→gatewayC;sensor02→gatewayC;sensor03→gatewayC;sensor04→gatewayA;sensor04→gatewayC;sensor05→gatewayA;sensor06→gatewayA;sensor07→gatewayA;sensor07→gatewayC;sensor08→gatewayA;sensor08→gatewayB;sensor09→gatewayA;sensor10→gatewayC,14,7d0409742162,sensor01→gatewayA;sensor01→gatewayC;sensor02→gatewayC;sensor03→gatewayC;sensor04→gatewayA;sensor04→gatewayC;sensor05→gatewayA;sensor06→gatewayA;sensor07→gatewayA;sensor07→gatewayB;sensor08→gatewayA;sensor08→gatewayB;sensor09→gatewayA;sensor10→gatewayC,14,ba7836f47dfe
84,92,14,ba7836f47dfe,sensor01→gatewayA;sensor01→gatewayC;sensor02→gatewayC;sensor03→gatewayC;sensor04→gatewayA;sensor04→gatewayC;sensor05→gatewayA;sensor06→gatewayA;sensor07→gatewayA;sensor07→gatewayC;sensor08→gatewayA;sensor08→gatewayB;sensor09→gatewayA;sensor10→gatewayC,14,7d0409742162,sensor01→gatewayA;sensor01→gatewayC;sensor02→gatewayC;sensor03→gatewayC;sensor04→gatewayA;sensor04→gatewayC;sensor05→gatewayA;sensor06→gatewayA;sensor07→gatewayA;sensor07→gatewayB;sensor08→gatewayA;sensor08→gatewayB;sensor09→gatewayA;sensor10→gatewayC,14,ba7836f47dfe
84,95,17,126ff9a6f407,sensor01→gatewayA;sensor01→gatewayC;sensor02→gatewayA;sensor02→gatewayC;sensor03→gatewayA;sensor03→gatewayC;sensor04→gatewayA;sensor04→gatewayC;sensor05→gatewayA;sensor05→gatewayC;sensor06→gatewayA;sensor07→gatewayA;sensor07→gatewayC;sensor08→gatewayA;sensor08→gatewayB;sensor09→gatewayA;sensor10→gatewayC,17,4deb1457865a,sensor01→gatewayA;sensor01→gatewayC;sensor02→gatewayA;sensor02→gatewayC;sensor03→gatewayA;sensor03→gatewayC;sensor04→gatewayA;sensor04→gatewayC;sensor05→gatewayA;sensor05→gatewayB;sensor06→gatewayA;sensor07→gatewayA;sensor07→gatewayC;sensor08→gatewayA;sensor08→gatewayB;sensor09→gatewayA;sensor10→gatewayC,17,126ff9a6f407
85,50,10,d53238027e5c,sensor01→gatewayA;sensor02→gatewayC;sensor03→gatewayC;sensor04→gatewayA;sensor05→gatewayA;sensor06→gatewayA;sensor07→gatewayA;sensor08→gatewayA;sensor09→gatewayA;sensor10→gatewayC,10,d708670db0b5,sensor01→gatewayA;sensor02→gatewayC;sensor03→gatewayC;sensor04→gatewayA;sensor05→gatewayA;sensor06→gatewayA;sensor07→gatewayA;sensor08→gatewayA;sensor09→gatewayA;sensor10→gatewayA,10,d53238027e5c
85,51,10,d53238027e5c,sensor01→gatewayA;sensor02→gatewayC;sensor03→gatewayC;sensor04→gatewayA;sensor05→gatewayA;sensor06→gatewayA;sensor07→gatewayA;sensor08→gatewayA;sensor09→gatewayA;sensor10→gatewayC,10,d708670db0b5,sensor01→gatewayA;sensor02→gatewayC;sensor03→gatewayC;sensor04→gatewayA;sensor05→gatewayA;sensor06→gatewayA;sensor07→gatewayA;sensor08→gatewayA;sensor09→gatewayA;sensor10→gatewayA,10,d53238027e5c
85,52,10,d53238027e5c,sensor01→gatewayA;sensor02→gatewayC;sensor03→gatewayC;sensor04→gatewayA;sensor05→gatewayA;sensor06→gatewayA;sensor07→gatewayA;sensor08→gatewayA;sensor09→gatewayA;sensor10→gatewayC,10,d708670db0b5,sensor01→gatewayA;sensor02→gatewayC;sensor03→gatewayC;sensor04→gatewayA;sensor05→gatewayA;sensor06→gatewayA;sensor07→gatewayA;sensor08→gatewayA;sensor09→gatewayA;sensor10→gatewayA,10,d53238027e5c
85,53,10,d53238027e5c,sensor01→gatewayA;sensor02→gatewayC;sensor03→gatewayC;sensor04→gatewayA;sensor05→gatewayA;sensor06→gatewayA;sensor07→gatewayA;sensor08→gatewayA;sensor09→gatewayA;sensor10→gatewayC,10,d708670db0b5,sensor01→gatewayA;sensor02→gatewayC;sensor03→gatewayC;sensor04→gatewayA;sensor05→gatewayA;sensor06→gatewayA;sensor07→gatewayA;sensor08→gatewayA;sensor09→gatewayA;sensor10→gatewayA,10,d53238027e5c
85,54,10,d53238027e5c,sensor01→gatewayA;sensor02→gatewayC;sensor03→gatewayC;sensor04→gatewayA;sensor05→gatewayA;sensor06→gatewayA;sensor07→gatewayA;sensor08→gatewayA;sensor09→gatewayA;sensor10→gatewayC,10,d708670db0b5,sensor01→gatewayA;sensor02→gatewayC;sensor03→gatewayC;sensor04→gatewayA;sensor05→gatewayA;sensor06→gatewayA;sensor07→gatewayA;sensor08→gatewayA;sensor09→gatewayA;sensor10→gatewayA,10,d53238027e5c
85,55,10,d53238027e5c,sensor01→gatewayA;sensor02→gatewayC;sensor03→gatewayC;sensor04→gatewayA;sensor05→gatewayA;sensor06→gatewayA;sensor07→gatewayA;sensor08→gatewayA;sensor09→gatewayA;sensor10→gatewayC,10,d708670db0b5,sensor01→gatewayA;sensor02→gatewayC;sensor03→gatewayC;sensor04→gatewayA;sensor05→gatewayA;sensor06→gatewayA;sensor07→gatewayA;sensor08→gatewayA;sensor09→gatewayA;sensor10→gatewayA,10,d53238027e5c
85,56,10,d53238027e5c,sensor01→gatewayA;sensor02→gatewayC;sensor03→gatewayC;sensor04→gatewayA;sensor05→gatewayA;sensor06→gatewayA;sensor07→gatewayA;sensor08→gatewayA;sensor09→gatewayA;sensor10→gatewayC,10,d708670db0b5,sensor01→gatewayA;sensor02→gatewayC;sensor03→gatewayC;sensor04→gatewayA;sensor05→gatewayA;sensor06→gatewayA;sensor07→gatewayA;sensor08→gatewayA;sensor09→gatewayA;sensor10→gatewayA,10,d53238027e5c
85,57,10,d53238027e5c,sensor01→gatewayA;sensor02→gatewayC;sensor03→gatewayC;sensor04→gatewayA;sensor05→gatewayA;sensor06→gatewayA;sensor07→gatewayA;sensor08→gatewayA;sensor09→gatewayA;sensor10→gatewayC,10,d708670db0b5,sensor01→gatewayA;sensor02→gatewayC;sensor03→gatewayC;sensor04→gatewayA;sensor05→gatewayA;sensor06→gatewayA;sensor07→gatewayA;sensor08→gatewayA;sensor09→gatewayA;sensor10→gatewayA,10,d53238027e5c
85,58,10,d53238027e5c,sensor01→gatewayA;sensor02→gatewayC;sensor03→gatewayC;sensor04→gatewayA;sensor05→gatewayA;sensor06→gatewayA;sensor07→gatewayA;sensor08→gatewayA;sensor09→gatewayA;sensor10→gatewayC,10,d708670db0b5,sensor01→gatewayA;sensor02→gatewayC;sensor03→gatewayC;sensor04→gatewayA;sensor05→gatewayA;sensor06→gatewayA;sensor07→gatewayA;sensor08→gatewayA;sensor09→gatewayA;sensor10→gatewayA,10,d53238027e5c
85,59,10,d53238027e5c,sensor01→gatewayA;sensor02→gatewayC;sensor03→gatewayC;sensor04→gatewayA;sensor05→gatewayA;sensor06→gatewayA;sensor07→gatewayA;sensor08→gatewayA;sensor09→gatewayA;sensor10→gatewayC,10,d708670db0b5,sensor01→gatewayA;sensor02→gatewayC;sensor03→gatewayC;sensor04→gatewayA;sensor05→gatewayA;sensor06→gatewayA;sensor07→gatewayA;sensor08→gatewayA;sensor09→gatewayA;sensor10→gatewayA,10,d53238027e5c
85,60,10,d53238027e5c,sensor01→gatewayA;sensor02→gatewayC;sensor03→gatewayC;sensor04→gatewayA;sensor05→gatewayA;sensor06→gatewayA;sensor07→gatewayA;sensor08→gatewayA;sensor09→gatewayA;sensor10→gatewayC,10,d708670db0b5,sensor01→gatewayA;sensor02→gatewayC;sensor03→gatewayC;sensor04→gatewayA;sensor05→gatewayA;sensor06→gatewayA;sensor07→gatewayA;sensor08→gatewayA;sensor09→gatewayA;sensor10→gatewayA,10,d53238027e5c
85,61,10,d53238027e5c,sensor01→gatewayA;sensor02→gatewayC;sensor03→gatewayC;sensor04→gatewayA;sensor05→gatewayA;sensor06→gatewayA;sensor07→gatewayA;sensor08→gatewayA;sensor09→gatewayA;sensor10→gatewayC,10,d708670db0b5,sensor01→gatewayA;sensor02→gatewayC;sensor03→gatewayC;sensor04→gatewayA;sensor05→gatewayA;sensor06→gatewayA;sensor07→gatewayA;sensor08→gatewayA;sensor09→gatewayA;sensor10→gatewayA,10,d53238027e5c
85,62,10,d53238027e5c,sensor01→gatewayA;sensor02→gatewayC;sensor03→gatewayC;sensor04→gatewayA;sensor05→gatewayA;sensor06→gatewayA;sensor07→gatewayA;sensor08→gatewayA;sensor09→gatewayA;sensor10→gatewayC,10,d708670db0b5,sensor01→gatewayA;sensor02→gatewayC;sensor03→gatewayC;sensor04→gatewayA;sensor05→gatewayA;sensor06→gatewayA;sensor07→gatewayA;sensor08→gatewayA;sensor09→gatewayA;sensor10→gatewayA,10,d53238027e5c
85,63,10,d53238027e5c,sensor01→gatewayA;sensor02→gatewayC;sensor03→gatewayC;sensor04→gatewayA;sensor05→gatewayA;sensor06→gatewayA;sensor07→gatewayA;sensor08→gatewayA;sensor09→gatewayA;sensor10→gatewayC,10,d708670db0b5,sensor01→gatewayA;sensor02→gatewayC;sensor03→gatewayC;sensor04→gatewayA;sensor05→gatewayA;sensor06→gatewayA;sensor07→gatewayA;sensor08→gatewayA;sensor09→gatewayA;sensor10→gatewayA,10,d53238027e5c
85,64,10,d53238027e5c,sensor01→gatewayA;sensor02→gatewayC;sensor03→gatewayC;sensor04→gatewayA;sensor05→gatewayA;sensor06→gatewayA;sensor07→gatewayA;sensor08→gatewayA;sensor09→gatewayA;sensor10→gatewayC,10,d708670db0b5,sensor01→gatewayA;sensor02→gatewayC;sensor03→gatewayC;sensor04→gatewayA;sensor05→gatewayA;sensor06→gatewayA;sensor07→gatewayA;sensor08→gatewayA;sensor09→gatewayA;sensor10→gatewayA,10,d53238027e5c
85,65,10,d53238027e5c,sensor01→gatewayA;sensor02→gatewayC;sensor03→gatewayC;sensor04→gatewayA;sensor05→gatewayA;sensor06→gatewayA;sensor07→gatewayA;sensor08→gatewayA;sensor09→gatewayA;sensor10→gatewayC,10,d708670db0b5,sensor01→gatewayA;sensor02→gatewayC;sensor03→gatewayC;sensor04→gatewayA;sensor05→gatewayA;sensor06→gatewayA;sensor07→gatewayA;sensor08→gatewayA;sensor09→gatewayA;sensor10→gatewayA,10,d53238027e5c
85,66,10,d53238027e5c,sensor01→gatewayA;sensor02→gatewayC;sensor03→gatewayC;sensor04→gatewayA;sensor05→gatewayA;sensor06→gatewayA;sensor07→gatewayA;sensor08→gatewayA;sensor09→gatewayA;sensor10→gatewayC,10,d708670db0b5,sensor01→gatewayA;sensor02→gatewayC;sensor03→gatewayC;sensor04→gatewayA;sensor05→gatewayA;sensor06→gatewayA;sensor07→gatewayA;sensor08→gatewayA;sensor09→gatewayA;sensor10→gatewayA,10,d53238027e5c
85,67,10,d53238027e5c,sensor01→gatewayA;sensor02→gatewayC;sensor03→gatewayC;sensor04→gatewayA;sensor05→gatewayA;sensor06→gatewayA;sensor07→gatewayA;sensor08→gatewayA;sensor09→gatewayA;sensor10→gatewayC,10,d708670db0b5,sensor01→gatewayA;sensor02→gatewayC;sensor03→gatewayC;sensor04→gatewayA;sensor05→gatewayA;sensor06→gatewayA;sensor07→gatewayA;sensor08→gatewayA;sensor09→gatewayA;sensor10→gatewayA,10,d53238027e5c
85,68,10,d53238027e5c,sensor01→gatewayA;sensor02→gatewayC;sensor03→gatewayC;sensor04→gatewayA;sensor05→gatewayA;sensor06→gatewayA;sensor07→gatewayA;sensor08→gatewayA;sensor09→gatewayA;sensor10→gatewayC,10,d708670db0b5,sensor01→gatewayA;sensor02→gatewayC;sensor03→gatewayC;sensor04→gatewayA;sensor05→gatewayA;sensor06→gatewayA;sensor07→gatewayA;sensor08→gatewayA;sensor09→gatewayA;sensor10→gatewayA,10,d53238027e5c
85,69,10,d53238027e5c,sensor01→gatewayA;sensor02→gatewayC;sensor03→gatewayC;sensor04→gatewayA;sensor05→gatewayA;sensor06→gatewayA;sensor07→gatewayA;sensor08→gatewayA;sensor09→gatewayA;sensor10→gatewayC,10,d708670db0b5,sensor01→gatewayA;sensor02→gatewayC;sensor03→gatewayC;sensor04→gatewayA;sensor05→gatewayA;sensor06→gatewayA;sensor07→gatewayA;sensor08→gatewayA;sensor09→gatewayA;sensor10→gatewayA,10,d53238027e5c
85,70,10,d53238027e5c,sensor01→gatewayA;sensor02→gatewayC;sensor03→gatewayC;sensor04→gatewayA;sensor05→gatewayA;sensor06→gatewayA;sensor07→gatewayA;sensor08→gatewayA;sensor09→gatewayA;sensor10→gatewayC,10,d708670db0b5,sensor01→gatewayA;sensor02→gatewayC;sensor03→gatewayC;sensor04→gatewayA;sensor05→gatewayA;sensor06→gatewayA;sensor07→gatewayA;sensor08→gatewayA;sensor09→gatewayA;sensor10→gatewayA,10,d53238027e5c
85,71,10,d53238027e5c,sensor01→gatewayA;sensor02→gatewayC;sensor03→gatewayC;sensor04→gatewayA;sensor05→gatewayA;sensor06→gatewayA;sensor07→gatewayA;sensor08→gatewayA;sensor09→gatewayA;sensor10→gatewayC,10,d708670db0b5,sensor01→gatewayA;sensor02→gatewayC;sensor03→gatewayC;sensor04→gatewayA;sensor05→gatewayA;sensor06→gatewayA;sensor07→gatewayA;sensor08→gatewayA;sensor09→gatewayA;sensor10→gatewayA,10,d53238027e5c
85,72,10,d53238027e5c,sensor01→gatewayA;sensor02→gatewayC;sensor03→gatewayC;sensor04→gatewayA;sensor05→gatewayA;sensor06→gatewayA;sensor07→gatewayA;sensor08→gatewayA;sensor09→gatewayA;sensor10→gatewayC,10,d708670db0b5,sensor01→gatewayA;sensor02→gatewayC;sensor03→gatewayC;sensor04→gatewayA;sensor05→gatewayA;sensor06→gatewayA;sensor07→gatewayA;sensor08→gatewayA;sensor09→gatewayA;sensor10→gatewayA,10,d53238027e5c
85,73,10,d53238027e5c,sensor01→gatewayA;sensor02→gatewayC;sensor03→gatewayC;sensor04→gatewayA;sensor05→gatewayA;sensor06→gatewayA;sensor07→gatewayA;sensor08→gatewayA;sensor09→gatewayA;sensor10→gatewayC,10,d708670db0b5,sensor01→gatewayA;sensor02→gatewayC;sensor03→gatewayC;sensor04→gatewayA;sensor05→gatewayA;sensor06→gatewayA;sensor07→gatewayA;sensor08→gatewayA;sensor09→gatewayA;sensor10→gatewayA,10,d53238027e5c
85,74,10,d53238027e5c,sensor01→gatewayA;sensor02→gatewayC;sensor03→gatewayC;sensor04→gatewayA;sensor05→gatewayA;sensor06→gatewayA;sensor07→gatewayA;sensor08→gatewayA;sensor09→gatewayA;sensor10→gatewayC,10,d708670db0b5,sensor01→gatewayA;sensor02→gatewayC;sensor03→gatewayC;sensor04→gatewayA;sensor05→gatewayA;sensor06→gatewayA;sensor07→gatewayA;sensor08→gatewayA;sensor09→gatewayA;sensor10→gatewayA,10,d53238027e5c
85,75,10,d53238027e5c,sensor01→gatewayA;sensor02→gatewayC;sensor03→gatewayC;sensor04→gatewayA;sensor05→gatewayA;sensor06→gatewayA;sensor07→gatewayA;sensor08→gatewayA;sensor09→gatewayA;sensor10→gatewayC,10,d708670db0b5,sensor01→gatewayA;sensor02→gatewayC;sensor03→gatewayC;sensor04→gatewayA;sensor05→gatewayA;sensor06→gatewayA;sensor07→gatewayA;sensor08→gatewayA;sensor09→gatewayA;sensor10→gatewayA,10,d53238027e5c
85,76,10,d53238027e5c,sensor01→gatewayA;sensor02→gatewayC;sensor03→gatewayC;sensor04→gatewayA;sensor05→gatewayA;sensor06→gatewayA;sensor07→gatewayA;sensor08→gatewayA;sensor09→gatewayA;sensor10→gatewayC,10,d708670db0b5,sensor01→gatewayA;sensor02→gatewayC;sensor03→gatewayC;sensor04→gatewayA;sensor05→gatewayA;sensor06→gatewayA;sensor07→gatewayA;sensor08→gatewayA;sensor09→gatewayA;sensor10→gatewayA,10,d53238027e5c
85,77,10,d53238027e5c,sensor01→gatewayA;sensor02→gatewayC;sensor03→gatewayC;sensor04→gatewayA;sensor05→gatewayA;sensor06→gatewayA;sensor07→gatewayA;sensor08→gatewayA;sensor09→gatewayA;sensor10→gatewayC,10,d708670db0b5,sensor01→gatewayA;sensor02→gatewayC;sensor03→gatewayC;sensor04→gatewayA;sensor05→gatewayA;sensor06→gatewayA;sensor07→gatewayA;sensor08→gatewayA;sensor09→gatewayA;sensor10→gatewayA,10,d53238027e5c
85,89,12,fba66e5cdf8c,sensor01→gatewayA;sensor01→gatewayC;sensor02→gatewayC;sensor03→gatewayC;sensor04→gatewayA;sensor04→gatewayC;sensor05→gatewayA;sensor06→gatewayA;sensor07→gatewayA;sensor08→gatewayA;sensor09→gatewayA;sensor10→gatewayC,12,1857c34ccaa1,sensor01→gatewayA;sensor01→gatewayB;sensor02→gatewayC;sensor03→gatewayC;sensor04→gatewayA;sensor04→gatewayC;sensor05→gatewayA;sensor06→gatewayA;sensor07→gatewayA;sensor08→gatewayA;sensor09→gatewayA;sensor10→gatewayC,12,fba66e5cdf8c
85,91,14,ba7836f47dfe,sensor01→gatewayA;sensor01→gatewayC;sensor02→gatewayC;sensor03→gatewayC;sensor04→gatewayA;sensor04→gatewayC;sensor05→gatewayA;sensor06→gatewayA;sensor07→gatewayA;sensor07→gatewayC;sensor08→gatewayA;sensor08→gatewayB;sensor09→gatewayA;sensor10→gatewayC,14,7d0409742162,sensor01→gatewayA;sensor01→gatewayC;sensor02→gatewayC;sensor03→gatewayC;sensor04→gatewayA;sensor04→gatewayC;sensor05→gatewayA;sensor06→gatewayA;sensor07→gatewayA;sensor07→gatewayB;sensor08→gatewayA;sensor08→gatewayB;sensor09→gatewayA;sensor10→gatewayC,14,ba7836f47dfe
85,92,14,ba7836f47dfe,sensor01→gatewayA;sensor01→gatewayC;sensor02→gatewayC;sensor03→gatewayC;sensor04→gatewayA;sensor04→gatewayC;sensor05→gatewayA;sensor06→gatewayA;sensor07→gatewayA;sensor07→gatewayC;sensor08→gatewayA;sensor08→gatewayB;sensor09→gatewayA;sensor10→gatewayC,14,7d0409742162,sensor01→gatewayA;sensor01→gatewayC;sensor02→gatewayC;sensor03→gatewayC;sensor04→gatewayA;sensor04→gatewayC;sensor05→gatewayA;sensor06→gatewayA;sensor07→gatewayA;sensor07→gatewayB;sensor08→gatewayA;sensor08→gatewayB;sensor09→gatewayA;sensor10→gatewayC,14,ba7836f47dfe
85,95,17,126ff9a6f407,sensor01→gatewayA;sensor01→gatewayC;sensor02→gatewayA;sensor02→gatewayC;sensor03→gatewayA;sensor03→gatewayC;sensor04→gatewayA;sensor04→gatewayC;sensor05→gatewayA;sensor05→gatewayC;sensor06→gatewayA;sensor07→gatewayA;sensor07→gatewayC;sensor08→gatewayA;sensor08→gatewayB;sensor09→gatewayA;sensor10→gatewayC,17,4deb1457865a,sensor01→gatewayA;sensor01→gatewayC;sensor02→gatewayA;sensor02→gatewayC;sensor03→gatewayA;sensor03→gatewayC;sensor04→gatewayA;sensor04→gatewayC;sensor05→gatewayA;sensor05→gatewayB;sensor06→gatewayA;sensor07→gatewayA;sensor07→gatewayC;sensor08→gatewayA;sensor08→gatewayB;sensor09→gatewayA;sensor10→gatewayC,17,126ff9a6f407
86,50,10,d53238027e5c,sensor01→gatewayA;sensor02→gatewayC;sensor03→gatewayC;sensor04→gatewayA;sensor05→gatewayA;sensor06→gatewayA;sensor07→gatewayA;sensor08→gatewayA;sensor09→gatewayA;sensor10→gatewayC,10,d708670db0b5,sensor01→gatewayA;sensor02→gatewayC;sensor03→gatewayC;sensor04→gatewayA;sensor05→gatewayA;sensor06→gatewayA;sensor07→gatewayA;sensor08→gatewayA;sensor09→gatewayA;sensor10→gatewayA,10,d53238027e5c
86,51,10,d53238027e5c,sensor01→gatewayA;sensor02→gatewayC;sensor03→gatewayC;sensor04→gatewayA;sensor05→gatewayA;sensor06→gatewayA;sensor07→gatewayA;sensor08→gatewayA;sensor09→gatewayA;sensor10→gatewayC,10,d708670db0b5,sensor01→gatewayA;sensor02→gatewayC;sensor03→gatewayC;sensor04→gatewayA;sensor05→gatewayA;sensor06→gatewayA;sensor07→gatewayA;sensor08→gatewayA;sensor09→gatewayA;sensor10→gatewayA,10,d53238027e5c
86,52,10,d53238027e5c,sensor01→gatewayA;sensor02→gatewayC;sensor03→gatewayC;sensor04→gatewayA;sensor05→gatewayA;sensor06→gatewayA;sensor07→gatewayA;sensor08→gatewayA;sensor09→gatewayA;sensor10→gatewayC,10,d708670db0b5,sensor01→gatewayA;sensor02→gatewayC;sensor03→gatewayC;sensor04→gatewayA;sensor05→gatewayA;sensor06→gatewayA;sensor07→gatewayA;sensor08→gatewayA;sensor09→gatewayA;sensor10→gatewayA,10,d53238027e5c
86,53,10,d53238027e5c,sensor01→gatewayA;sensor02→gatewayC;sensor03→gatewayC;sensor04→gatewayA;sensor05→gatewayA;sensor06→gatewayA;sensor07→gatewayA;sensor08→gatewayA;sensor09→gatewayA;sensor10→gatewayC,10,d708670db0b5,sensor01→gatewayA;sensor02→gatewayC;sensor03→gatewayC;sensor04→gatewayA;sensor05→gatewayA;sensor06→gatewayA;sensor07→gatewayA;sensor08→gatewayA;sensor09→gatewayA;sensor10→gatewayA,10,d53238027e5c
86,54,10,d53238027e5c,sensor01→gatewayA;sensor02→gatewayC;sensor03→gatewayC;sensor04→gatewayA;sensor05→gatewayA;sensor06→gatewayA;sensor07→gatewayA;sensor08→gatewayA;sensor09→gatewayA;sensor10→gatewayC,10,d708670db0b5,sensor01→gatewayA;sensor02→gatewayC;sensor03→gatewayC;sensor04→gatewayA;sensor05→gatewayA;sensor06→gatewayA;sensor07→gatewayA;sensor08→gatewayA;sensor09→gatewayA;sensor10→gatewayA,10,d53238027e5c
86,55,10,d53238027e5c,sensor01→gatewayA;sensor02→gatewayC;sensor03→gatewayC;sensor04→gatewayA;sensor05→gatewayA;sensor06→gatewayA;sensor07→gatewayA;sensor08→gatewayA;sensor09→gatewayA;sensor10→gatewayC,10,d708670db0b5,sensor01→gatewayA;sensor02→gatewayC;sensor03→gatewayC;sensor04→gatewayA;sensor05→gatewayA;sensor06→gatewayA;sensor07→gatewayA;sensor08→gatewayA;sensor09→gatewayA;sensor10→gatewayA,10,d53238027e5c
86,56,10,d53238027e5c,sensor01→gatewayA;sensor02→gatewayC;sensor03→gatewayC;sensor04→gatewayA;sensor05→gatewayA;sensor06→gatewayA;sensor07→gatewayA;sensor08→gatewayA;sensor09→gatewayA;sensor10→gatewayC,10,d708670db0b5,sensor01→gatewayA;sensor02→gatewayC;sensor03→gatewayC;sensor04→gatewayA;sensor05→gatewayA;sensor06→gatewayA;sensor07→gatewayA;sensor08→gatewayA;sensor09→gatewayA;sensor10→gatewayA,10,d53238027e5c
86,57,10,d53238027e5c,sensor01→gatewayA;sensor02→gatewayC;sensor03→gatewayC;sensor04→gatewayA;sensor05→gatewayA;sensor06→gatewayA;sensor07→gatewayA;sensor08→gatewayA;sensor09→gatewayA;sensor10→gatewayC,10,d708670db0b5,sensor01→gatewayA;sensor02→gatewayC;sensor03→gatewayC;sensor04→gatewayA;sensor05→gatewayA;sensor06→gatewayA;sensor07→gatewayA;sensor08→gatewayA;sensor09→gatewayA;sensor10→gatewayA,10,d53238027e5c
86,58,10,d53238027e5c,sensor01→gatewayA;sensor02→gatewayC;sensor03→gatewayC;sensor04→gatewayA;sensor05→gatewayA;sensor06→gatewayA;sensor07→gatewayA;sensor08→gatewayA;sensor09→gatewayA;sensor10→gatewayC,10,d708670db0b5,sensor01→gatewayA;sensor02→gatewayC;sensor03→gatewayC;sensor04→gatewayA;sensor05→gatewayA;sensor06→gatewayA;sensor07→gatewayA;sensor08→gatewayA;sensor09→gatewayA;sensor10→gatewayA,10,d53238027e5c
86,59,10,d53238027e5c,sensor01→gatewayA;sensor02→gatewayC;sensor03→gatewayC;sensor04→gatewayA;sensor05→gatewayA;sensor06→gatewayA;sensor07→gatewayA;sensor08→gatewayA;sensor09→gatewayA;sensor10→gatewayC,10,d708670db0b5,sensor01→gatewayA;sensor02→gatewayC;sensor03→gatewayC;sensor04→gatewayA;sensor05→gatewayA;sensor06→gatewayA;sensor07→gatewayA;sensor08→gatewayA;sensor09→gatewayA;sensor10→gatewayA,10,d53238027e5c
86,60,10,d53238027e5c,sensor01→gatewayA;sensor02→gatewayC;sensor03→gatewayC;sensor04→gatewayA;sensor05→gatewayA;sensor06→gatewayA;sensor07→gatewayA;sensor08→gatewayA;sensor09→gatewayA;sensor10→gatewayC,10,d708670db0b5,sensor01→gatewayA;sensor02→gatewayC;sensor03→gatewayC;sensor04→gatewayA;sensor05→gatewayA;sensor06→gatewayA;sensor07→gatewayA;sensor08→gatewayA;sensor09→gatewayA;sensor10→gatewayA,10,d53238027e5c
86,61,10,d53238027e5c,sensor01→gatewayA;sensor02→gatewayC;sensor03→gatewayC;sensor04→gatewayA;sensor05→gatewayA;sensor06→gatewayA;sensor07→gatewayA;sensor08→gatewayA;sensor09→gatewayA;sensor10→gatewayC,10,d708670db0b5,sensor01→gatewayA;sensor02→gatewayC;sensor03→gatewayC;sensor04→gatewayA;sensor05→gatewayA;sensor06→gatewayA;sensor07→gatewayA;sensor08→gatewayA;sensor09→gatewayA;sensor10→gatewayA,10,d53238027e5c
86,62,10,d53238027e5c,sensor01→gatewayA;sensor02→gatewayC;sensor03→gatewayC;sensor04→gatewayA;sensor05→gatewayA;sensor06→gatewayA;sensor07→gatewayA;sensor08→gatewayA;sensor09→gatewayA;sensor10→gatewayC,10,d708670db0b5,sensor01→gatewayA;sensor02→gatewayC;sensor03→gatewayC;sensor04→gatewayA;sensor05→gatewayA;sensor06→gatewayA;sensor07→gatewayA;sensor08→gatewayA;sensor09→gatewayA;sensor10→gatewayA,10,d53238027e5c
86,63,10,d53238027e5c,sensor01→gatewayA;sensor02→gatewayC;sensor03→gatewayC;sensor04→gatewayA;sensor05→gatewayA;sensor06→gatewayA;sensor07→gatewayA;sensor08→gatewayA;sensor09→gatewayA;sensor10→gatewayC,10,d708670db0b5,sensor01→gatewayA;sensor02→gatewayC;sensor03→gatewayC;sensor04→gatewayA;sensor05→gatewayA;sensor06→gatewayA;sensor07→gatewayA;sensor08→gatewayA;sensor09→gatewayA;sensor10→gatewayA,10,d53238027e5c
86,64,10,d53238027e5c,sensor01→gatewayA;sensor02→gatewayC;sensor03→gatewayC;sensor04→gatewayA;sensor05→gatewayA;sensor06→gatewayA;sensor07→gatewayA;sensor08→gatewayA;sensor09→gatewayA;sensor10→gatewayC,10,d708670db0b5,sensor01→gatewayA;sensor02→gatewayC;sensor03→gatewayC;sensor04→gatewayA;sensor05→gatewayA;sensor06→gatewayA;sensor07→gatewayA;sensor08→gatewayA;sensor09→gatewayA;sensor10→gatewayA,10,d53238027e5c
86,65,10,d53238027e5c,sensor01→gatewayA;sensor02→gatewayC;sensor03→gatewayC;sensor04→gatewayA;sensor05→gatewayA;sensor06→gatewayA;sensor07→gatewayA;sensor08→gatewayA;sensor09→gatewayA;sensor10→gatewayC,10,d708670db0b5,sensor01→gatewayA;sensor02→gatewayC;sensor03→gatewayC;sensor04→gatewayA;sensor05→gatewayA;sensor06→gatewayA;sensor07→gatewayA;sensor08→gatewayA;sensor09→gatewayA;sensor10→gatewayA,10,d53238027e5c
86,66,10,d53238027e5c,sensor01→gatewayA;sensor02→gatewayC;sensor03→gatewayC;sensor04→gatewayA;sensor05→gatewayA;sensor06→gatewayA;sensor07→gatewayA;sensor08→gatewayA;sensor09→gatewayA;sensor10→gatewayC,10,d708670db0b5,sensor01→gatewayA;sensor02→gatewayC;sensor03→gatewayC;sensor04→gatewayA;sensor05→gatewayA;sensor06→gatewayA;sensor07→gatewayA;sensor08→gatewayA;sensor09→gatewayA;sensor10→gatewayA,10,d53238027e5c
86,67,10,d53238027e5c,sensor01→gatewayA;sensor02→gatewayC;sensor03→gatewayC;sensor04→gatewayA;sensor05→gatewayA;sensor06→gatewayA;sensor07→gatewayA;sensor08→gatewayA;sensor09→gatewayA;sensor10→gatewayC,10,d708670db0b5,sensor01→gatewayA;sensor02→gatewayC;sensor03→gatewayC;sensor04→gatewayA;sensor05→gatewayA;sensor06→gatewayA;sensor07→gatewayA;sensor08→gatewayA;sensor09→gatewayA;sensor10→gatewayA,10,d53238027e5c
86,68,10,d53238027e5c,sensor01→gatewayA;sensor02→gatewayC;sensor03→gatewayC;sensor04→gatewayA;sensor05→gatewayA;sensor06→gatewayA;sensor07→gatewayA;sensor08→gatewayA;sensor09→gatewayA;sensor10→gatewayC,10,d708670db0b5,sensor01→gatewayA;sensor02→gatewayC;sensor03→gatewayC;sensor04→gatewayA;sensor05→gatewayA;sensor06→gatewayA;sensor07→gatewayA;sensor08→gatewayA;sensor09→gatewayA;sensor10→gatewayA,10,d53238027e5c
86,69,10,d53238027e5c,sensor01→gatewayA;sensor02→gatewayC;sensor03→gatewayC;sensor04→gatewayA;sensor05→gatewayA;sensor06→gatewayA;sensor07→gatewayA;sensor08→gatewayA;sensor09→gatewayA;sensor10→gatewayC,10,d708670db0b5,sensor01→gatewayA;sensor02→gatewayC;sensor03→gatewayC;sensor04→gatewayA;sensor05→gatewayA;sensor06→gatewayA;sensor07→gatewayA;sensor08→gatewayA;sensor09→gatewayA;sensor10→gatewayA,10,d53238027e5c
86,70,10,d53238027e5c,sensor01→gatewayA;sensor02→gatewayC;sensor03→gatewayC;sensor04→gatewayA;sensor05→gatewayA;sensor06→gatewayA;sensor07→gatewayA;sensor08→gatewayA;sensor09→gatewayA;sensor10→gatewayC,10,d708670db0b5,sensor01→gatewayA;sensor02→gatewayC;sensor03→gatewayC;sensor04→gatewayA;sensor05→gatewayA;sensor06→gatewayA;sensor07→gatewayA;sensor08→gatewayA;sensor09→gatewayA;sensor10→gatewayA,10,d53238027e5c
86,71,10,d53238027e5c,sensor01→gatewayA;sensor02→gatewayC;sensor03→gatewayC;sensor04→gatewayA;sensor05→gatewayA;sensor06→gatewayA;sensor07→gatewayA;sensor08→gatewayA;sensor09→gatewayA;sensor10→gatewayC,10,d708670db0b5,sensor01→gatewayA;sensor02→gatewayC;sensor03→gatewayC;sensor04→gatewayA;sensor05→gatewayA;sensor06→gatewayA;sensor07→gatewayA;sensor08→gatewayA;sensor09→gatewayA;sensor10→gatewayA,10,d53238027e5c
86,72,10,d53238027e5c,sensor01→gatewayA;sensor02→gatewayC;sensor03→gatewayC;sensor04→gatewayA;sensor05→gatewayA;sensor06→gatewayA;sensor07→gatewayA;sensor08→gatewayA;sensor09→gatewayA;sensor10→gatewayC,10,d708670db0b5,sensor01→gatewayA;sensor02→gatewayC;sensor03→gatewayC;sensor04→gatewayA;sensor05→gatewayA;sensor06→gatewayA;sensor07→gatewayA;sensor08→gatewayA;sensor09→gatewayA;sensor10→gatewayA,10,d53238027e5c
86,73,10,d53238027e5c,sensor01→gatewayA;sensor02→gatewayC;sensor03→gatewayC;sensor04→gatewayA;sensor05→gatewayA;sensor06→gatewayA;sensor07→gatewayA;sensor08→gatewayA;sensor09→gatewayA;sensor10→gatewayC,10,d708670db0b5,sensor01→gatewayA;sensor02→gatewayC;sensor03→gatewayC;sensor04→gatewayA;sensor05→gatewayA;sensor06→gatewayA;sensor07→gatewayA;sensor08→gatewayA;sensor09→gatewayA;sensor10→gatewayA,10,d53238027e5c
86,74,10,d53238027e5c,sensor01→gatewayA;sensor02→gatewayC;sensor03→gatewayC;sensor04→gatewayA;sensor05→gatewayA;sensor06→gatewayA;sensor07→gatewayA;sensor08→gatewayA;sensor09→gatewayA;sensor10→gatewayC,10,d708670db0b5,sensor01→gatewayA;sensor02→gatewayC;sensor03→gatewayC;sensor04→gatewayA;sensor05→gatewayA;sensor06→gatewayA;sensor07→gatewayA;sensor08→gatewayA;sensor09→gatewayA;sensor10→gatewayA,10,d53238027e5c
86,75,10,d53238027e5c,sensor01→gatewayA;sensor02→gatewayC;sensor03→gatewayC;sensor04→gatewayA;sensor05→gatewayA;sensor06→gatewayA;sensor07→gatewayA;sensor08→gatewayA;sensor09→gatewayA;sensor10→gatewayC,10,d708670db0b5,sensor01→gatewayA;sensor02→gatewayC;sensor03→gatewayC;sensor04→gatewayA;sensor05→gatewayA;sensor06→gatewayA;sensor07→gatewayA;sensor08→gatewayA;sensor09→gatewayA;sensor10→gatewayA,10,d53238027e5c
86,76,10,d53238027e5c,sensor01→gatewayA;sensor02→gatewayC;sensor03→gatewayC;sensor04→gatewayA;sensor05→gatewayA;sensor06→gatewayA;sensor07→gatewayA;sensor08→gatewayA;sensor09→gatewayA;sensor10→gatewayC,10,d708670db0b5,sensor01→gatewayA;sensor02→gatewayC;sensor03→gatewayC;sensor04→gatewayA;sensor05→gatewayA;sensor06→gatewayA;sensor07→gatewayA;sensor08→gatewayA;sensor09→gatewayA;sensor10→gatewayA,10,d53238027e5c
86,77,10,d53238027e5c,sensor01→gatewayA;sensor02→gatewayC;sensor03→gatewayC;sensor04→gatewayA;sensor05→gatewayA;sensor06→gatewayA;sensor07→gatewayA;sensor08→gatewayA;sensor09→gatewayA;sensor10→gatewayC,10,d708670db0b5,sensor01→gatewayA;sensor02→gatewayC;sensor03→gatewayC;sensor04→gatewayA;sensor05→gatewayA;sensor06→gatewayA;sensor07→gatewayA;sensor08→gatewayA;sensor09→gatewayA;sensor10→gatewayA,10,d53238027e5c
86,89,12,fba66e5cdf8c,sensor01→gatewayA;sensor01→gatewayC;sensor02→gatewayC;sensor03→gatewayC;sensor04→gatewayA;sensor04→gatewayC;sensor05→gatewayA;sensor06→gatewayA;sensor07→gatewayA;sensor08→gatewayA;sensor09→gatewayA;sensor10→gatewayC,12,1857c34ccaa1,sensor01→gatewayA;sensor01→gatewayB;sensor02→gatewayC;sensor03→gatewayC;sensor04→gatewayA;sensor04→gatewayC;sensor05→gatewayA;sensor06→gatewayA;sensor07→gatewayA;sensor08→gatewayA;sensor09→gatewayA;sensor10→gatewayC,12,fba66e5cdf8c
86,91,14,ba7836f47dfe,sensor01→gatewayA;sensor01→gatewayC;sensor02→gatewayC;sensor03→gatewayC;sensor04→gatewayA;sensor04→gatewayC;sensor05→gatewayA;sensor06→gatewayA;sensor07→gatewayA;sensor07→gatewayC;sensor08→gatewayA;sensor08→gatewayB;sensor09→gatewayA;sensor10→gatewayC,14,7d0409742162,sensor01→gatewayA;sensor01→gatewayC;sensor02→gatewayC;sensor03→gatewayC;sensor04→gatewayA;sensor04→gatewayC;sensor05→gatewayA;sensor06→gatewayA;sensor07→gatewayA;sensor07→gatewayB;sensor08→gatewayA;sensor08→gatewayB;sensor09→gatewayA;sensor10→gatewayC,14,ba7836f47dfe
86,92,14,ba7836f47dfe,sensor01→gatewayA;sensor01→gatewayC;sensor02→gatewayC;sensor03→gatewayC;sensor04→gatewayA;sensor04→gatewayC;sensor05→gatewayA;sensor06→gatewayA;sensor07→gatewayA;sensor07→gatewayC;sensor08→gatewayA;sensor08→gatewayB;sensor09→gatewayA;sensor10→gatewayC,14,7d0409742162,sensor01→gatewayA;sensor01→gatewayC;sensor02→gatewayC;sensor03→gatewayC;sensor04→gatewayA;sensor04→gatewayC;sensor05→gatewayA;sensor06→gatewayA;sensor07→gatewayA;sensor07→gatewayB;sensor08→gatewayA;sensor08→gatewayB;sensor09→gatewayA;sensor10→gatewayC,14,ba7836f47dfe
86,95,17,126ff9a6f407,sensor01→gatewayA;sensor01→gatewayC;sensor02→gatewayA;sensor02→gatewayC;sensor03→gatewayA;sensor03→gatewayC;sensor04→gatewayA;sensor04→gatewayC;sensor05→gatewayA;sensor05→gatewayC;sensor06→gatewayA;sensor07→gatewayA;sensor07→gatewayC;sensor08→gatewayA;sensor08→gatewayB;sensor09→gatewayA;sensor10→gatewayC,17,4deb1457865a,sensor01→gatewayA;sensor01→gatewayC;sensor02→gatewayA;sensor02→gatewayC;sensor03→gatewayA;sensor03→gatewayC;sensor04→gatewayA;sensor04→gatewayC;sensor05→gatewayA;sensor05→gatewayB;sensor06→gatewayA;sensor07→gatewayA;sensor07→gatewayC;sensor08→gatewayA;sensor08→gatewayB;sensor09→gatewayA;sensor10→gatewayC,17,126ff9a6f407
87,50,10,d53238027e5c,sensor01→gatewayA;sensor02→gatewayC;sensor03→gatewayC;sensor04→gatewayA;sensor05→gatewayA;sensor06→gatewayA;sensor07→gatewayA;sensor08→gatewayA;sensor09→gatewayA;sensor10→gatewayC,10,d708670db0b5,sensor01→gatewayA;sensor02→gatewayC;sensor03→gatewayC;sensor04→gatewayA;sensor05→gatewayA;sensor06→gatewayA;sensor07→gatewayA;sensor08→gatewayA;sensor09→gatewayA;sensor10→gatewayA,10,d53238027e5c
87,51,10,d53238027e5c,sensor01→gatewayA;sensor02→gatewayC;sensor03→gatewayC;sensor04→gatewayA;sensor05→gatewayA;sensor06→gatewayA;sensor07→gatewayA;sensor08→gatewayA;sensor09→gatewayA;sensor10→gatewayC,10,d708670db0b5,sensor01→gatewayA;sensor02→gatewayC;sensor03→gatewayC;sensor04→gatewayA;sensor05→gatewayA;sensor06→gatewayA;sensor07→gatewayA;sensor08→gatewayA;sensor09→gatewayA;sensor10→gatewayA,10,d53238027e5c
87,52,10,d53238027e5c,sensor01→gatewayA;sensor02→gatewayC;sensor03→gatewayC;sensor04→gatewayA;sensor05→gatewayA;sensor06→gatewayA;sensor07→gatewayA;sensor08→gatewayA;sensor09→gatewayA;sensor10→gatewayC,10,d708670db0b5,sensor01→gatewayA;sensor02→gatewayC;sensor03→gatewayC;sensor04→gatewayA;sensor05→gatewayA;sensor06→gatewayA;sensor07→gatewayA;sensor08→gatewayA;sensor09→gatewayA;sensor10→gatewayA,10,d53238027e5c
87,53,10,d53238027e5c,sensor01→gatewayA;sensor02→gatewayC;sensor03→gatewayC;sensor04→gatewayA;sensor05→gatewayA;sensor06→gatewayA;sensor07→gatewayA;sensor08→gatewayA;sensor09→gatewayA;sensor10→gatewayC,10,d708670db0b5,sensor01→gatewayA;sensor02→gatewayC;sensor03→gatewayC;sensor04→gatewayA;sensor05→gatewayA;sensor06→gatewayA;sensor07→gatewayA;sensor08→gatewayA;sensor09→gatewayA;sensor10→gatewayA,10,d53238027e5c
87,54,10,d53238027e5c,sensor01→gatewayA;sensor02→gatewayC;sensor03→gatewayC;sensor04→gatewayA;sensor05→gatewayA;sensor06→gatewayA;sensor07→gatewayA;sensor08→gatewayA;sensor09→gatewayA;sensor10→gatewayC,10,d708670db0b5,sensor01→gatewayA;sensor02→gatewayC;sensor03→gatewayC;sensor04→gatewayA;sensor05→gatewayA;sensor06→gatewayA;sensor07→gatewayA;sensor08→gatewayA;sensor09→gatewayA;sensor10→gatewayA,10,d53238027e5c
87,55,10,d53238027e5c,sensor01→gatewayA;sensor02→gatewayC;sensor03→gatewayC;sensor04→gatewayA;sensor05→gatewayA;sensor06→gatewayA;sensor07→gatewayA;sensor08→gatewayA;sensor09→gatewayA;sensor10→gatewayC,10,d708670db0b5,sensor01→gatewayA;sensor02→gatewayC;sensor03→gatewayC;sensor04→gatewayA;sensor05→gatewayA;sensor06→gatewayA;sensor07→gatewayA;sensor08→gatewayA;sensor09→gatewayA;sensor10→gatewayA,10,d53238027e5c
87,56,10,d53238027e5c,sensor01→gatewayA;sensor02→gatewayC;sensor03→gatewayC;sensor04→gatewayA;sensor05→gatewayA;sensor06→gatewayA;sensor07→gatewayA;sensor08→gatewayA;sensor09→gatewayA;sensor10→gatewayC,10,d708670db0b5,sensor01→gatewayA;sensor02→gatewayC;sensor03→gatewayC;sensor04→gatewayA;sensor05→gatewayA;sensor06→gatewayA;sensor07→gatewayA;sensor08→gatewayA;sensor09→gatewayA;sensor10→gatewayA,10,d53238027e5c
87,57,10,d53238027e5c,sensor01→gatewayA;sensor02→gatewayC;sensor03→gatewayC;sensor04→gatewayA;sensor05→gatewayA;sensor06→gatewayA;sensor07→gatewayA;sensor08→gatewayA;sensor09→gatewayA;sensor10→gatewayC,10,d708670db0b5,sensor01→gatewayA;sensor02→gatewayC;sensor03→gatewayC;sensor04→gatewayA;sensor05→gatewayA;sensor06→gatewayA;sensor07→gatewayA;sensor08→gatewayA;sensor09→gatewayA;sensor10→gatewayA,10,d53238027e5c
87,58,10,d53238027e5c,sensor01→gatewayA;sensor02→gatewayC;sensor03→gatewayC;sensor04→gatewayA;sensor05→gatewayA;sensor06→gatewayA;sensor07→gatewayA;sensor08→gatewayA;sensor09→gatewayA;sensor10→gatewayC,10,d708670db0b5,sensor01→gatewayA;sensor02→gatewayC;sensor03→gatewayC;sensor04→gatewayA;sensor05→gatewayA;sensor06→gatewayA;sensor07→gatewayA;sensor08→gatewayA;sensor09→gatewayA;sensor10→gatewayA,10,d53238027e5c
87,59,10,d53238027e5c,sensor01→gatewayA;sensor02→gatewayC;sensor03→gatewayC;sensor04→gatewayA;sensor05→gatewayA;sensor06→gatewayA;sensor07→gatewayA;sensor08→gatewayA;sensor09→gatewayA;sensor10→gatewayC,10,d708670db0b5,sensor01→gatewayA;sensor02→gatewayC;sensor03→gatewayC;sensor04→gatewayA;sensor05→gatewayA;sensor06→gatewayA;sensor07→gatewayA;sensor08→gatewayA;sensor09→gatewayA;sensor10→gatewayA,10,d53238027e5c
87,60,10,d53238027e5c,sensor01→gatewayA;sensor02→gatewayC;sensor03→gatewayC;sensor04→gatewayA;sensor05→gatewayA;sensor06→gatewayA;sensor07→gatewayA;sensor08→gatewayA;sensor09→gatewayA;sensor10→gatewayC,10,d708670db0b5,sensor01→gatewayA;sensor02→gatewayC;sensor03→gatewayC;sensor04→gatewayA;sensor05→gatewayA;sensor06→gatewayA;sensor07→gatewayA;sensor08→gatewayA;sensor09→gatewayA;sensor10→gatewayA,10,d53238027e5c
87,61,10,d53238027e5c,sensor01→gatewayA;sensor02→gatewayC;sensor03→gatewayC;sensor04→gatewayA;sensor05→gatewayA;sensor06→gatewayA;sensor07→gatewayA;sensor08→gatewayA;sensor09→gatewayA;sensor10→gatewayC,10,d708670db0b5,sensor01→gatewayA;sensor02→gatewayC;sensor03→gatewayC;sensor04→gatewayA;sensor05→gatewayA;sensor06→gatewayA;sensor07→gatewayA;sensor08→gatewayA;sensor09→gatewayA;sensor10→gatewayA,10,d53238027e5c
87,62,10,d53238027e5c,sensor01→gatewayA;sensor02→gatewayC;sensor03→gatewayC;sensor04→gatewayA;sensor05→gatewayA;sensor06→gatewayA;sensor07→gatewayA;sensor08→gatewayA;sensor09→gatewayA;sensor10→gatewayC,10,d708670db0b5,sensor01→gatewayA;sensor02→gatewayC;sensor03→gatewayC;sensor04→gatewayA;sensor05→gatewayA;sensor06→gatewayA;sensor07→gatewayA;sensor08→gatewayA;sensor09→gatewayA;sensor10→gatewayA,10,d53238027e5c
87,63,10,d53238027e5c,sensor01→gatewayA;sensor02→gatewayC;sensor03→gatewayC;sensor04→gatewayA;sensor05→gatewayA;sensor06→gatewayA;sensor07→gatewayA;sensor08→gatewayA;sensor09→gatewayA;sensor10→gatewayC,10,d708670db0b5,sensor01→gatewayA;sensor02→gatewayC;sensor03→gatewayC;sensor04→gatewayA;sensor05→gatewayA;sensor06→gatewayA;sensor07→gatewayA;sensor08→gatewayA;sensor09→gatewayA;sensor10→gatewayA,10,d53238027e5c
87,64,10,d53238027e5c,sensor01→gatewayA;sensor02→gatewayC;sensor03→gatewayC;sensor04→gatewayA;sensor05→gatewayA;sensor06→gatewayA;sensor07→gatewayA;sensor08→gatewayA;sensor09→gatewayA;sensor10→gatewayC,10,d708670db0b5,sensor01→gatewayA;sensor02→gatewayC;sensor03→gatewayC;sensor04→gatewayA;sensor05→gatewayA;sensor06→gatewayA;sensor07→gatewayA;sensor08→gatewayA;sensor09→gatewayA;sensor10→gatewayA,10,d53238027e5c
87,65,10,d53238027e5c,sensor01→gatewayA;sensor02→gatewayC;sensor03→gatewayC;sensor04→gatewayA;sensor05→gatewayA;sensor06→gatewayA;sensor07→gatewayA;sensor08→gatewayA;sensor09→gatewayA;sensor10→gatewayC,10,d708670db0b5,sensor01→gatewayA;sensor02→gatewayC;sensor03→gatewayC;sensor04→gatewayA;sensor05→gatewayA;sensor06→gatewayA;sensor07→gatewayA;sensor08→gatewayA;sensor09→gatewayA;sensor10→gatewayA,10,d53238027e5c
87,66,10,d53238027e5c,sensor01→gatewayA;sensor02→gatewayC;sensor03→gatewayC;sensor04→gatewayA;sensor05→gatewayA;sensor06→gatewayA;sensor07→gatewayA;sensor08→gatewayA;sensor09→gatewayA;sensor10→gatewayC,10,d708670db0b5,sensor01→gatewayA;sensor02→gatewayC;sensor03→gatewayC;sensor04→gatewayA;sensor05→gatewayA;sensor06→gatewayA;sensor07→gatewayA;sensor08→gatewayA;sensor09→gatewayA;sensor10→gatewayA,10,d53238027e5c
87,67,10,d53238027e5c,sensor01→gatewayA;sensor02→gatewayC;sensor03→gatewayC;sensor04→gatewayA;sensor05→gatewayA;sensor06→gatewayA;sensor07→gatewayA;sensor08→gatewayA;sensor09→gatewayA;sensor10→gatewayC,10,d708670db0b5,sensor01→gatewayA;sensor02→gatewayC;sensor03→gatewayC;sensor04→gatewayA;sensor05→gatewayA;sensor06→gatewayA;sensor07→gatewayA;sensor08→gatewayA;sensor09→gatewayA;sensor10→gatewayA,10,d53238027e5c
87,68,10,d53238027e5c,sensor01→gatewayA;sensor02→gatewayC;sensor03→gatewayC;sensor04→gatewayA;sensor05→gatewayA;sensor06→gatewayA;sensor07→gatewayA;sensor08→gatewayA;sensor09→gatewayA;sensor10→gatewayC,10,d708670db0b5,sensor01→gatewayA;sensor02→gatewayC;sensor03→gatewayC;sensor04→gatewayA;sensor05→gatewayA;sensor06→gatewayA;sensor07→gatewayA;sensor08→gatewayA;sensor09→gatewayA;sensor10→gatewayA,10,d53238027e5c
87,69,10,d53238027e5c,sensor01→gatewayA;sensor02→gatewayC;sensor03→gatewayC;sensor04→gatewayA;sensor05→gatewayA;sensor06→gatewayA;sensor07→gatewayA;sensor08→gatewayA;sensor09→gatewayA;sensor10→gatewayC,10,d708670db0b5,sensor01→gatewayA;sensor02→gatewayC;sensor03→gatewayC;sensor04→gatewayA;sensor05→gatewayA;sensor06→gatewayA;sensor07→gatewayA;sensor08→gatewayA;sensor09→gatewayA;sensor10→gatewayA,10,d53238027e5c
87,70,10,d53238027e5c,sensor01→gatewayA;sensor02→gatewayC;sensor03→gatewayC;sensor04→gatewayA;sensor05→gatewayA;sensor06→gatewayA;sensor07→gatewayA;sensor08→gatewayA;sensor09→gatewayA;sensor10→gatewayC,10,d708670db0b5,sensor01→gatewayA;sensor02→gatewayC;sensor03→gatewayC;sensor04→gatewayA;sensor05→gatewayA;sensor06→gatewayA;sensor07→gatewayA;sensor08→gatewayA;sensor09→gatewayA;sensor10→gatewayA,10,d53238027e5c
87,71,10,d53238027e5c,sensor01→gatewayA;sensor02→gatewayC;sensor03→gatewayC;sensor04→gatewayA;sensor05→gatewayA;sensor06→gatewayA;sensor07→gatewayA;sensor08→gatewayA;sensor09→gatewayA;sensor10→gatewayC,10,d708670db0b5,sensor01→gatewayA;sensor02→gatewayC;sensor03→gatewayC;sensor04→gatewayA;sensor05→gatewayA;sensor06→gatewayA;sensor07→gatewayA;sensor08→gatewayA;sensor09→gatewayA;sensor10→gatewayA,10,d53238027e5c
87,72,10,d53238027e5c,sensor01→gatewayA;sensor02→gatewayC;sensor03→gatewayC;sensor04→gatewayA;sensor05→gatewayA;sensor06→gatewayA;sensor07→gatewayA;sensor08→gatewayA;sensor09→gatewayA;sensor10→gatewayC,10,d708670db0b5,sensor01→gatewayA;sensor02→gatewayC;sensor03→gatewayC;sensor04→gatewayA;sensor05→gatewayA;sensor06→gatewayA;sensor07→gatewayA;sensor08→gatewayA;sensor09→gatewayA;sensor10→gatewayA,10,d53238027e5c
87,73,10,d53238027e5c,sensor01→gatewayA;sensor02→gatewayC;sensor03→gatewayC;sensor04→gatewayA;sensor05→gatewayA;sensor06→gatewayA;sensor07→gatewayA;sensor08→gatewayA;sensor09→gatewayA;sensor10→gatewayC,10,d708670db0b5,sensor01→gatewayA;sensor02→gatewayC;sensor03→gatewayC;sensor04→gatewayA;sensor05→gatewayA;sensor06→gatewayA;sensor07→gatewayA;sensor08→gatewayA;sensor09→gatewayA;sensor10→gatewayA,10,d53238027e5c
87,74,10,d53238027e5c,sensor01→gatewayA;sensor02→gatewayC;sensor03→gatewayC;sensor04→gatewayA;sensor05→gatewayA;sensor06→gatewayA;sensor07→gatewayA;sensor08→gatewayA;sensor09→gatewayA;sensor10→gatewayC,10,d708670db0b5,sensor01→gatewayA;sensor02→gatewayC;sensor03→gatewayC;sensor04→gatewayA;sensor05→gatewayA;sensor06→gatewayA;sensor07→gatewayA;sensor08→gatewayA;sensor09→gatewayA;sensor10→gatewayA,10,d53238027e5c
87,75,10,d53238027e5c,sensor01→gatewayA;sensor02→gatewayC;sensor03→gatewayC;sensor04→gatewayA;sensor05→gatewayA;sensor06→gatewayA;sensor07→gatewayA;sensor08→gatewayA;sensor09→gatewayA;sensor10→gatewayC,10,d708670db0b5,sensor01→gatewayA;sensor02→gatewayC;sensor03→gatewayC;sensor04→gatewayA;sensor05→gatewayA;sensor06→gatewayA;sensor07→gatewayA;sensor08→gatewayA;sensor09→gatewayA;sensor10→gatewayA,10,d53238027e5c
87,76,10,d53238027e5c,sensor01→gatewayA;sensor02→gatewayC;sensor03→gatewayC;sensor04→gatewayA;sensor05→gatewayA;sensor06→gatewayA;sensor07→gatewayA;sensor08→gatewayA;sensor09→gatewayA;sensor10→gatewayC,10,d708670db0b5,sensor01→gatewayA;sensor02→gatewayC;sensor03→gatewayC;sensor04→gatewayA;sensor05→gatewayA;sensor06→gatewayA;sensor07→gatewayA;sensor08→gatewayA;sensor09→gatewayA;sensor10→gatewayA,10,d53238027e5c
87,77,10,d53238027e5c,sensor01→gatewayA;sensor02→gatewayC;sensor03→gatewayC;sensor04→gatewayA;sensor05→gatewayA;sensor06→gatewayA;sensor07→gatewayA;sensor08→gatewayA;sensor09→gatewayA;sensor10→gatewayC,10,d708670db0b5,sensor01→gatewayA;sensor02→gatewayC;sensor03→gatewayC;sensor04→gatewayA;sensor05→gatewayA;sensor06→gatewayA;sensor07→gatewayA;sensor08→gatewayA;sensor09→gatewayA;sensor10→gatewayA,10,d53238027e5c
87,89,12,fba66e5cdf8c,sensor01→gatewayA;sensor01→gatewayC;sensor02→gatewayC;sensor03→gatewayC;sensor04→gatewayA;sensor04→gatewayC;sensor05→gatewayA;sensor06→gatewayA;sensor07→gatewayA;sensor08→gatewayA;sensor09→gatewayA;sensor10→gatewayC,12,1857c34ccaa1,sensor01→gatewayA;sensor01→gatewayB;sensor02→gatewayC;sensor03→gatewayC;sensor04→gatewayA;sensor04→gatewayC;sensor05→gatewayA;sensor06→gatewayA;sensor07→gatewayA;sensor08→gatewayA;sensor09→gatewayA;sensor10→gatewayC,12,fba66e5cdf8c
87,91,14,ba7836f47dfe,sensor01→gatewayA;sensor01→gatewayC;sensor02→gatewayC;sensor03→gatewayC;sensor04→gatewayA;sensor04→gatewayC;sensor05→gatewayA;sensor06→gatewayA;sensor07→gatewayA;sensor07→gatewayC;sensor08→gatewayA;sensor08→gatewayB;sensor09→gatewayA;sensor10→gatewayC,14,7d0409742162,sensor01→gatewayA;sensor01→gatewayC;sensor02→gatewayC;sensor03→gatewayC;sensor04→gatewayA;sensor04→gatewayC;sensor05→gatewayA;sensor06→gatewayA;sensor07→gatewayA;sensor07→gatewayB;sensor08→gatewayA;sensor08→gatewayB;sensor09→gatewayA;sensor10→gatewayC,14,ba7836f47dfe
87,92,14,ba7836f47dfe,sensor01→gatewayA;sensor01→gatewayC;sensor02→gatewayC;sensor03→gatewayC;sensor04→gatewayA;sensor04→gatewayC;sensor05→gatewayA;sensor06→gatewayA;sensor07→gatewayA;sensor07→gatewayC;sensor08→gatewayA;sensor08→gatewayB;sensor09→gatewayA;sensor10→gatewayC,14,7d0409742162,sensor01→gatewayA;sensor01→gatewayC;sensor02→gatewayC;sensor03→gatewayC;sensor04→gatewayA;sensor04→gatewayC;sensor05→gatewayA;sensor06→gatewayA;sensor07→gatewayA;sensor07→gatewayB;sensor08→gatewayA;sensor08→gatewayB;sensor09→gatewayA;sensor10→gatewayC,14,ba7836f47dfe
87,95,17,126ff9a6f407,sensor01→gatewayA;sensor01→gatewayC;sensor02→gatewayA;sensor02→gatewayC;sensor03→gatewayA;sensor03→gatewayC;sensor04→gatewayA;sensor04→gatewayC;sensor05→gatewayA;sensor05→gatewayC;sensor06→gatewayA;sensor07→gatewayA;sensor07→gatewayC;sensor08→gatewayA;sensor08→gatewayB;sensor09→gatewayA;sensor10→gatewayC,17,4deb1457865a,sensor01→gatewayA;sensor01→gatewayC;sensor02→gatewayA;sensor02→gatewayC;sensor03→gatewayA;sensor03→gatewayC;sensor04→gatewayA;sensor04→gatewayC;sensor05→gatewayA;sensor05→gatewayB;sensor06→gatewayA;sensor07→gatewayA;sensor07→gatewayC;sensor08→gatewayA;sensor08→gatewayB;sensor09→gatewayA;sensor10→gatewayC,17,126ff9a6f407
88,50,10,d53238027e5c,sensor01→gatewayA;sensor02→gatewayC;sensor03→gatewayC;sensor04→gatewayA;sensor05→gatewayA;sensor06→gatewayA;sensor07→gatewayA;sensor08→gatewayA;sensor09→gatewayA;sensor10→gatewayC,10,d708670db0b5,sensor01→gatewayA;sensor02→gatewayC;sensor03→gatewayC;sensor04→gatewayA;sensor05→gatewayA;sensor06→gatewayA;sensor07→gatewayA;sensor08→gatewayA;sensor09→gatewayA;sensor10→gatewayA,10,d53238027e5c
88,51,10,d53238027e5c,sensor01→gatewayA;sensor02→gatewayC;sensor03→gatewayC;sensor04→gatewayA;sensor05→gatewayA;sensor06→gatewayA;sensor07→gatewayA;sensor08→gatewayA;sensor09→gatewayA;sensor10→gatewayC,10,d708670db0b5,sensor01→gatewayA;sensor02→gatewayC;sensor03→gatewayC;sensor04→gatewayA;sensor05→gatewayA;sensor06→gatewayA;sensor07→gatewayA;sensor08→gatewayA;sensor09→gatewayA;sensor10→gatewayA,10,d53238027e5c
88,52,10,d53238027e5c,sensor01→gatewayA;sensor02→gatewayC;sensor03→gatewayC;sensor04→gatewayA;sensor05→gatewayA;sensor06→gatewayA;sensor07→gatewayA;sensor08→gatewayA;sensor09→gatewayA;sensor10→gatewayC,10,d708670db0b5,sensor01→gatewayA;sensor02→gatewayC;sensor03→gatewayC;sensor04→gatewayA;sensor05→gatewayA;sensor06→gatewayA;sensor07→gatewayA;sensor08→gatewayA;sensor09→gatewayA;sensor10→gatewayA,10,d53238027e5c
88,53,10,d53238027e5c,sensor01→gatewayA;sensor02→gatewayC;sensor03→gatewayC;sensor04→gatewayA;sensor05→gatewayA;sensor06→gatewayA;sensor07→gatewayA;sensor08→gatewayA;sensor09→gatewayA;sensor10→gatewayC,10,d708670db0b5,sensor01→gatewayA;sensor02→gatewayC;sensor03→gatewayC;sensor04→gatewayA;sensor05→gatewayA;sensor06→gatewayA;sensor07→gatewayA;sensor08→gatewayA;sensor09→gatewayA;sensor10→gatewayA,10,d53238027e5c
88,54,10,d53238027e5c,sensor01→gatewayA;sensor02→gatewayC;sensor03→gatewayC;sensor04→gatewayA;sensor05→gatewayA;sensor06→gatewayA;sensor07→gatewayA;sensor08→gatewayA;sensor09→gatewayA;sensor10→gatewayC,10,d708670db0b5,sensor01→gatewayA;sensor02→gatewayC;sensor03→gatewayC;sensor04→gatewayA;sensor05→gatewayA;sensor06→gatewayA;sensor07→gatewayA;sensor08→gatewayA;sensor09→gatewayA;sensor10→gatewayA,10,d53238027e5c
88,55,10,d53238027e5c,sensor01→gatewayA;sensor02→gatewayC;sensor03→gatewayC;sensor04→gatewayA;sensor05→gatewayA;sensor06→gatewayA;sensor07→gatewayA;sensor08→gatewayA;sensor09→gatewayA;sensor10→gatewayC,10,d708670db0b5,sensor01→gatewayA;sensor02→gatewayC;sensor03→gatewayC;sensor04→gatewayA;sensor05→gatewayA;sensor06→gatewayA;sensor07→gatewayA;sensor08→gatewayA;sensor09→gatewayA;sensor10→gatewayA,10,d53238027e5c
88,56,10,d53238027e5c,sensor01→gatewayA;sensor02→gatewayC;sensor03→gatewayC;sensor04→gatewayA;sensor05→gatewayA;sensor06→gatewayA;sensor07→gatewayA;sensor08→gatewayA;sensor09→gatewayA;sensor10→gatewayC,10,d708670db0b5,sensor01→gatewayA;sensor02→gatewayC;sensor03→gatewayC;sensor04→gatewayA;sensor05→gatewayA;sensor06→gatewayA;sensor07→gatewayA;sensor08→gatewayA;sensor09→gatewayA;sensor10→gatewayA,10,d53238027e5c
88,57,10,d53238027e5c,sensor01→gatewayA;sensor02→gatewayC;sensor03→gatewayC;sensor04→gatewayA;sensor05→gatewayA;sensor06→gatewayA;sensor07→gatewayA;sensor08→gatewayA;sensor09→gatewayA;sensor10→gatewayC,10,d708670db0b5,sensor01→gatewayA;sensor02→gatewayC;sensor03→gatewayC;sensor04→gatewayA;sensor05→gatewayA;sensor06→gatewayA;sensor07→gatewayA;sensor08→gatewayA;sensor09→gatewayA;sensor10→gatewayA,10,d53238027e5c
88,58,10,d53238027e5c,sensor01→gatewayA;sensor02→gatewayC;sensor03→gatewayC;sensor04→gatewayA;sensor05→gatewayA;sensor06→gatewayA;sensor07→gatewayA;sensor08→gatewayA;sensor09→gatewayA;sensor10→gatewayC,10,d708670db0b5,sensor01→gatewayA;sensor02→gatewayC;sensor03→gatewayC;sensor04→gatewayA;sensor05→gatewayA;sensor06→gatewayA;sensor07→gatewayA;sensor08→gatewayA;sensor09→gatewayA;sensor10→gatewayA,10,d53238027e5c
88,59,10,d53238027e5c,sensor01→gatewayA;sensor02→gatewayC;sensor03→gatewayC;sensor04→gatewayA;sensor05→gatewayA;sensor06→gatewayA;sensor07→gatewayA;sensor08→gatewayA;sensor09→gatewayA;sensor10→gatewayC,10,d708670db0b5,sensor01→gatewayA;sensor02→gatewayC;sensor03→gatewayC;sensor04→gatewayA;sensor05→gatewayA;sensor06→gatewayA;sensor07→gatewayA;sensor08→gatewayA;sensor09→gatewayA;sensor10→gatewayA,10,d53238027e5c
88,60,10,d53238027e5c,sensor01→gatewayA;sensor02→gatewayC;sensor03→gatewayC;sensor04→gatewayA;sensor05→gatewayA;sensor06→gatewayA;sensor07→gatewayA;sensor08→gatewayA;sensor09→gatewayA;sensor10→gatewayC,10,d708670db0b5,sensor01→gatewayA;sensor02→gatewayC;sensor03→gatewayC;sensor04→gatewayA;sensor05→gatewayA;sensor06→gatewayA;sensor07→gatewayA;sensor08→gatewayA;sensor09→gatewayA;sensor10→gatewayA,10,d53238027e5c
88,61,10,d53238027e5c,sensor01→gatewayA;sensor02→gatewayC;sensor03→gatewayC;sensor04→gatewayA;sensor05→gatewayA;sensor06→gatewayA;sensor07→gatewayA;sensor08→gatewayA;sensor09→gatewayA;sensor10→gatewayC,10,d708670db0b5,sensor01→gatewayA;sensor02→gatewayC;sensor03→gatewayC;sensor04→gatewayA;sensor05→gatewayA;sensor06→gatewayA;sensor07→gatewayA;sensor08→gatewayA;sensor09→gatewayA;sensor10→gatewayA,10,d53238027e5c
88,62,10,d53238027e5c,sensor01→gatewayA;sensor02→gatewayC;sensor03→gatewayC;sensor04→gatewayA;sensor05→gatewayA;sensor06→gatewayA;sensor07→gatewayA;sensor08→gatewayA;sensor09→gatewayA;sensor10→gatewayC,10,d708670db0b5,sensor01→gatewayA;sensor02→gatewayC;sensor03→gatewayC;sensor04→gatewayA;sensor05→gatewayA;sensor06→gatewayA;sensor07→gatewayA;sensor08→gatewayA;sensor09→gatewayA;sensor10→gatewayA,10,d53238027e5c
88,63,10,d53238027e5c,sensor01→gatewayA;sensor02→gatewayC;sensor03→gatewayC;sensor04→gatewayA;sensor05→gatewayA;sensor06→gatewayA;sensor07→gatewayA;sensor08→gatewayA;sensor09→gatewayA;sensor10→gatewayC,10,d708670db0b5,sensor01→gatewayA;sensor02→gatewayC;sensor03→gatewayC;sensor04→gatewayA;sensor05→gatewayA;sensor06→gatewayA;sensor07→gatewayA;sensor08→gatewayA;sensor09→gatewayA;sensor10→gatewayA,10,d53238027e5c
88,64,10,d53238027e5c,sensor01→gatewayA;sensor02→gatewayC;sensor03→gatewayC;sensor04→gatewayA;sensor05→gatewayA;sensor06→gatewayA;sensor07→gatewayA;sensor08→gatewayA;sensor09→gatewayA;sensor10→gatewayC,10,d708670db0b5,sensor01→gatewayA;sensor02→gatewayC;sensor03→gatewayC;sensor04→gatewayA;sensor05→gatewayA;sensor06→gatewayA;sensor07→gatewayA;sensor08→gatewayA;sensor09→gatewayA;sensor10→gatewayA,10,d53238027e5c
88,65,10,d53238027e5c,sensor01→gatewayA;sensor02→gatewayC;sensor03→gatewayC;sensor04→gatewayA;sensor05→gatewayA;sensor06→gatewayA;sensor07→gatewayA;sensor08→gatewayA;sensor09→gatewayA;sensor10→gatewayC,10,d708670db0b5,sensor01→gatewayA;sensor02→gatewayC;sensor03→gatewayC;sensor04→gatewayA;sensor05→gatewayA;sensor06→gatewayA;sensor07→gatewayA;sensor08→gatewayA;sensor09→gatewayA;sensor10→gatewayA,10,d53238027e5c
88,66,10,d53238027e5c,sensor01→gatewayA;sensor02→gatewayC;sensor03→gatewayC;sensor04→gatewayA;sensor05→gatewayA;sensor06→gatewayA;sensor07→gatewayA;sensor08→gatewayA;sensor09→gatewayA;sensor10→gatewayC,10,d708670db0b5,sensor01→gatewayA;sensor02→gatewayC;sensor03→gatewayC;sensor04→gatewayA;sensor05→gatewayA;sensor06→gatewayA;sensor07→gatewayA;sensor08→gatewayA;sensor09→gatewayA;sensor10→gatewayA,10,d53238027e5c
88,67,10,d53238027e5c,sensor01→gatewayA;sensor02→gatewayC;sensor03→gatewayC;sensor04→gatewayA;sensor05→gatewayA;sensor06→gatewayA;sensor07→gatewayA;sensor08→gatewayA;sensor09→gatewayA;sensor10→gatewayC,10,d708670db0b5,sensor01→gatewayA;sensor02→gatewayC;sensor03→gatewayC;sensor04→gatewayA;sensor05→gatewayA;sensor06→gatewayA;sensor07→gatewayA;sensor08→gatewayA;sensor09→gatewayA;sensor10→gatewayA,10,d53238027e5c
88,68,10,d53238027e5c,sensor01→gatewayA;sensor02→gatewayC;sensor03→gatewayC;sensor04→gatewayA;sensor05→gatewayA;sensor06→gatewayA;sensor07→gatewayA;sensor08→gatewayA;sensor09→gatewayA;sensor10→gatewayC,10,d708670db0b5,sensor01→gatewayA;sensor02→gatewayC;sensor03→gatewayC;sensor04→gatewayA;sensor05→gatewayA;sensor06→gatewayA;sensor07→gatewayA;sensor08→gatewayA;sensor09→gatewayA;sensor10→gatewayA,10,d53238027e5c
88,69,10,d53238027e5c,sensor01→gatewayA;sensor02→gatewayC;sensor03→gatewayC;sensor04→gatewayA;sensor05→gatewayA;sensor06→gatewayA;sensor07→gatewayA;sensor08→gatewayA;sensor09→gatewayA;sensor10→gatewayC,10,d708670db0b5,sensor01→gatewayA;sensor02→gatewayC;sensor03→gatewayC;sensor04→gatewayA;sensor05→gatewayA;sensor06→gatewayA;sensor07→gatewayA;sensor08→gatewayA;sensor09→gatewayA;sensor10→gatewayA,10,d53238027e5c
88,70,10,d53238027e5c,sensor01→gatewayA;sensor02→gatewayC;sensor03→gatewayC;sensor04→gatewayA;sensor05→gatewayA;sensor06→gatewayA;sensor07→gatewayA;sensor08→gatewayA;sensor09→gatewayA;sensor10→gatewayC,10,d708670db0b5,sensor01→gatewayA;sensor02→gatewayC;sensor03→gatewayC;sensor04→gatewayA;sensor05→gatewayA;sensor06→gatewayA;sensor07→gatewayA;sensor08→gatewayA;sensor09→gatewayA;sensor10→gatewayA,10,d53238027e5c
88,71,10,d53238027e5c,sensor01→gatewayA;sensor02→gatewayC;sensor03→gatewayC;sensor04→gatewayA;sensor05→gatewayA;sensor06→gatewayA;sensor07→gatewayA;sensor08→gatewayA;sensor09→gatewayA;sensor10→gatewayC,10,d708670db0b5,sensor01→gatewayA;sensor02→gatewayC;sensor03→gatewayC;sensor04→gatewayA;sensor05→gatewayA;sensor06→gatewayA;sensor07→gatewayA;sensor08→gatewayA;sensor09→gatewayA;sensor10→gatewayA,10,d53238027e5c
88,72,10,d53238027e5c,sensor01→gatewayA;sensor02→gatewayC;sensor03→gatewayC;sensor04→gatewayA;sensor05→gatewayA;sensor06→gatewayA;sensor07→gatewayA;sensor08→gatewayA;sensor09→gatewayA;sensor10→gatewayC,10,d708670db0b5,sensor01→gatewayA;sensor02→gatewayC;sensor03→gatewayC;sensor04→gatewayA;sensor05→gatewayA;sensor06→gatewayA;sensor07→gatewayA;sensor08→gatewayA;sensor09→gatewayA;sensor10→gatewayA,10,d53238027e5c
88,73,10,d53238027e5c,sensor01→gatewayA;sensor02→gatewayC;sensor03→gatewayC;sensor04→gatewayA;sensor05→gatewayA;sensor06→gatewayA;sensor07→gatewayA;sensor08→gatewayA;sensor09→gatewayA;sensor10→gatewayC,10,d708670db0b5,sensor01→gatewayA;sensor02→gatewayC;sensor03→gatewayC;sensor04→gatewayA;sensor05→gatewayA;sensor06→gatewayA;sensor07→gatewayA;sensor08→gatewayA;sensor09→gatewayA;sensor10→gatewayA,10,d53238027e5c
88,74,10,d53238027e5c,sensor01→gatewayA;sensor02→gatewayC;sensor03→gatewayC;sensor04→gatewayA;sensor05→gatewayA;sensor06→gatewayA;sensor07→gatewayA;sensor08→gatewayA;sensor09→gatewayA;sensor10→gatewayC,10,d708670db0b5,sensor01→gatewayA;sensor02→gatewayC;sensor03→gatewayC;sensor04→gatewayA;sensor05→gatewayA;sensor06→gatewayA;sensor07→gatewayA;sensor08→gatewayA;sensor09→gatewayA;sensor10→gatewayA,10,d53238027e5c
88,75,10,d53238027e5c,sensor01→gatewayA;sensor02→gatewayC;sensor03→gatewayC;sensor04→gatewayA;sensor05→gatewayA;sensor06→gatewayA;sensor07→gatewayA;sensor08→gatewayA;sensor09→gatewayA;sensor10→gatewayC,10,d708670db0b5,sensor01→gatewayA;sensor02→gatewayC;sensor03→gatewayC;sensor04→gatewayA;sensor05→gatewayA;sensor06→gatewayA;sensor07→gatewayA;sensor08→gatewayA;sensor09→gatewayA;sensor10→gatewayA,10,d53238027e5c
88,76,10,d53238027e5c,sensor01→gatewayA;sensor02→gatewayC;sensor03→gatewayC;sensor04→gatewayA;sensor05→gatewayA;sensor06→gatewayA;sensor07→gatewayA;sensor08→gatewayA;sensor09→gatewayA;sensor10→gatewayC,10,d708670db0b5,sensor01→gatewayA;sensor02→gatewayC;sensor03→gatewayC;sensor04→gatewayA;sensor05→gatewayA;sensor06→gatewayA;sensor07→gatewayA;sensor08→gatewayA;sensor09→gatewayA;sensor10→gatewayA,10,d53238027e5c
88,77,10,d53238027e5c,sensor01→gatewayA;sensor02→gatewayC;sensor03→gatewayC;sensor04→gatewayA;sensor05→gatewayA;sensor06→gatewayA;sensor07→gatewayA;sensor08→gatewayA;sensor09→gatewayA;sensor10→gatewayC,10,d708670db0b5,sensor01→gatewayA;sensor02→gatewayC;sensor03→gatewayC;sensor04→gatewayA;sensor05→gatewayA;sensor06→gatewayA;sensor07→gatewayA;sensor08→gatewayA;sensor09→gatewayA;sensor10→gatewayA,10,d53238027e5c
88,89,12,fba66e5cdf8c,sensor01→gatewayA;sensor01→gatewayC;sensor02→gatewayC;sensor03→gatewayC;sensor04→gatewayA;sensor04→gatewayC;sensor05→gatewayA;sensor06→gatewayA;sensor07→gatewayA;sensor08→gatewayA;sensor09→gatewayA;sensor10→gatewayC,12,1857c34ccaa1,sensor01→gatewayA;sensor01→gatewayB;sensor02→gatewayC;sensor03→gatewayC;sensor04→gatewayA;sensor04→gatewayC;sensor05→gatewayA;sensor06→gatewayA;sensor07→gatewayA;sensor08→gatewayA;sensor09→gatewayA;sensor10→gatewayC,12,fba66e5cdf8c
88,91,14,ba7836f47dfe,sensor01→gatewayA;sensor01→gatewayC;sensor02→gatewayC;sensor03→gatewayC;sensor04→gatewayA;sensor04→gatewayC;sensor05→gatewayA;sensor06→gatewayA;sensor07→gatewayA;sensor07→gatewayC;sensor08→gatewayA;sensor08→gatewayB;sensor09→gatewayA;sensor10→gatewayC,14,7d0409742162,sensor01→gatewayA;sensor01→gatewayC;sensor02→gatewayC;sensor03→gatewayC;sensor04→gatewayA;sensor04→gatewayC;sensor05→gatewayA;sensor06→gatewayA;sensor07→gatewayA;sensor07→gatewayB;sensor08→gatewayA;sensor08→gatewayB;sensor09→gatewayA;sensor10→gatewayC,14,ba7836f47dfe
88,92,14,ba7836f47dfe,sensor01→gatewayA;sensor01→gatewayC;sensor02→gatewayC;sensor03→gatewayC;sensor04→gatewayA;sensor04→gatewayC;sensor05→gatewayA;sensor06→gatewayA;sensor07→gatewayA;sensor07→gatewayC;sensor08→gatewayA;sensor08→gatewayB;sensor09→gatewayA;sensor10→gatewayC,14,7d0409742162,sensor01→gatewayA;sensor01→gatewayC;sensor02→gatewayC;sensor03→gatewayC;sensor04→gatewayA;sensor04→gatewayC;sensor05→gatewayA;sensor06→gatewayA;sensor07→gatewayA;sensor07→gatewayB;sensor08→gatewayA;sensor08→gatewayB;sensor09→gatewayA;sensor10→gatewayC,14,ba7836f47dfe
88,95,17,126ff9a6f407,sensor01→gatewayA;sensor01→gatewayC;sensor02→gatewayA;sensor02→gatewayC;sensor03→gatewayA;sensor03→gatewayC;sensor04→gatewayA;sensor04→gatewayC;sensor05→gatewayA;sensor05→gatewayC;sensor06→gatewayA;sensor07→gatewayA;sensor07→gatewayC;sensor08→gatewayA;sensor08→gatewayB;sensor09→gatewayA;sensor10→gatewayC,17,4deb1457865a,sensor01→gatewayA;sensor01→gatewayC;sensor02→gatewayA;sensor02→gatewayC;sensor03→gatewayA;sensor03→gatewayC;sensor04→gatewayA;sensor04→gatewayC;sensor05→gatewayA;sensor05→gatewayB;sensor06→gatewayA;sensor07→gatewayA;sensor07→gatewayC;sensor08→gatewayA;sensor08→gatewayB;sensor09→gatewayA;sensor10→gatewayC,17,126ff9a6f407
89,50,10,d53238027e5c,sensor01→gatewayA;sensor02→gatewayC;sensor03→gatewayC;sensor04→gatewayA;sensor05→gatewayA;sensor06→gatewayA;sensor07→gatewayA;sensor08→gatewayA;sensor09→gatewayA;sensor10→gatewayC,10,d708670db0b5,sensor01→gatewayA;sensor02→gatewayC;sensor03→gatewayC;sensor04→gatewayA;sensor05→gatewayA;sensor06→gatewayA;sensor07→gatewayA;sensor08→gatewayA;sensor09→gatewayA;sensor10→gatewayA,10,d53238027e5c
89,51,10,d53238027e5c,sensor01→gatewayA;sensor02→gatewayC;sensor03→gatewayC;sensor04→gatewayA;sensor05→gatewayA;sensor06→gatewayA;sensor07→gatewayA;sensor08→gatewayA;sensor09→gatewayA;sensor10→gatewayC,10,d708670db0b5,sensor01→gatewayA;sensor02→gatewayC;sensor03→gatewayC;sensor04→gatewayA;sensor05→gatewayA;sensor06→gatewayA;sensor07→gatewayA;sensor08→gatewayA;sensor09→gatewayA;sensor10→gatewayA,10,d53238027e5c
89,52,10,d53238027e5c,sensor01→gatewayA;sensor02→gatewayC;sensor03→gatewayC;sensor04→gatewayA;sensor05→gatewayA;sensor06→gatewayA;sensor07→gatewayA;sensor08→gatewayA;sensor09→gatewayA;sensor10→gatewayC,10,d708670db0b5,sensor01→gatewayA;sensor02→gatewayC;sensor03→gatewayC;sensor04→gatewayA;sensor05→gatewayA;sensor06→gatewayA;sensor07→gatewayA;sensor08→gatewayA;sensor09→gatewayA;sensor10→gatewayA,10,d53238027e5c
89,53,10,d53238027e5c,sensor01→gatewayA;sensor02→gatewayC;sensor03→gatewayC;sensor04→gatewayA;sensor05→gatewayA;sensor06→gatewayA;sensor07→gatewayA;sensor08→gatewayA;sensor09→gatewayA;sensor10→gatewayC,10,d708670db0b5,sensor01→gatewayA;sensor02→gatewayC;sensor03→gatewayC;sensor04→gatewayA;sensor05→gatewayA;sensor06→gatewayA;sensor07→gatewayA;sensor08→gatewayA;sensor09→gatewayA;sensor10→gatewayA,10,d53238027e5c
89,54,10,d53238027e5c,sensor01→gatewayA;sensor02→gatewayC;sensor03→gatewayC;sensor04→gatewayA;sensor05→gatewayA;sensor06→gatewayA;sensor07→gatewayA;sensor08→gatewayA;sensor09→gatewayA;sensor10→gatewayC,10,d708670db0b5,sensor01→gatewayA;sensor02→gatewayC;sensor03→gatewayC;sensor04→gatewayA;sensor05→gatewayA;sensor06→gatewayA;sensor07→gatewayA;sensor08→gatewayA;sensor09→gatewayA;sensor10→gatewayA,10,d53238027e5c
89,55,10,d53238027e5c,sensor01→gatewayA;sensor02→gatewayC;sensor03→gatewayC;sensor04→gatewayA;sensor05→gatewayA;sensor06→gatewayA;sensor07→gatewayA;sensor08→gatewayA;sensor09→gatewayA;sensor10→gatewayC,10,d708670db0b5,sensor01→gatewayA;sensor02→gatewayC;sensor03→gatewayC;sensor04→gatewayA;sensor05→gatewayA;sensor06→gatewayA;sensor07→gatewayA;sensor08→gatewayA;sensor09→gatewayA;sensor10→gatewayA,10,d53238027e5c
89,56,10,d53238027e5c,sensor01→gatewayA;sensor02→gatewayC;sensor03→gatewayC;sensor04→gatewayA;sensor05→gatewayA;sensor06→gatewayA;sensor07→gatewayA;sensor08→gatewayA;sensor09→gatewayA;sensor10→gatewayC,10,d708670db0b5,sensor01→gatewayA;sensor02→gatewayC;sensor03→gatewayC;sensor04→gatewayA;sensor05→gatewayA;sensor06→gatewayA;sensor07→gatewayA;sensor08→gatewayA;sensor09→gatewayA;sensor10→gatewayA,10,d53238027e5c
89,57,10,d53238027e5c,sensor01→gatewayA;sensor02→gatewayC;sensor03→gatewayC;sensor04→gatewayA;sensor05→gatewayA;sensor06→gatewayA;sensor07→gatewayA;sensor08→gatewayA;sensor09→gatewayA;sensor10→gatewayC,10,d708670db0b5,sensor01→gatewayA;sensor02→gatewayC;sensor03→gatewayC;sensor04→gatewayA;sensor05→gatewayA;sensor06→gatewayA;sensor07→gatewayA;sensor08→gatewayA;sensor09→gatewayA;sensor10→gatewayA,10,d53238027e5c
89,58,10,d53238027e5c,sensor01→gatewayA;sensor02→gatewayC;sensor03→gatewayC;sensor04→gatewayA;sensor05→gatewayA;sensor06→gatewayA;sensor07→gatewayA;sensor08→gatewayA;sensor09→gatewayA;sensor10→gatewayC,10,d708670db0b5,sensor01→gatewayA;sensor02→gatewayC;sensor03→gatewayC;sensor04→gatewayA;sensor05→gatewayA;sensor06→gatewayA;sensor07→gatewayA;sensor08→gatewayA;sensor09→gatewayA;sensor10→gatewayA,10,d53238027e5c
89,59,10,d53238027e5c,sensor01→gatewayA;sensor02→gatewayC;sensor03→gatewayC;sensor04→gatewayA;sensor05→gatewayA;sensor06→gatewayA;sensor07→gatewayA;sensor08→gatewayA;sensor09→gatewayA;sensor10→gatewayC,10,d708670db0b5,sensor01→gatewayA;sensor02→gatewayC;sensor03→gatewayC;sensor04→gatewayA;sensor05→gatewayA;sensor06→gatewayA;sensor07→gatewayA;sensor08→gatewayA;sensor09→gatewayA;sensor10→gatewayA,10,d53238027e5c
89,60,10,d53238027e5c,sensor01→gatewayA;sensor02→gatewayC;sensor03→gatewayC;sensor04→gatewayA;sensor05→gatewayA;sensor06→gatewayA;sensor07→gatewayA;sensor08→gatewayA;sensor09→gatewayA;sensor10→gatewayC,10,d708670db0b5,sensor01→gatewayA;sensor02→gatewayC;sensor03→gatewayC;sensor04→gatewayA;sensor05→gatewayA;sensor06→gatewayA;sensor07→gatewayA;sensor08→gatewayA;sensor09→gatewayA;sensor10→gatewayA,10,d53238027e5c
89,61,10,d53238027e5c,sensor01→gatewayA;sensor02→gatewayC;sensor03→gatewayC;sensor04→gatewayA;sensor05→gatewayA;sensor06→gatewayA;sensor07→gatewayA;sensor08→gatewayA;sensor09→gatewayA;sensor10→gatewayC,10,d708670db0b5,sensor01→gatewayA;sensor02→gatewayC;sensor03→gatewayC;sensor04→gatewayA;sensor05→gatewayA;sensor06→gatewayA;sensor07→gatewayA;sensor08→gatewayA;sensor09→gatewayA;sensor10→gatewayA,10,d53238027e5c
89,62,10,d53238027e5c,sensor01→gatewayA;sensor02→gatewayC;sensor03→gatewayC;sensor04→gatewayA;sensor05→gatewayA;sensor06→gatewayA;sensor07→gatewayA;sensor08→gatewayA;sensor09→gatewayA;sensor10→gatewayC,10,d708670db0b5,sensor01→gatewayA;sensor02→gatewayC;sensor03→gatewayC;sensor04→gatewayA;sensor05→gatewayA;sensor06→gatewayA;sensor07→gatewayA;sensor08→gatewayA;sensor09→gatewayA;sensor10→gatewayA,10,d53238027e5c
89,63,10,d53238027e5c,sensor01→gatewayA;sensor02→gatewayC;sensor03→gatewayC;sensor04→gatewayA;sensor05→gatewayA;sensor06→gatewayA;sensor07→gatewayA;sensor08→gatewayA;sensor09→gatewayA;sensor10→gatewayC,10,d708670db0b5,sensor01→gatewayA;sensor02→gatewayC;sensor03→gatewayC;sensor04→gatewayA;sensor05→gatewayA;sensor06→gatewayA;sensor07→gatewayA;sensor08→gatewayA;sensor09→gatewayA;sensor10→gatewayA,10,d53238027e5c
89,64,10,d53238027e5c,sensor01→gatewayA;sensor02→gatewayC;sensor03→gatewayC;sensor04→gatewayA;sensor05→gatewayA;sensor06→gatewayA;sensor07→gatewayA;sensor08→gatewayA;sensor09→gatewayA;sensor10→gatewayC,10,d708670db0b5,sensor01→gatewayA;sensor02→gatewayC;sensor03→gatewayC;sensor04→gatewayA;sensor05→gatewayA;sensor06→gatewayA;sensor07→gatewayA;sensor08→gatewayA;sensor09→gatewayA;sensor10→gatewayA,10,d53238027e5c
89,65,10,d53238027e5c,sensor01→gatewayA;sensor02→gatewayC;sensor03→gatewayC;sensor04→gatewayA;sensor05→gatewayA;sensor06→gatewayA;sensor07→gatewayA;sensor08→gatewayA;sensor09→gatewayA;sensor10→gatewayC,10,d708670db0b5,sensor01→gatewayA;sensor02→gatewayC;sensor03→gatewayC;sensor04→gatewayA;sensor05→gatewayA;sensor06→gatewayA;sensor07→gatewayA;sensor08→gatewayA;sensor09→gatewayA;sensor10→gatewayA,10,d53238027e5c
89,66,10,d53238027e5c,sensor01→gatewayA;sensor02→gatewayC;sensor03→gatewayC;sensor04→gatewayA;sensor05→gatewayA;sensor06→gatewayA;sensor07→gatewayA;sensor08→gatewayA;sensor09→gatewayA;sensor10→gatewayC,10,d708670db0b5,sensor01→gatewayA;sensor02→gatewayC;sensor03→gatewayC;sensor04→gatewayA;sensor05→gatewayA;sensor06→gatewayA;sensor07→gatewayA;sensor08→gatewayA;sensor09→gatewayA;sensor10→gatewayA,10,d53238027e5c
89,67,10,d53238027e5c,sensor01→gatewayA;sensor02→gatewayC;sensor03→gatewayC;sensor04→gatewayA;sensor05→gatewayA;sensor06→gatewayA;sensor07→gatewayA;sensor08→gatewayA;sensor09→gatewayA;sensor10→gatewayC,10,d708670db0b5,sensor01→gatewayA;sensor02→gatewayC;sensor03→gatewayC;sensor04→gatewayA;sensor05→gatewayA;sensor06→gatewayA;sensor07→gatewayA;sensor08→gatewayA;sensor09→gatewayA;sensor10→gatewayA,10,d53238027e5c
89,68,10,d53238027e5c,sensor01→gatewayA;sensor02→gatewayC;sensor03→gatewayC;sensor04→gatewayA;sensor05→gatewayA;sensor06→gatewayA;sensor07→gatewayA;sensor08→gatewayA;sensor09→gatewayA;sensor10→gatewayC,10,d708670db0b5,sensor01→gatewayA;sensor02→gatewayC;sensor03→gatewayC;sensor04→gatewayA;sensor05→gatewayA;sensor06→gatewayA;sensor07→gatewayA;sensor08→gatewayA;sensor09→gatewayA;sensor10→gatewayA,10,d53238027e5c
89,69,10,d53238027e5c,sensor01→gatewayA;sensor02→gatewayC;sensor03→gatewayC;sensor04→gatewayA;sensor05→gatewayA;sensor06→gatewayA;sensor07→gatewayA;sensor08→gatewayA;sensor09→gatewayA;sensor10→gatewayC,10,d708670db0b5,sensor01→gatewayA;sensor02→gatewayC;sensor03→gatewayC;sensor04→gatewayA;sensor05→gatewayA;sensor06→gatewayA;sensor07→gatewayA;sensor08→gatewayA;sensor09→gatewayA;sensor10→gatewayA,10,d53238027e5c
89,70,10,d53238027e5c,sensor01→gatewayA;sensor02→gatewayC;sensor03→gatewayC;sensor04→gatewayA;sensor05→gatewayA;sensor06→gatewayA;sensor07→gatewayA;sensor08→gatewayA;sensor09→gatewayA;sensor10→gatewayC,10,d708670db0b5,sensor01→gatewayA;sensor02→gatewayC;sensor03→gatewayC;sensor04→gatewayA;sensor05→gatewayA;sensor06→gatewayA;sensor07→gatewayA;sensor08→gatewayA;sensor09→gatewayA;sensor10→gatewayA,10,d53238027e5c
89,71,10,d53238027e5c,sensor01→gatewayA;sensor02→gatewayC;sensor03→gatewayC;sensor04→gatewayA;sensor05→gatewayA;sensor06→gatewayA;sensor07→gatewayA;sensor08→gatewayA;sensor09→gatewayA;sensor10→gatewayC,10,d708670db0b5,sensor01→gatewayA;sensor02→gatewayC;sensor03→gatewayC;sensor04→gatewayA;sensor05→gatewayA;sensor06→gatewayA;sensor07→gatewayA;sensor08→gatewayA;sensor09→gatewayA;sensor10→gatewayA,10,d53238027e5c
89,72,10,d53238027e5c,sensor01→gatewayA;sensor02→gatewayC;sensor03→gatewayC;sensor04→gatewayA;sensor05→gatewayA;sensor06→gatewayA;sensor07→gatewayA;sensor08→gatewayA;sensor09→gatewayA;sensor10→gatewayC,10,d708670db0b5,sensor01→gatewayA;sensor02→gatewayC;sensor03→gatewayC;sensor04→gatewayA;sensor05→gatewayA;sensor06→gatewayA;sensor07→gatewayA;sensor08→gatewayA;sensor09→gatewayA;sensor10→gatewayA,10,d53238027e5c
89,73,10,d53238027e5c,sensor01→gatewayA;sensor02→gatewayC;sensor03→gatewayC;sensor04→gatewayA;sensor05→gatewayA;sensor06→gatewayA;sensor07→gatewayA;sensor08→gatewayA;sensor09→gatewayA;sensor10→gatewayC,10,d708670db0b5,sensor01→gatewayA;sensor02→gatewayC;sensor03→gatewayC;sensor04→gatewayA;sensor05→gatewayA;sensor06→gatewayA;sensor07→gatewayA;sensor08→gatewayA;sensor09→gatewayA;sensor10→gatewayA,10,d53238027e5c
89,74,10,d53238027e5c,sensor01→gatewayA;sensor02→gatewayC;sensor03→gatewayC;sensor04→gatewayA;sensor05→gatewayA;sensor06→gatewayA;sensor07→gatewayA;sensor08→gatewayA;sensor09→gatewayA;sensor10→gatewayC,10,d708670db0b5,sensor01→gatewayA;sensor02→gatewayC;sensor03→gatewayC;sensor04→gatewayA;sensor05→gatewayA;sensor06→gatewayA;sensor07→gatewayA;sensor08→gatewayA;sensor09→gatewayA;sensor10→gatewayA,10,d53238027e5c
89,75,10,d53238027e5c,sensor01→gatewayA;sensor02→gatewayC;sensor03→gatewayC;sensor04→gatewayA;sensor05→gatewayA;sensor06→gatewayA;sensor07→gatewayA;sensor08→gatewayA;sensor09→gatewayA;sensor10→gatewayC,10,d708670db0b5,sensor01→gatewayA;sensor02→gatewayC;sensor03→gatewayC;sensor04→gatewayA;sensor05→gatewayA;sensor06→gatewayA;sensor07→gatewayA;sensor08→gatewayA;sensor09→gatewayA;sensor10→gatewayA,10,d53238027e5c
89,76,10,d53238027e5c,sensor01→gatewayA;sensor02→gatewayC;sensor03→gatewayC;sensor04→gatewayA;sensor05→gatewayA;sensor06→gatewayA;sensor07→gatewayA;sensor08→gatewayA;sensor09→gatewayA;sensor10→gatewayC,10,d708670db0b5,sensor01→gatewayA;sensor02→gatewayC;sensor03→gatewayC;sensor04→gatewayA;sensor05→gatewayA;sensor06→gatewayA;sensor07→gatewayA;sensor08→gatewayA;sensor09→gatewayA;sensor10→gatewayA,10,d53238027e5c
89,77,10,d53238027e5c,sensor01→gatewayA;sensor02→gatewayC;sensor03→gatewayC;sensor04→gatewayA;sensor05→gatewayA;sensor06→gatewayA;sensor07→gatewayA;sensor08→gatewayA;sensor09→gatewayA;sensor10→gatewayC,10,d708670db0b5,sensor01→gatewayA;sensor02→gatewayC;sensor03→gatewayC;sensor04→gatewayA;sensor05→gatewayA;sensor06→gatewayA;sensor07→gatewayA;sensor08→gatewayA;sensor09→gatewayA;sensor10→gatewayA,10,d53238027e5c
89,89,12,fba66e5cdf8c,sensor01→gatewayA;sensor01→gatewayC;sensor02→gatewayC;sensor03→gatewayC;sensor04→gatewayA;sensor04→gatewayC;sensor05→gatewayA;sensor06→gatewayA;sensor07→gatewayA;sensor08→gatewayA;sensor09→gatewayA;sensor10→gatewayC,12,1857c34ccaa1,sensor01→gatewayA;sensor01→gatewayB;sensor02→gatewayC;sensor03→gatewayC;sensor04→gatewayA;sensor04→gatewayC;sensor05→gatewayA;sensor06→gatewayA;sensor07→gatewayA;sensor08→gatewayA;sensor09→gatewayA;sensor10→gatewayC,12,fba66e5cdf8c
89,91,14,ba7836f47dfe,sensor01→gatewayA;sensor01→gatewayC;sensor02→gatewayC;sensor03→gatewayC;sensor04→gatewayA;sensor04→gatewayC;sensor05→gatewayA;sensor06→gatewayA;sensor07→gatewayA;sensor07→gatewayC;sensor08→gatewayA;sensor08→gatewayB;sensor09→gatewayA;sensor10→gatewayC,14,7d0409742162,sensor01→gatewayA;sensor01→gatewayC;sensor02→gatewayC;sensor03→gatewayC;sensor04→gatewayA;sensor04→gatewayC;sensor05→gatewayA;sensor06→gatewayA;sensor07→gatewayA;sensor07→gatewayB;sensor08→gatewayA;sensor08→gatewayB;sensor09→gatewayA;sensor10→gatewayC,14,ba7836f47dfe
89,92,14,ba7836f47dfe,sensor01→gatewayA;sensor01→gatewayC;sensor02→gatewayC;sensor03→gatewayC;sensor04→gatewayA;sensor04→gatewayC;sensor05→gatewayA;sensor06→gatewayA;sensor07→gatewayA;sensor07→gatewayC;sensor08→gatewayA;sensor08→gatewayB;sensor09→gatewayA;sensor10→gatewayC,14,7d0409742162,sensor01→gatewayA;sensor01→gatewayC;sensor02→gatewayC;sensor03→gatewayC;sensor04→gatewayA;sensor04→gatewayC;sensor05→gatewayA;sensor06→gatewayA;sensor07→gatewayA;sensor07→gatewayB;sensor08→gatewayA;sensor08→gatewayB;sensor09→gatewayA;sensor10→gatewayC,14,ba7836f47dfe
89,95,17,126ff9a6f407,sensor01→gatewayA;sensor01→gatewayC;sensor02→gatewayA;sensor02→gatewayC;sensor03→gatewayA;sensor03→gatewayC;sensor04→gatewayA;sensor04→gatewayC;sensor05→gatewayA;sensor05→gatewayC;sensor06→gatewayA;sensor07→gatewayA;sensor07→gatewayC;sensor08→gatewayA;sensor08→gatewayB;sensor09→gatewayA;sensor10→gatewayC,17,4deb1457865a,sensor01→gatewayA;sensor01→gatewayC;sensor02→gatewayA;sensor02→gatewayC;sensor03→gatewayA;sensor03→gatewayC;sensor04→gatewayA;sensor04→gatewayC;sensor05→gatewayA;sensor05→gatewayB;sensor06→gatewayA;sensor07→gatewayA;sensor07→gatewayC;sensor08→gatewayA;sensor08→gatewayB;sensor09→gatewayA;sensor10→gatewayC,17,126ff9a6f407
90,50,10,d53238027e5c,sensor01→gatewayA;sensor02→gatewayC;sensor03→gatewayC;sensor04→gatewayA;sensor05→gatewayA;sensor06→gatewayA;sensor07→gatewayA;sensor08→gatewayA;sensor09→gatewayA;sensor10→gatewayC,10,d708670db0b5,sensor01→gatewayA;sensor02→gatewayC;sensor03→gatewayC;sensor04→gatewayA;sensor05→gatewayA;sensor06→gatewayA;sensor07→gatewayA;sensor08→gatewayA;sensor09→gatewayA;sensor10→gatewayA,10,d53238027e5c
90,51,10,d53238027e5c,sensor01→gatewayA;sensor02→gatewayC;sensor03→gatewayC;sensor04→gatewayA;sensor05→gatewayA;sensor06→gatewayA;sensor07→gatewayA;sensor08→gatewayA;sensor09→gatewayA;sensor10→gatewayC,10,d708670db0b5,sensor01→gatewayA;sensor02→gatewayC;sensor03→gatewayC;sensor04→gatewayA;sensor05→gatewayA;sensor06→gatewayA;sensor07→gatewayA;sensor08→gatewayA;sensor09→gatewayA;sensor10→gatewayA,10,d53238027e5c
90,52,10,d53238027e5c,sensor01→gatewayA;sensor02→gatewayC;sensor03→gatewayC;sensor04→gatewayA;sensor05→gatewayA;sensor06→gatewayA;sensor07→gatewayA;sensor08→gatewayA;sensor09→gatewayA;sensor10→gatewayC,10,d708670db0b5,sensor01→gatewayA;sensor02→gatewayC;sensor03→gatewayC;sensor04→gatewayA;sensor05→gatewayA;sensor06→gatewayA;sensor07→gatewayA;sensor08→gatewayA;sensor09→gatewayA;sensor10→gatewayA,10,d53238027e5c
90,53,10,d53238027e5c,sensor01→gatewayA;sensor02→gatewayC;sensor03→gatewayC;sensor04→gatewayA;sensor05→gatewayA;sensor06→gatewayA;sensor07→gatewayA;sensor08→gatewayA;sensor09→gatewayA;sensor10→gatewayC,10,d708670db0b5,sensor01→gatewayA;sensor02→gatewayC;sensor03→gatewayC;sensor04→gatewayA;sensor05→gatewayA;sensor06→gatewayA;sensor07→gatewayA;sensor08→gatewayA;sensor09→gatewayA;sensor10→gatewayA,10,d53238027e5c
90,54,10,d53238027e5c,sensor01→gatewayA;sensor02→gatewayC;sensor03→gatewayC;sensor04→gatewayA;sensor05→gatewayA;sensor06→gatewayA;sensor07→gatewayA;sensor08→gatewayA;sensor09→gatewayA;sensor10→gatewayC,10,d708670db0b5,sensor01→gatewayA;sensor02→gatewayC;sensor03→gatewayC;sensor04→gatewayA;sensor05→gatewayA;sensor06→gatewayA;sensor07→gatewayA;sensor08→gatewayA;sensor09→gatewayA;sensor10→gatewayA,10,d53238027e5c
90,55,10,d53238027e5c,sensor01→gatewayA;sensor02→gatewayC;sensor03→gatewayC;sensor04→gatewayA;sensor05→gatewayA;sensor06→gatewayA;sensor07→gatewayA;sensor08→gatewayA;sensor09→gatewayA;sensor10→gatewayC,10,d708670db0b5,sensor01→gatewayA;sensor02→gatewayC;sensor03→gatewayC;sensor04→gatewayA;sensor05→gatewayA;sensor06→gatewayA;sensor07→gatewayA;sensor08→gatewayA;sensor09→gatewayA;sensor10→gatewayA,10,d53238027e5c
90,56,10,d53238027e5c,sensor01→gatewayA;sensor02→gatewayC;sensor03→gatewayC;sensor04→gatewayA;sensor05→gatewayA;sensor06→gatewayA;sensor07→gatewayA;sensor08→gatewayA;sensor09→gatewayA;sensor10→gatewayC,10,d708670db0b5,sensor01→gatewayA;sensor02→gatewayC;sensor03→gatewayC;sensor04→gatewayA;sensor05→gatewayA;sensor06→gatewayA;sensor07→gatewayA;sensor08→gatewayA;sensor09→gatewayA;sensor10→gatewayA,10,d53238027e5c
90,57,10,d53238027e5c,sensor01→gatewayA;sensor02→gatewayC;sensor03→gatewayC;sensor04→gatewayA;sensor05→gatewayA;sensor06→gatewayA;sensor07→gatewayA;sensor08→gatewayA;sensor09→gatewayA;sensor10→gatewayC,10,d708670db0b5,sensor01→gatewayA;sensor02→gatewayC;sensor03→gatewayC;sensor04→gatewayA;sensor05→gatewayA;sensor06→gatewayA;sensor07→gatewayA;sensor08→gatewayA;sensor09→gatewayA;sensor10→gatewayA,10,d53238027e5c
90,58,10,d53238027e5c,sensor01→gatewayA;sensor02→gatewayC;sensor03→gatewayC;sensor04→gatewayA;sensor05→gatewayA;sensor06→gatewayA;sensor07→gatewayA;sensor08→gatewayA;sensor09→gatewayA;sensor10→gatewayC,10,d708670db0b5,sensor01→gatewayA;sensor02→gatewayC;sensor03→gatewayC;sensor04→gatewayA;sensor05→gatewayA;sensor06→gatewayA;sensor07→gatewayA;sensor08→gatewayA;sensor09→gatewayA;sensor10→gatewayA,10,d53238027e5c
90,59,10,d53238027e5c,sensor01→gatewayA;sensor02→gatewayC;sensor03→gatewayC;sensor04→gatewayA;sensor05→gatewayA;sensor06→gatewayA;sensor07→gatewayA;sensor08→gatewayA;sensor09→gatewayA;sensor10→gatewayC,10,d708670db0b5,sensor01→gatewayA;sensor02→gatewayC;sensor03→gatewayC;sensor04→gatewayA;sensor05→gatewayA;sensor06→gatewayA;sensor07→gatewayA;sensor08→gatewayA;sensor09→gatewayA;sensor10→gatewayA,10,d53238027e5c
90,60,10,d53238027e5c,sensor01→gatewayA;sensor02→gatewayC;sensor03→gatewayC;sensor04→gatewayA;sensor05→gatewayA;sensor06→gatewayA;sensor07→gatewayA;sensor08→gatewayA;sensor09→gatewayA;sensor10→gatewayC,10,d708670db0b5,sensor01→gatewayA;sensor02→gatewayC;sensor03→gatewayC;sensor04→gatewayA;sensor05→gatewayA;sensor06→gatewayA;sensor07→gatewayA;sensor08→gatewayA;sensor09→gatewayA;sensor10→gatewayA,10,d53238027e5c
90,61,10,d53238027e5c,sensor01→gatewayA;sensor02→gatewayC;sensor03→gatewayC;sensor04→gatewayA;sensor05→gatewayA;sensor06→gatewayA;sensor07→gatewayA;sensor08→gatewayA;sensor09→gatewayA;sensor10→gatewayC,10,d708670db0b5,sensor01→gatewayA;sensor02→gatewayC;sensor03→gatewayC;sensor04→gatewayA;sensor05→gatewayA;sensor06→gatewayA;sensor07→gatewayA;sensor08→gatewayA;sensor09→gatewayA;sensor10→gatewayA,10,d53238027e5c
90,62,10,d53238027e5c,sensor01→gatewayA;sensor02→gatewayC;sensor03→gatewayC;sensor04→gatewayA;sensor05→gatewayA;sensor06→gatewayA;sensor07→gatewayA;sensor08→gatewayA;sensor09→gatewayA;sensor10→gatewayC,10,d708670db0b5,sensor01→gatewayA;sensor02→gatewayC;sensor03→gatewayC;sensor04→gatewayA;sensor05→gatewayA;sensor06→gatewayA;sensor07→gatewayA;sensor08→gatewayA;sensor09→gatewayA;sensor10→gatewayA,10,d53238027e5c
90,63,10,d53238027e5c,sensor01→gatewayA;sensor02→gatewayC;sensor03→gatewayC;sensor04→gatewayA;sensor05→gatewayA;sensor06→gatewayA;sensor07→gatewayA;sensor08→gatewayA;sensor09→gatewayA;sensor10→gatewayC,10,d708670db0b5,sensor01→gatewayA;sensor02→gatewayC;sensor03→gatewayC;sensor04→gatewayA;sensor05→gatewayA;sensor06→gatewayA;sensor07→gatewayA;sensor08→gatewayA;sensor09→gatewayA;sensor10→gatewayA,10,d53238027e5c
90,64,10,d53238027e5c,sensor01→gatewayA;sensor02→gatewayC;sensor03→gatewayC;sensor04→gatewayA;sensor05→gatewayA;sensor06→gatewayA;sensor07→gatewayA;sensor08→gatewayA;sensor09→gatewayA;sensor10→gatewayC,10,d708670db0b5,sensor01→gatewayA;sensor02→gatewayC;sensor03→gatewayC;sensor04→gatewayA;sensor05→gatewayA;sensor06→gatewayA;sensor07→gatewayA;sensor08→gatewayA;sensor09→gatewayA;sensor10→gatewayA,10,d53238027e5c
90,65,10,d53238027e5c,sensor01→gatewayA;sensor02→gatewayC;sensor03→gatewayC;sensor04→gatewayA;sensor05→gatewayA;sensor06→gatewayA;sensor07→gatewayA;sensor08→gatewayA;sensor09→gatewayA;sensor10→gatewayC,10,d708670db0b5,sensor01→gatewayA;sensor02→gatewayC;sensor03→gatewayC;sensor04→gatewayA;sensor05→gatewayA;sensor06→gatewayA;sensor07→gatewayA;sensor08→gatewayA;sensor09→gatewayA;sensor10→gatewayA,10,d53238027e5c
90,66,10,d53238027e5c,sensor01→gatewayA;sensor02→gatewayC;sensor03→gatewayC;sensor04→gatewayA;sensor05→gatewayA;sensor06→gatewayA;sensor07→gatewayA;sensor08→gatewayA;sensor09→gatewayA;sensor10→gatewayC,10,d708670db0b5,sensor01→gatewayA;sensor02→gatewayC;sensor03→gatewayC;sensor04→gatewayA;sensor05→gatewayA;sensor06→gatewayA;sensor07→gatewayA;sensor08→gatewayA;sensor09→gatewayA;sensor10→gatewayA,10,d53238027e5c
90,67,10,d53238027e5c,sensor01→gatewayA;sensor02→gatewayC;sensor03→gatewayC;sensor04→gatewayA;sensor05→gatewayA;sensor06→gatewayA;sensor07→gatewayA;sensor08→gatewayA;sensor09→gatewayA;sensor10→gatewayC,10,d708670db0b5,sensor01→gatewayA;sensor02→gatewayC;sensor03→gatewayC;sensor04→gatewayA;sensor05→gatewayA;sensor06→gatewayA;sensor07→gatewayA;sensor08→gatewayA;sensor09→gatewayA;sensor10→gatewayA,10,d53238027e5c
90,68,10,d53238027e5c,sensor01→gatewayA;sensor02→gatewayC;sensor03→gatewayC;sensor04→gatewayA;sensor05→gatewayA;sensor06→gatewayA;sensor07→gatewayA;sensor08→gatewayA;sensor09→gatewayA;sensor10→gatewayC,10,d708670db0b5,sensor01→gatewayA;sensor02→gatewayC;sensor03→gatewayC;sensor04→gatewayA;sensor05→gatewayA;sensor06→gatewayA;sensor07→gatewayA;sensor08→gatewayA;sensor09→gatewayA;sensor10→gatewayA,10,d53238027e5c
90,69,10,d53238027e5c,sensor01→gatewayA;sensor02→gatewayC;sensor03→gatewayC;sensor04→gatewayA;sensor05→gatewayA;sensor06→gatewayA;sensor07→gatewayA;sensor08→gatewayA;sensor09→gatewayA;sensor10→gatewayC,10,d708670db0b5,sensor01→gatewayA;sensor02→gatewayC;sensor03→gatewayC;sensor04→gatewayA;sensor05→gatewayA;sensor06→gatewayA;sensor07→gatewayA;sensor08→gatewayA;sensor09→gatewayA;sensor10→gatewayA,10,d53238027e5c
90,70,10,d53238027e5c,sensor01→gatewayA;sensor02→gatewayC;sensor03→gatewayC;sensor04→gatewayA;sensor05→gatewayA;sensor06→gatewayA;sensor07→gatewayA;sensor08→gatewayA;sensor09→gatewayA;sensor10→gatewayC,10,d708670db0b5,sensor01→gatewayA;sensor02→gatewayC;sensor03→gatewayC;sensor04→gatewayA;sensor05→gatewayA;sensor06→gatewayA;sensor07→gatewayA;sensor08→gatewayA;sensor09→gatewayA;sensor10→gatewayA,10,d53238027e5c
90,71,10,d53238027e5c,sensor01→gatewayA;sensor02→gatewayC;sensor03→gatewayC;sensor04→gatewayA;sensor05→gatewayA;sensor06→gatewayA;sensor07→gatewayA;sensor08→gatewayA;sensor09→gatewayA;sensor10→gatewayC,10,d708670db0b5,sensor01→gatewayA;sensor02→gatewayC;sensor03→gatewayC;sensor04→gatewayA;sensor05→gatewayA;sensor06→gatewayA;sensor07→gatewayA;sensor08→gatewayA;sensor09→gatewayA;sensor10→gatewayA,10,d53238027e5c
90,72,10,d53238027e5c,sensor01→gatewayA;sensor02→gatewayC;sensor03→gatewayC;sensor04→gatewayA;sensor05→gatewayA;sensor06→gatewayA;sensor07→gatewayA;sensor08→gatewayA;sensor09→gatewayA;sensor10→gatewayC,10,d708670db0b5,sensor01→gatewayA;sensor02→gatewayC;sensor03→gatewayC;sensor04→gatewayA;sensor05→gatewayA;sensor06→gatewayA;sensor07→gatewayA;sensor08→gatewayA;sensor09→gatewayA;sensor10→gatewayA,10,d53238027e5c
90,73,10,d53238027e5c,sensor01→gatewayA;sensor02→gatewayC;sensor03→gatewayC;sensor04→gatewayA;sensor05→gatewayA;sensor06→gatewayA;sensor07→gatewayA;sensor08→gatewayA;sensor09→gatewayA;sensor10→gatewayC,10,d708670db0b5,sensor01→gatewayA;sensor02→gatewayC;sensor03→gatewayC;sensor04→gatewayA;sensor05→gatewayA;sensor06→gatewayA;sensor07→gatewayA;sensor08→gatewayA;sensor09→gatewayA;sensor10→gatewayA,10,d53238027e5c
90,74,10,d53238027e5c,sensor01→gatewayA;sensor02→gatewayC;sensor03→gatewayC;sensor04→gatewayA;sensor05→gatewayA;sensor06→gatewayA;sensor07→gatewayA;sensor08→gatewayA;sensor09→gatewayA;sensor10→gatewayC,10,d708670db0b5,sensor01→gatewayA;sensor02→gatewayC;sensor03→gatewayC;sensor04→gatewayA;sensor05→gatewayA;sensor06→gatewayA;sensor07→gatewayA;sensor08→gatewayA;sensor09→gatewayA;sensor10→gatewayA,10,d53238027e5c
90,75,10,d53238027e5c,sensor01→gatewayA;sensor02→gatewayC;sensor03→gatewayC;sensor04→gatewayA;sensor05→gatewayA;sensor06→gatewayA;sensor07→gatewayA;sensor08→gatewayA;sensor09→gatewayA;sensor10→gatewayC,10,d708670db0b5,sensor01→gatewayA;sensor02→gatewayC;sensor03→gatewayC;sensor04→gatewayA;sensor05→gatewayA;sensor06→gatewayA;sensor07→gatewayA;sensor08→gatewayA;sensor09→gatewayA;sensor10→gatewayA,10,d53238027e5c
90,76,10,d53238027e5c,sensor01→gatewayA;sensor02→gatewayC;sensor03→gatewayC;sensor04→gatewayA;sensor05→gatewayA;sensor06→gatewayA;sensor07→gatewayA;sensor08→gatewayA;sensor09→gatewayA;sensor10→gatewayC,10,d708670db0b5,sensor01→gatewayA;sensor02→gatewayC;sensor03→gatewayC;sensor04→gatewayA;sensor05→gatewayA;sensor06→gatewayA;sensor07→gatewayA;sensor08→gatewayA;sensor09→gatewayA;sensor10→gatewayA,10,d53238027e5c
90,77,10,d53238027e5c,sensor01→gatewayA;sensor02→gatewayC;sensor03→gatewayC;sensor04→gatewayA;sensor05→gatewayA;sensor06→gatewayA;sensor07→gatewayA;sensor08→gatewayA;sensor09→gatewayA;sensor10→gatewayC,10,d708670db0b5,sensor01→gatewayA;sensor02→gatewayC;sensor03→gatewayC;sensor04→gatewayA;sensor05→gatewayA;sensor06→gatewayA;sensor07→gatewayA;sensor08→gatewayA;sensor09→gatewayA;sensor10→gatewayA,10,d53238027e5c
90,89,12,fba66e5cdf8c,sensor01→gatewayA;sensor01→gatewayC;sensor02→gatewayC;sensor03→gatewayC;sensor04→gatewayA;sensor04→gatewayC;sensor05→gatewayA;sensor06→gatewayA;sensor07→gatewayA;sensor08→gatewayA;sensor09→gatewayA;sensor10→gatewayC,12,1857c34ccaa1,sensor01→gatewayA;sensor01→gatewayB;sensor02→gatewayC;sensor03→gatewayC;sensor04→gatewayA;sensor04→gatewayC;sensor05→gatewayA;sensor06→gatewayA;sensor07→gatewayA;sensor08→gatewayA;sensor09→gatewayA;sensor10→gatewayC,12,fba66e5cdf8c
90,91,14,ba7836f47dfe,sensor01→gatewayA;sensor01→gatewayC;sensor02→gatewayC;sensor03→gatewayC;sensor04→gatewayA;sensor04→gatewayC;sensor05→gatewayA;sensor06→gatewayA;sensor07→gatewayA;sensor07→gatewayC;sensor08→gatewayA;sensor08→gatewayB;sensor09→gatewayA;sensor10→gatewayC,14,7d0409742162,sensor01→gatewayA;sensor01→gatewayC;sensor02→gatewayC;sensor03→gatewayC;sensor04→gatewayA;sensor04→gatewayC;sensor05→gatewayA;sensor06→gatewayA;sensor07→gatewayA;sensor07→gatewayB;sensor08→gatewayA;sensor08→gatewayB;sensor09→gatewayA;sensor10→gatewayC,14,ba7836f47dfe
90,92,14,ba7836f47dfe,sensor01→gatewayA;sensor01→gatewayC;sensor02→gatewayC;sensor03→gatewayC;sensor04→gatewayA;sensor04→gatewayC;sensor05→gatewayA;sensor06→gatewayA;sensor07→gatewayA;sensor07→gatewayC;sensor08→gatewayA;sensor08→gatewayB;sensor09→gatewayA;sensor10→gatewayC,14,7d0409742162,sensor01→gatewayA;sensor01→gatewayC;sensor02→gatewayC;sensor03→gatewayC;sensor04→gatewayA;sensor04→gatewayC;sensor05→gatewayA;sensor06→gatewayA;sensor07→gatewayA;sensor07→gatewayB;sensor08→gatewayA;sensor08→gatewayB;sensor09→gatewayA;sensor10→gatewayC,14,ba7836f47dfe
90,95,17,126ff9a6f407,sensor01→gatewayA;sensor01→gatewayC;sensor02→gatewayA;sensor02→gatewayC;sensor03→gatewayA;sensor03→gatewayC;sensor04→gatewayA;sensor04→gatewayC;sensor05→gatewayA;sensor05→gatewayC;sensor06→gatewayA;sensor07→gatewayA;sensor07→gatewayC;sensor08→gatewayA;sensor08→gatewayB;sensor09→gatewayA;sensor10→gatewayC,17,4deb1457865a,sensor01→gatewayA;sensor01→gatewayC;sensor02→gatewayA;sensor02→gatewayC;sensor03→gatewayA;sensor03→gatewayC;sensor04→gatewayA;sensor04→gatewayC;sensor05→gatewayA;sensor05→gatewayB;sensor06→gatewayA;sensor07→gatewayA;sensor07→gatewayC;sensor08→gatewayA;sensor08→gatewayB;sensor09→gatewayA;sensor10→gatewayC,17,126ff9a6f407
91,50,10,d53238027e5c,sensor01→gatewayA;sensor02→gatewayC;sensor03→gatewayC;sensor04→gatewayA;sensor05→gatewayA;sensor06→gatewayA;sensor07→gatewayA;sensor08→gatewayA;sensor09→gatewayA;sensor10→gatewayC,10,d708670db0b5,sensor01→gatewayA;sensor02→gatewayC;sensor03→gatewayC;sensor04→gatewayA;sensor05→gatewayA;sensor06→gatewayA;sensor07→gatewayA;sensor08→gatewayA;sensor09→gatewayA;sensor10→gatewayA,10,d53238027e5c
91,51,10,d53238027e5c,sensor01→gatewayA;sensor02→gatewayC;sensor03→gatewayC;sensor04→gatewayA;sensor05→gatewayA;sensor06→gatewayA;sensor07→gatewayA;sensor08→gatewayA;sensor09→gatewayA;sensor10→gatewayC,10,d708670db0b5,sensor01→gatewayA;sensor02→gatewayC;sensor03→gatewayC;sensor04→gatewayA;sensor05→gatewayA;sensor06→gatewayA;sensor07→gatewayA;sensor08→gatewayA;sensor09→gatewayA;sensor10→gatewayA,10,d53238027e5c
91,52,10,d53238027e5c,sensor01→gatewayA;sensor02→gatewayC;sensor03→gatewayC;sensor04→gatewayA;sensor05→gatewayA;sensor06→gatewayA;sensor07→gatewayA;sensor08→gatewayA;sensor09→gatewayA;sensor10→gatewayC,10,d708670db0b5,sensor01→gatewayA;sensor02→gatewayC;sensor03→gatewayC;sensor04→gatewayA;sensor05→gatewayA;sensor06→gatewayA;sensor07→gatewayA;sensor08→gatewayA;sensor09→gatewayA;sensor10→gatewayA,10,d53238027e5c
91,53,10,d53238027e5c,sensor01→gatewayA;sensor02→gatewayC;sensor03→gatewayC;sensor04→gatewayA;sensor05→gatewayA;sensor06→gatewayA;sensor07→gatewayA;sensor08→gatewayA;sensor09→gatewayA;sensor10→gatewayC,10,d708670db0b5,sensor01→gatewayA;sensor02→gatewayC;sensor03→gatewayC;sensor04→gatewayA;sensor05→gatewayA;sensor06→gatewayA;sensor07→gatewayA;sensor08→gatewayA;sensor09→gatewayA;sensor10→gatewayA,10,d53238027e5c
91,54,10,d53238027e5c,sensor01→gatewayA;sensor02→gatewayC;sensor03→gatewayC;sensor04→gatewayA;sensor05→gatewayA;sensor06→gatewayA;sensor07→gatewayA;sensor08→gatewayA;sensor09→gatewayA;sensor10→gatewayC,10,d708670db0b5,sensor01→gatewayA;sensor02→gatewayC;sensor03→gatewayC;sensor04→gatewayA;sensor05→gatewayA;sensor06→gatewayA;sensor07→gatewayA;sensor08→gatewayA;sensor09→gatewayA;sensor10→gatewayA,10,d53238027e5c
91,55,10,d53238027e5c,sensor01→gatewayA;sensor02→gatewayC;sensor03→gatewayC;sensor04→gatewayA;sensor05→gatewayA;sensor06→gatewayA;sensor07→gatewayA;sensor08→gatewayA;sensor09→gatewayA;sensor10→gatewayC,10,d708670db0b5,sensor01→gatewayA;sensor02→gatewayC;sensor03→gatewayC;sensor04→gatewayA;sensor05→gatewayA;sensor06→gatewayA;sensor07→gatewayA;sensor08→gatewayA;sensor09→gatewayA;sensor10→gatewayA,10,d53238027e5c
91,56,10,d53238027e5c,sensor01→gatewayA;sensor02→gatewayC;sensor03→gatewayC;sensor04→gatewayA;sensor05→gatewayA;sensor06→gatewayA;sensor07→gatewayA;sensor08→gatewayA;sensor09→gatewayA;sensor10→gatewayC,10,d708670db0b5,sensor01→gatewayA;sensor02→gatewayC;sensor03→gatewayC;sensor04→gatewayA;sensor05→gatewayA;sensor06→gatewayA;sensor07→gatewayA;sensor08→gatewayA;sensor09→gatewayA;sensor10→gatewayA,10,d53238027e5c
91,57,10,d53238027e5c,sensor01→gatewayA;sensor02→gatewayC;sensor03→gatewayC;sensor04→gatewayA;sensor05→gatewayA;sensor06→gatewayA;sensor07→gatewayA;sensor08→gatewayA;sensor09→gatewayA;sensor10→gatewayC,10,d708670db0b5,sensor01→gatewayA;sensor02→gatewayC;sensor03→gatewayC;sensor04→gatewayA;sensor05→gatewayA;sensor06→gatewayA;sensor07→gatewayA;sensor08→gatewayA;sensor09→gatewayA;sensor10→gatewayA,10,d53238027e5c
91,58,10,d53238027e5c,sensor01→gatewayA;sensor02→gatewayC;sensor03→gatewayC;sensor04→gatewayA;sensor05→gatewayA;sensor06→gatewayA;sensor07→gatewayA;sensor08→gatewayA;sensor09→gatewayA;sensor10→gatewayC,10,d708670db0b5,sensor01→gatewayA;sensor02→gatewayC;sensor03→gatewayC;sensor04→gatewayA;sensor05→gatewayA;sensor06→gatewayA;sensor07→gatewayA;sensor08→gatewayA;sensor09→gatewayA;sensor10→gatewayA,10,d53238027e5c
91,59,10,d53238027e5c,sensor01→gatewayA;sensor02→gatewayC;sensor03→gatewayC;sensor04→gatewayA;sensor05→gatewayA;sensor06→gatewayA;sensor07→gatewayA;sensor08→gatewayA;sensor09→gatewayA;sensor10→gatewayC,10,d708670db0b5,sensor01→gatewayA;sensor02→gatewayC;sensor03→gatewayC;sensor04→gatewayA;sensor05→gatewayA;sensor06→gatewayA;sensor07→gatewayA;sensor08→gatewayA;sensor09→gatewayA;sensor10→gatewayA,10,d53238027e5c
91,60,10,d53238027e5c,sensor01→gatewayA;sensor02→gatewayC;sensor03→gatewayC;sensor04→gatewayA;sensor05→gatewayA;sensor06→gatewayA;sensor07→gatewayA;sensor08→gatewayA;sensor09→gatewayA;sensor10→gatewayC,10,d708670db0b5,sensor01→gatewayA;sensor02→gatewayC;sensor03→gatewayC;sensor04→gatewayA;sensor05→gatewayA;sensor06→gatewayA;sensor07→gatewayA;sensor08→gatewayA;sensor09→gatewayA;sensor10→gatewayA,10,d53238027e5c
91,61,10,d53238027e5c,sensor01→gatewayA;sensor02→gatewayC;sensor03→gatewayC;sensor04→gatewayA;sensor05→gatewayA;sensor06→gatewayA;sensor07→gatewayA;sensor08→gatewayA;sensor09→gatewayA;sensor10→gatewayC,10,d708670db0b5,sensor01→gatewayA;sensor02→gatewayC;sensor03→gatewayC;sensor04→gatewayA;sensor05→gatewayA;sensor06→gatewayA;sensor07→gatewayA;sensor08→gatewayA;sensor09→gatewayA;sensor10→gatewayA,10,d53238027e5c
91,62,10,d53238027e5c,sensor01→gatewayA;sensor02→gatewayC;sensor03→gatewayC;sensor04→gatewayA;sensor05→gatewayA;sensor06→gatewayA;sensor07→gatewayA;sensor08→gatewayA;sensor09→gatewayA;sensor10→gatewayC,10,d708670db0b5,sensor01→gatewayA;sensor02→gatewayC;sensor03→gatewayC;sensor04→gatewayA;sensor05→gatewayA;sensor06→gatewayA;sensor07→gatewayA;sensor08→gatewayA;sensor09→gatewayA;sensor10→gatewayA,10,d53238027e5c
91,63,10,d53238027e5c,sensor01→gatewayA;sensor02→gatewayC;sensor03→gatewayC;sensor04→gatewayA;sensor05→gatewayA;sensor06→gatewayA;sensor07→gatewayA;sensor08→gatewayA;sensor09→gatewayA;sensor10→gatewayC,10,d708670db0b5,sensor01→gatewayA;sensor02→gatewayC;sensor03→gatewayC;sensor04→gatewayA;sensor05→gatewayA;sensor06→gatewayA;sensor07→gatewayA;sensor08→gatewayA;sensor09→gatewayA;sensor10→gatewayA,10,d53238027e5c
91,64,10,d53238027e5c,sensor01→gatewayA;sensor02→gatewayC;sensor03→gatewayC;sensor04→gatewayA;sensor05→gatewayA;sensor06→gatewayA;sensor07→gatewayA;sensor08→gatewayA;sensor09→gatewayA;sensor10→gatewayC,10,d708670db0b5,sensor01→gatewayA;sensor02→gatewayC;sensor03→gatewayC;sensor04→gatewayA;sensor05→gatewayA;sensor06→gatewayA;sensor07→gatewayA;sensor08→gatewayA;sensor09→gatewayA;sensor10→gatewayA,10,d53238027e5c
91,65,10,d53238027e5c,sensor01→gatewayA;sensor02→gatewayC;sensor03→gatewayC;sensor04→gatewayA;sensor05→gatewayA;sensor06→gatewayA;sensor07→gatewayA;sensor08→gatewayA;sensor09→gatewayA;sensor10→gatewayC,10,d708670db0b5,sensor01→gatewayA;sensor02→gatewayC;sensor03→gatewayC;sensor04→gatewayA;sensor05→gatewayA;sensor06→gatewayA;sensor07→gatewayA;sensor08→gatewayA;sensor09→gatewayA;sensor10→gatewayA,10,d53238027e5c
91,66,10,d53238027e5c,sensor01→gatewayA;sensor02→gatewayC;sensor03→gatewayC;sensor04→gatewayA;sensor05→gatewayA;sensor06→gatewayA;sensor07→gatewayA;sensor08→gatewayA;sensor09→gatewayA;sensor10→gatewayC,10,d708670db0b5,sensor01→gatewayA;sensor02→gatewayC;sensor03→gatewayC;sensor04→gatewayA;sensor05→gatewayA;sensor06→gatewayA;sensor07→gatewayA;sensor08→gatewayA;sensor09→gatewayA;sensor10→gatewayA,10,d53238027e5c
91,67,10,d53238027e5c,sensor01→gatewayA;sensor02→gatewayC;sensor03→gatewayC;sensor04→gatewayA;sensor05→gatewayA;sensor06→gatewayA;sensor07→gatewayA;sensor08→gatewayA;sensor09→gatewayA;sensor10→gatewayC,10,d708670db0b5,sensor01→gatewayA;sensor02→gatewayC;sensor03→gatewayC;sensor04→gatewayA;sensor05→gatewayA;sensor06→gatewayA;sensor07→gatewayA;sensor08→gatewayA;sensor09→gatewayA;sensor10→gatewayA,10,d53238027e5c
91,68,10,d53238027e5c,sensor01→gatewayA;sensor02→gatewayC;sensor03→gatewayC;sensor04→gatewayA;sensor05→gatewayA;sensor06→gatewayA;sensor07→gatewayA;sensor08→gatewayA;sensor09→gatewayA;sensor10→gatewayC,10,d708670db0b5,sensor01→gatewayA;sensor02→gatewayC;sensor03→gatewayC;sensor04→gatewayA;sensor05→gatewayA;sensor06→gatewayA;sensor07→gatewayA;sensor08→gatewayA;sensor09→gatewayA;sensor10→gatewayA,10,d53238027e5c
91,69,10,d53238027e5c,sensor01→gatewayA;sensor02→gatewayC;sensor03→gatewayC;sensor04→gatewayA;sensor05→gatewayA;sensor06→gatewayA;sensor07→gatewayA;sensor08→gatewayA;sensor09→gatewayA;sensor10→gatewayC,10,d708670db0b5,sensor01→gatewayA;sensor02→gatewayC;sensor03→gatewayC;sensor04→gatewayA;sensor05→gatewayA;sensor06→gatewayA;sensor07→gatewayA;sensor08→gatewayA;sensor09→gatewayA;sensor10→gatewayA,10,d53238027e5c
91,70,10,d53238027e5c,sensor01→gatewayA;sensor02→gatewayC;sensor03→gatewayC;sensor04→gatewayA;sensor05→gatewayA;sensor06→gatewayA;sensor07→gatewayA;sensor08→gatewayA;sensor09→gatewayA;sensor10→gatewayC,10,d708670db0b5,sensor01→gatewayA;sensor02→gatewayC;sensor03→gatewayC;sensor04→gatewayA;sensor05→gatewayA;sensor06→gatewayA;sensor07→gatewayA;sensor08→gatewayA;sensor09→gatewayA;sensor10→gatewayA,10,d53238027e5c
91,71,10,d53238027e5c,sensor01→gatewayA;sensor02→gatewayC;sensor03→gatewayC;sensor04→gatewayA;sensor05→gatewayA;sensor06→gatewayA;sensor07→gatewayA;sensor08→gatewayA;sensor09→gatewayA;sensor10→gatewayC,10,d708670db0b5,sensor01→gatewayA;sensor02→gatewayC;sensor03→gatewayC;sensor04→gatewayA;sensor05→gatewayA;sensor06→gatewayA;sensor07→gatewayA;sensor08→gatewayA;sensor09→gatewayA;sensor10→gatewayA,10,d53238027e5c
91,72,10,d53238027e5c,sensor01→gatewayA;sensor02→gatewayC;sensor03→gatewayC;sensor04→gatewayA;sensor05→gatewayA;sensor06→gatewayA;sensor07→gatewayA;sensor08→gatewayA;sensor09→gatewayA;sensor10→gatewayC,10,d708670db0b5,sensor01→gatewayA;sensor02→gatewayC;sensor03→gatewayC;sensor04→gatewayA;sensor05→gatewayA;sensor06→gatewayA;sensor07→gatewayA;sensor08→gatewayA;sensor09→gatewayA;sensor10→gatewayA,10,d53238027e5c
91,73,10,d53238027e5c,sensor01→gatewayA;sensor02→gatewayC;sensor03→gatewayC;sensor04→gatewayA;sensor05→gatewayA;sensor06→gatewayA;sensor07→gatewayA;sensor08→gatewayA;sensor09→gatewayA;sensor10→gatewayC,10,d708670db0b5,sensor01→gatewayA;sensor02→gatewayC;sensor03→gatewayC;sensor04→gatewayA;sensor05→gatewayA;sensor06→gatewayA;sensor07→gatewayA;sensor08→gatewayA;sensor09→gatewayA;sensor10→gatewayA,10,d53238027e5c
91,74,10,d53238027e5c,sensor01→gatewayA;sensor02→gatewayC;sensor03→gatewayC;sensor04→gatewayA;sensor05→gatewayA;sensor06→gatewayA;sensor07→gatewayA;sensor08→gatewayA;sensor09→gatewayA;sensor10→gatewayC,10,d708670db0b5,sensor01→gatewayA;sensor02→gatewayC;sensor03→gatewayC;sensor04→gatewayA;sensor05→gatewayA;sensor06→gatewayA;sensor07→gatewayA;sensor08→gatewayA;sensor09→gatewayA;sensor10→gatewayA,10,d53238027e5c
91,75,10,d53238027e5c,sensor01→gatewayA;sensor02→gatewayC;sensor03→gatewayC;sensor04→gatewayA;sensor05→gatewayA;sensor06→gatewayA;sensor07→gatewayA;sensor08→gatewayA;sensor09→gatewayA;sensor10→gatewayC,10,d708670db0b5,sensor01→gatewayA;sensor02→gatewayC;sensor03→gatewayC;sensor04→gatewayA;sensor05→gatewayA;sensor06→gatewayA;sensor07→gatewayA;sensor08→gatewayA;sensor09→gatewayA;sensor10→gatewayA,10,d53238027e5c
91,76,10,d53238027e5c,sensor01→gatewayA;sensor02→gatewayC;sensor03→gatewayC;sensor04→gatewayA;sensor05→gatewayA;sensor06→gatewayA;sensor07→gatewayA;sensor08→gatewayA;sensor09→gatewayA;sensor10→gatewayC,10,d708670db0b5,sensor01→gatewayA;sensor02→gatewayC;sensor03→gatewayC;sensor04→gatewayA;sensor05→gatewayA;sensor06→gatewayA;sensor07→gatewayA;sensor08→gatewayA;sensor09→gatewayA;sensor10→gatewayA,10,d53238027e5c
91,77,10,d53238027e5c,sensor01→gatewayA;sensor02→gatewayC;sensor03→gatewayC;sensor04→gatewayA;sensor05→gatewayA;sensor06→gatewayA;sensor07→gatewayA;sensor08→gatewayA;sensor09→gatewayA;sensor10→gatewayC,10,d708670db0b5,sensor01→gatewayA;sensor02→gatewayC;sensor03→gatewayC;sensor04→gatewayA;sensor05→gatewayA;sensor06→gatewayA;sensor07→gatewayA;sensor08→gatewayA;sensor09→gatewayA;sensor10→gatewayA,10,d53238027e5c
91,89,12,fba66e5cdf8c,sensor01→gatewayA;sensor01→gatewayC;sensor02→gatewayC;sensor03→gatewayC;sensor04→gatewayA;sensor04→gatewayC;sensor05→gatewayA;sensor06→gatewayA;sensor07→gatewayA;sensor08→gatewayA;sensor09→gatewayA;sensor10→gatewayC,12,1857c34ccaa1,sensor01→gatewayA;sensor01→gatewayB;sensor02→gatewayC;sensor03→gatewayC;sensor04→gatewayA;sensor04→gatewayC;sensor05→gatewayA;sensor06→gatewayA;sensor07→gatewayA;sensor08→gatewayA;sensor09→gatewayA;sensor10→gatewayC,12,fba66e5cdf8c
91,91,14,ba7836f47dfe,sensor01→gatewayA;sensor01→gatewayC;sensor02→gatewayC;sensor03→gatewayC;sensor04→gatewayA;sensor04→gatewayC;sensor05→gatewayA;sensor06→gatewayA;sensor07→gatewayA;sensor07→gatewayC;sensor08→gatewayA;sensor08→gatewayB;sensor09→gatewayA;sensor10→gatewayC,14,7d0409742162,sensor01→gatewayA;sensor01→gatewayC;sensor02→gatewayC;sensor03→gatewayC;sensor04→gatewayA;sensor04→gatewayC;sensor05→gatewayA;sensor06→gatewayA;sensor07→gatewayA;sensor07→gatewayB;sensor08→gatewayA;sensor08→gatewayB;sensor09→gatewayA;sensor10→gatewayC,14,ba7836f47dfe
91,92,14,ba7836f47dfe,sensor01→gatewayA;sensor01→gatewayC;sensor02→gatewayC;sensor03→gatewayC;sensor04→gatewayA;sensor04→gatewayC;sensor05→gatewayA;sensor06→gatewayA;sensor07→gatewayA;sensor07→gatewayC;sensor08→gatewayA;sensor08→gatewayB;sensor09→gatewayA;sensor10→gatewayC,14,7d0409742162,sensor01→gatewayA;sensor01→gatewayC;sensor02→gatewayC;sensor03→gatewayC;sensor04→gatewayA;sensor04→gatewayC;sensor05→gatewayA;sensor06→gatewayA;sensor07→gatewayA;sensor07→gatewayB;sensor08→gatewayA;sensor08→gatewayB;sensor09→gatewayA;sensor10→gatewayC,14,ba7836f47dfe
91,95,17,126ff9a6f407,sensor01→gatewayA;sensor01→gatewayC;sensor02→gatewayA;sensor02→gatewayC;sensor03→gatewayA;sensor03→gatewayC;sensor04→gatewayA;sensor04→gatewayC;sensor05→gatewayA;sensor05→gatewayC;sensor06→gatewayA;sensor07→gatewayA;sensor07→gatewayC;sensor08→gatewayA;sensor08→gatewayB;sensor09→gatewayA;sensor10→gatewayC,17,4deb1457865a,sensor01→gatewayA;sensor01→gatewayC;sensor02→gatewayA;sensor02→gatewayC;sensor03→gatewayA;sensor03→gatewayC;sensor04→gatewayA;sensor04→gatewayC;sensor05→gatewayA;sensor05→gatewayB;sensor06→gatewayA;sensor07→gatewayA;sensor07→gatewayC;sensor08→gatewayA;sensor08→gatewayB;sensor09→gatewayA;sensor10→gatewayC,17,126ff9a6f407
92,50,10,d53238027e5c,sensor01→gatewayA;sensor02→gatewayC;sensor03→gatewayC;sensor04→gatewayA;sensor05→gatewayA;sensor06→gatewayA;sensor07→gatewayA;sensor08→gatewayA;sensor09→gatewayA;sensor10→gatewayC,10,d708670db0b5,sensor01→gatewayA;sensor02→gatewayC;sensor03→gatewayC;sensor04→gatewayA;sensor05→gatewayA;sensor06→gatewayA;sensor07→gatewayA;sensor08→gatewayA;sensor09→gatewayA;sensor10→gatewayA,10,d53238027e5c
92,51,10,d53238027e5c,sensor01→gatewayA;sensor02→gatewayC;sensor03→gatewayC;sensor04→gatewayA;sensor05→gatewayA;sensor06→gatewayA;sensor07→gatewayA;sensor08→gatewayA;sensor09→gatewayA;sensor10→gatewayC,10,d708670db0b5,sensor01→gatewayA;sensor02→gatewayC;sensor03→gatewayC;sensor04→gatewayA;sensor05→gatewayA;sensor06→gatewayA;sensor07→gatewayA;sensor08→gatewayA;sensor09→gatewayA;sensor10→gatewayA,10,d53238027e5c
92,52,10,d53238027e5c,sensor01→gatewayA;sensor02→gatewayC;sensor03→gatewayC;sensor04→gatewayA;sensor05→gatewayA;sensor06→gatewayA;sensor07→gatewayA;sensor08→gatewayA;sensor09→gatewayA;sensor10→gatewayC,10,d708670db0b5,sensor01→gatewayA;sensor02→gatewayC;sensor03→gatewayC;sensor04→gatewayA;sensor05→gatewayA;sensor06→gatewayA;sensor07→gatewayA;sensor08→gatewayA;sensor09→gatewayA;sensor10→gatewayA,10,d53238027e5c
92,53,10,d53238027e5c,sensor01→gatewayA;sensor02→gatewayC;sensor03→gatewayC;sensor04→gatewayA;sensor05→gatewayA;sensor06→gatewayA;sensor07→gatewayA;sensor08→gatewayA;sensor09→gatewayA;sensor10→gatewayC,10,d708670db0b5,sensor01→gatewayA;sensor02→gatewayC;sensor03→gatewayC;sensor04→gatewayA;sensor05→gatewayA;sensor06→gatewayA;sensor07→gatewayA;sensor08→gatewayA;sensor09→gatewayA;sensor10→gatewayA,10,d53238027e5c
92,54,10,d53238027e5c,sensor01→gatewayA;sensor02→gatewayC;sensor03→gatewayC;sensor04→gatewayA;sensor05→gatewayA;sensor06→gatewayA;sensor07→gatewayA;sensor08→gatewayA;sensor09→gatewayA;sensor10→gatewayC,10,d708670db0b5,sensor01→gatewayA;sensor02→gatewayC;sensor03→gatewayC;sensor04→gatewayA;sensor05→gatewayA;sensor06→gatewayA;sensor07→gatewayA;sensor08→gatewayA;sensor09→gatewayA;sensor10→gatewayA,10,d53238027e5c
92,55,10,d53238027e5c,sensor01→gatewayA;sensor02→gatewayC;sensor03→gatewayC;sensor04→gatewayA;sensor05→gatewayA;sensor06→gatewayA;sensor07→gatewayA;sensor08→gatewayA;sensor09→gatewayA;sensor10→gatewayC,10,d708670db0b5,sensor01→gatewayA;sensor02→gatewayC;sensor03→gatewayC;sensor04→gatewayA;sensor05→gatewayA;sensor06→gatewayA;sensor07→gatewayA;sensor08→gatewayA;sensor09→gatewayA;sensor10→gatewayA,10,d53238027e5c
92,56,10,d53238027e5c,sensor01→gatewayA;sensor02→gatewayC;sensor03→gatewayC;sensor04→gatewayA;sensor05→gatewayA;sensor06→gatewayA;sensor07→gatewayA;sensor08→gatewayA;sensor09→gatewayA;sensor10→gatewayC,10,d708670db0b5,sensor01→gatewayA;sensor02→gatewayC;sensor03→gatewayC;sensor04→gatewayA;sensor05→gatewayA;sensor06→gatewayA;sensor07→gatewayA;sensor08→gatewayA;sensor09→gatewayA;sensor10→gatewayA,10,d53238027e5c
92,57,10,d53238027e5c,sensor01→gatewayA;sensor02→gatewayC;sensor03→gatewayC;sensor04→gatewayA;sensor05→gatewayA;sensor06→gatewayA;sensor07→gatewayA;sensor08→gatewayA;sensor09→gatewayA;sensor10→gatewayC,10,d708670db0b5,sensor01→gatewayA;sensor02→gatewayC;sensor03→gatewayC;sensor04→gatewayA;sensor05→gatewayA;sensor06→gatewayA;sensor07→gatewayA;sensor08→gatewayA;sensor09→gatewayA;sensor10→gatewayA,10,d53238027e5c
92,58,10,d53238027e5c,sensor01→gatewayA;sensor02→gatewayC;sensor03→gatewayC;sensor04→gatewayA;sensor05→gatewayA;sensor06→gatewayA;sensor07→gatewayA;sensor08→gatewayA;sensor09→gatewayA;sensor10→gatewayC,10,d708670db0b5,sensor01→gatewayA;sensor02→gatewayC;sensor03→gatewayC;sensor04→gatewayA;sensor05→gatewayA;sensor06→gatewayA;sensor07→gatewayA;sensor08→gatewayA;sensor09→gatewayA;sensor10→gatewayA,10,d53238027e5c
92,59,10,d53238027e5c,sensor01→gatewayA;sensor02→gatewayC;sensor03→gatewayC;sensor04→gatewayA;sensor05→gatewayA;sensor06→gatewayA;sensor07→gatewayA;sensor08→gatewayA;sensor09→gatewayA;sensor10→gatewayC,10,d708670db0b5,sensor01→gatewayA;sensor02→gatewayC;sensor03→gatewayC;sensor04→gatewayA;sensor05→gatewayA;sensor06→gatewayA;sensor07→gatewayA;sensor08→gatewayA;sensor09→gatewayA;sensor10→gatewayA,10,d53238027e5c
92,60,10,d53238027e5c,sensor01→gatewayA;sensor02→gatewayC;sensor03→gatewayC;sensor04→gatewayA;sensor05→gatewayA;sensor06→gatewayA;sensor07→gatewayA;sensor08→gatewayA;sensor09→gatewayA;sensor10→gatewayC,10,d708670db0b5,sensor01→gatewayA;sensor02→gatewayC;sensor03→gatewayC;sensor04→gatewayA;sensor05→gatewayA;sensor06→gatewayA;sensor07→gatewayA;sensor08→gatewayA;sensor09→gatewayA;sensor10→gatewayA,10,d53238027e5c
92,61,10,d53238027e5c,sensor01→gatewayA;sensor02→gatewayC;sensor03→gatewayC;sensor04→gatewayA;sensor05→gatewayA;sensor06→gatewayA;sensor07→gatewayA;sensor08→gatewayA;sensor09→gatewayA;sensor10→gatewayC,10,d708670db0b5,sensor01→gatewayA;sensor02→gatewayC;sensor03→gatewayC;sensor04→gatewayA;sensor05→gatewayA;sensor06→gatewayA;sensor07→gatewayA;sensor08→gatewayA;sensor09→gatewayA;sensor10→gatewayA,10,d53238027e5c
92,62,10,d53238027e5c,sensor01→gatewayA;sensor02→gatewayC;sensor03→gatewayC;sensor04→gatewayA;sensor05→gatewayA;sensor06→gatewayA;sensor07→gatewayA;sensor08→gatewayA;sensor09→gatewayA;sensor10→gatewayC,10,d708670db0b5,sensor01→gatewayA;sensor02→gatewayC;sensor03→gatewayC;sensor04→gatewayA;sensor05→gatewayA;sensor06→gatewayA;sensor07→gatewayA;sensor08→gatewayA;sensor09→gatewayA;sensor10→gatewayA,10,d53238027e5c
92,63,10,d53238027e5c,sensor01→gatewayA;sensor02→gatewayC;sensor03→gatewayC;sensor04→gatewayA;sensor05→gatewayA;sensor06→gatewayA;sensor07→gatewayA;sensor08→gatewayA;sensor09→gatewayA;sensor10→gatewayC,10,d708670db0b5,sensor01→gatewayA;sensor02→gatewayC;sensor03→gatewayC;sensor04→gatewayA;sensor05→gatewayA;sensor06→gatewayA;sensor07→gatewayA;sensor08→gatewayA;sensor09→gatewayA;sensor10→gatewayA,10,d53238027e5c
92,64,10,d53238027e5c,sensor01→gatewayA;sensor02→gatewayC;sensor03→gatewayC;sensor04→gatewayA;sensor05→gatewayA;sensor06→gatewayA;sensor07→gatewayA;sensor08→gatewayA;sensor09→gatewayA;sensor10→gatewayC,10,d708670db0b5,sensor01→gatewayA;sensor02→gatewayC;sensor03→gatewayC;sensor04→gatewayA;sensor05→gatewayA;sensor06→gatewayA;sensor07→gatewayA;sensor08→gatewayA;sensor09→gatewayA;sensor10→gatewayA,10,d53238027e5c
92,65,10,d53238027e5c,sensor01→gatewayA;sensor02→gatewayC;sensor03→gatewayC;sensor04→gatewayA;sensor05→gatewayA;sensor06→gatewayA;sensor07→gatewayA;sensor08→gatewayA;sensor09→gatewayA;sensor10→gatewayC,10,d708670db0b5,sensor01→gatewayA;sensor02→gatewayC;sensor03→gatewayC;sensor04→gatewayA;sensor05→gatewayA;sensor06→gatewayA;sensor07→gatewayA;sensor08→gatewayA;sensor09→gatewayA;sensor10→gatewayA,10,d53238027e5c
92,66,10,d53238027e5c,sensor01→gatewayA;sensor02→gatewayC;sensor03→gatewayC;sensor04→gatewayA;sensor05→gatewayA;sensor06→gatewayA;sensor07→gatewayA;sensor08→gatewayA;sensor09→gatewayA;sensor10→gatewayC,10,d708670db0b5,sensor01→gatewayA;sensor02→gatewayC;sensor03→gatewayC;sensor04→gatewayA;sensor05→gatewayA;sensor06→gatewayA;sensor07→gatewayA;sensor08→gatewayA;sensor09→gatewayA;sensor10→gatewayA,10,d53238027e5c
92,67,10,d53238027e5c,sensor01→gatewayA;sensor02→gatewayC;sensor03→gatewayC;sensor04→gatewayA;sensor05→gatewayA;sensor06→gatewayA;sensor07→gatewayA;sensor08→gatewayA;sensor09→gatewayA;sensor10→gatewayC,10,d708670db0b5,sensor01→gatewayA;sensor02→gatewayC;sensor03→gatewayC;sensor04→gatewayA;sensor05→gatewayA;sensor06→gatewayA;sensor07→gatewayA;sensor08→gatewayA;sensor09→gatewayA;sensor10→gatewayA,10,d53238027e5c
92,68,10,d53238027e5c,sensor01→gatewayA;sensor02→gatewayC;sensor03→gatewayC;sensor04→gatewayA;sensor05→gatewayA;sensor06→gatewayA;sensor07→gatewayA;sensor08→gatewayA;sensor09→gatewayA;sensor10→gatewayC,10,d708670db0b5,sensor01→gatewayA;sensor02→gatewayC;sensor03→gatewayC;sensor04→gatewayA;sensor05→gatewayA;sensor06→gatewayA;sensor07→gatewayA;sensor08→gatewayA;sensor09→gatewayA;sensor10→gatewayA,10,d53238027e5c
92,69,10,d53238027e5c,sensor01→gatewayA;sensor02→gatewayC;sensor03→gatewayC;sensor04→gatewayA;sensor05→gatewayA;sensor06→gatewayA;sensor07→gatewayA;sensor08→gatewayA;sensor09→gatewayA;sensor10→gatewayC,10,d708670db0b5,sensor01→gatewayA;sensor02→gatewayC;sensor03→gatewayC;sensor04→gatewayA;sensor05→gatewayA;sensor06→gatewayA;sensor07→gatewayA;sensor08→gatewayA;sensor09→gatewayA;sensor10→gatewayA,10,d53238027e5c
92,70,10,d53238027e5c,sensor01→gatewayA;sensor02→gatewayC;sensor03→gatewayC;sensor04→gatewayA;sensor05→gatewayA;sensor06→gatewayA;sensor07→gatewayA;sensor08→gatewayA;sensor09→gatewayA;sensor10→gatewayC,10,d708670db0b5,sensor01→gatewayA;sensor02→gatewayC;sensor03→gatewayC;sensor04→gatewayA;sensor05→gatewayA;sensor06→gatewayA;sensor07→gatewayA;sensor08→gatewayA;sensor09→gatewayA;sensor10→gatewayA,10,d53238027e5c
92,71,10,d53238027e5c,sensor01→gatewayA;sensor02→gatewayC;sensor03→gatewayC;sensor04→gatewayA;sensor05→gatewayA;sensor06→gatewayA;sensor07→gatewayA;sensor08→gatewayA;sensor09→gatewayA;sensor10→gatewayC,10,d708670db0b5,sensor01→gatewayA;sensor02→gatewayC;sensor03→gatewayC;sensor04→gatewayA;sensor05→gatewayA;sensor06→gatewayA;sensor07→gatewayA;sensor08→gatewayA;sensor09→gatewayA;sensor10→gatewayA,10,d53238027e5c
92,72,10,d53238027e5c,sensor01→gatewayA;sensor02→gatewayC;sensor03→gatewayC;sensor04→gatewayA;sensor05→gatewayA;sensor06→gatewayA;sensor07→gatewayA;sensor08→gatewayA;sensor09→gatewayA;sensor10→gatewayC,10,d708670db0b5,sensor01→gatewayA;sensor02→gatewayC;sensor03→gatewayC;sensor04→gatewayA;sensor05→gatewayA;sensor06→gatewayA;sensor07→gatewayA;sensor08→gatewayA;sensor09→gatewayA;sensor10→gatewayA,10,d53238027e5c
92,73,10,d53238027e5c,sensor01→gatewayA;sensor02→gatewayC;sensor03→gatewayC;sensor04→gatewayA;sensor05→gatewayA;sensor06→gatewayA;sensor07→gatewayA;sensor08→gatewayA;sensor09→gatewayA;sensor10→gatewayC,10,d708670db0b5,sensor01→gatewayA;sensor02→gatewayC;sensor03→gatewayC;sensor04→gatewayA;sensor05→gatewayA;sensor06→gatewayA;sensor07→gatewayA;sensor08→gatewayA;sensor09→gatewayA;sensor10→gatewayA,10,d53238027e5c
92,74,10,d53238027e5c,sensor01→gatewayA;sensor02→gatewayC;sensor03→gatewayC;sensor04→gatewayA;sensor05→gatewayA;sensor06→gatewayA;sensor07→gatewayA;sensor08→gatewayA;sensor09→gatewayA;sensor10→gatewayC,10,d708670db0b5,sensor01→gatewayA;sensor02→gatewayC;sensor03→gatewayC;sensor04→gatewayA;sensor05→gatewayA;sensor06→gatewayA;sensor07→gatewayA;sensor08→gatewayA;sensor09→gatewayA;sensor10→gatewayA,10,d53238027e5c
92,75,10,d53238027e5c,sensor01→gatewayA;sensor02→gatewayC;sensor03→gatewayC;sensor04→gatewayA;sensor05→gatewayA;sensor06→gatewayA;sensor07→gatewayA;sensor08→gatewayA;sensor09→gatewayA;sensor10→gatewayC,10,d708670db0b5,sensor01→gatewayA;sensor02→gatewayC;sensor03→gatewayC;sensor04→gatewayA;sensor05→gatewayA;sensor06→gatewayA;sensor07→gatewayA;sensor08→gatewayA;sensor09→gatewayA;sensor10→gatewayA,10,d53238027e5c
92,76,10,d53238027e5c,sensor01→gatewayA;sensor02→gatewayC;sensor03→gatewayC;sensor04→gatewayA;sensor05→gatewayA;sensor06→gatewayA;sensor07→gatewayA;sensor08→gatewayA;sensor09→gatewayA;sensor10→gatewayC,10,d708670db0b5,sensor01→gatewayA;sensor02→gatewayC;sensor03→gatewayC;sensor04→gatewayA;sensor05→gatewayA;sensor06→gatewayA;sensor07→gatewayA;sensor08→gatewayA;sensor09→gatewayA;sensor10→gatewayA,10,d53238027e5c
92,77,10,d53238027e5c,sensor01→gatewayA;sensor02→gatewayC;sensor03→gatewayC;sensor04→gatewayA;sensor05→gatewayA;sensor06→gatewayA;sensor07→gatewayA;sensor08→gatewayA;sensor09→gatewayA;sensor10→gatewayC,10,d708670db0b5,sensor01→gatewayA;sensor02→gatewayC;sensor03→gatewayC;sensor04→gatewayA;sensor05→gatewayA;sensor06→gatewayA;sensor07→gatewayA;sensor08→gatewayA;sensor09→gatewayA;sensor10→gatewayA,10,d53238027e5c
92,89,12,fba66e5cdf8c,sensor01→gatewayA;sensor01→gatewayC;sensor02→gatewayC;sensor03→gatewayC;sensor04→gatewayA;sensor04→gatewayC;sensor05→gatewayA;sensor06→gatewayA;sensor07→gatewayA;sensor08→gatewayA;sensor09→gatewayA;sensor10→gatewayC,12,1857c34ccaa1,sensor01→gatewayA;sensor01→gatewayB;sensor02→gatewayC;sensor03→gatewayC;sensor04→gatewayA;sensor04→gatewayC;sensor05→gatewayA;sensor06→gatewayA;sensor07→gatewayA;sensor08→gatewayA;sensor09→gatewayA;sensor10→gatewayC,12,fba66e5cdf8c
92,91,14,ba7836f47dfe,sensor01→gatewayA;sensor01→gatewayC;sensor02→gatewayC;sensor03→gatewayC;sensor04→gatewayA;sensor04→gatewayC;sensor05→gatewayA;sensor06→gatewayA;sensor07→gatewayA;sensor07→gatewayC;sensor08→gatewayA;sensor08→gatewayB;sensor09→gatewayA;sensor10→gatewayC,14,7d0409742162,sensor01→gatewayA;sensor01→gatewayC;sensor02→gatewayC;sensor03→gatewayC;sensor04→gatewayA;sensor04→gatewayC;sensor05→gatewayA;sensor06→gatewayA;sensor07→gatewayA;sensor07→gatewayB;sensor08→gatewayA;sensor08→gatewayB;sensor09→gatewayA;sensor10→gatewayC,14,ba7836f47dfe
92,92,14,ba7836f47dfe,sensor01→gatewayA;sensor01→gatewayC;sensor02→gatewayC;sensor03→gatewayC;sensor04→gatewayA;sensor04→gatewayC;sensor05→gatewayA;sensor06→gatewayA;sensor07→gatewayA;sensor07→gatewayC;sensor08→gatewayA;sensor08→gatewayB;sensor09→gatewayA;sensor10→gatewayC,14,7d0409742162,sensor01→gatewayA;sensor01→gatewayC;sensor02→gatewayC;sensor03→gatewayC;sensor04→gatewayA;sensor04→gatewayC;sensor05→gatewayA;sensor06→gatewayA;sensor07→gatewayA;sensor07→gatewayB;sensor08→gatewayA;sensor08→gatewayB;sensor09→gatewayA;sensor10→gatewayC,14,ba7836f47dfe
92,95,17,126ff9a6f407,sensor01→gatewayA;sensor01→gatewayC;sensor02→gatewayA;sensor02→gatewayC;sensor03→gatewayA;sensor03→gatewayC;sensor04→gatewayA;sensor04→gatewayC;sensor05→gatewayA;sensor05→gatewayC;sensor06→gatewayA;sensor07→gatewayA;sensor07→gatewayC;sensor08→gatewayA;sensor08→gatewayB;sensor09→gatewayA;sensor10→gatewayC,17,4deb1457865a,sensor01→gatewayA;sensor01→gatewayC;sensor02→gatewayA;sensor02→gatewayC;sensor03→gatewayA;sensor03→gatewayC;sensor04→gatewayA;sensor04→gatewayC;sensor05→gatewayA;sensor05→gatewayB;sensor06→gatewayA;sensor07→gatewayA;sensor07→gatewayC;sensor08→gatewayA;sensor08→gatewayB;sensor09→gatewayA;sensor10→gatewayC,17,126ff9a6f407
93,50,11,5ebe2d782739,sensor01→gatewayA;sensor02→gatewayC;sensor03→gatewayC;sensor04→gatewayA;sensor04→gatewayC;sensor05→gatewayA;sensor06→gatewayA;sensor07→gatewayA;sensor08→gatewayA;sensor09→gatewayA;sensor10→gatewayC,11,3bd78ac5d12e,sensor01→gatewayA;sensor01→gatewayC;sensor02→gatewayC;sensor03→gatewayC;sensor04→gatewayA;sensor05→gatewayA;sensor06→gatewayA;sensor07→gatewayA;sensor08→gatewayA;sensor09→gatewayA;sensor10→gatewayC,11,5ebe2d782739
93,51,11,5ebe2d782739,sensor01→gatewayA;sensor02→gatewayC;sensor03→gatewayC;sensor04→gatewayA;sensor04→gatewayC;sensor05→gatewayA;sensor06→gatewayA;sensor07→gatewayA;sensor08→gatewayA;sensor09→gatewayA;sensor10→gatewayC,11,3bd78ac5d12e,sensor01→gatewayA;sensor01→gatewayC;sensor02→gatewayC;sensor03→gatewayC;sensor04→gatewayA;sensor05→gatewayA;sensor06→gatewayA;sensor07→gatewayA;sensor08→gatewayA;sensor09→gatewayA;sensor10→gatewayC,11,5ebe2d782739
93,52,11,5ebe2d782739,sensor01→gatewayA;sensor02→gatewayC;sensor03→gatewayC;sensor04→gatewayA;sensor04→gatewayC;sensor05→gatewayA;sensor06→gatewayA;sensor07→gatewayA;sensor08→gatewayA;sensor09→gatewayA;sensor10→gatewayC,11,3bd78ac5d12e,sensor01→gatewayA;sensor01→gatewayC;sensor02→gatewayC;sensor03→gatewayC;sensor04→gatewayA;sensor05→gatewayA;sensor06→gatewayA;sensor07→gatewayA;sensor08→gatewayA;sensor09→gatewayA;sensor10→gatewayC,11,5ebe2d782739
93,53,11,5ebe2d782739,sensor01→gatewayA;sensor02→gatewayC;sensor03→gatewayC;sensor04→gatewayA;sensor04→gatewayC;sensor05→gatewayA;sensor06→gatewayA;sensor07→gatewayA;sensor08→gatewayA;sensor09→gatewayA;sensor10→gatewayC,11,3bd78ac5d12e,sensor01→gatewayA;sensor01→gatewayC;sensor02→gatewayC;sensor03→gatewayC;sensor04→gatewayA;sensor05→gatewayA;sensor06→gatewayA;sensor07→gatewayA;sensor08→gatewayA;sensor09→gatewayA;sensor10→gatewayC,11,5ebe2d782739
93,54,11,5ebe2d782739,sensor01→gatewayA;sensor02→gatewayC;sensor03→gatewayC;sensor04→gatewayA;sensor04→gatewayC;sensor05→gatewayA;sensor06→gatewayA;sensor07→gatewayA;sensor08→gatewayA;sensor09→gatewayA;sensor10→gatewayC,11,3bd78ac5d12e,sensor01→gatewayA;sensor01→gatewayC;sensor02→gatewayC;sensor03→gatewayC;sensor04→gatewayA;sensor05→gatewayA;sensor06→gatewayA;sensor07→gatewayA;sensor08→gatewayA;sensor09→gatewayA;sensor10→gatewayC,11,5ebe2d782739
93,55,11,5ebe2d782739,sensor01→gatewayA;sensor02→gatewayC;sensor03→gatewayC;sensor04→gatewayA;sensor04→gatewayC;sensor05→gatewayA;sensor06→gatewayA;sensor07→gatewayA;sensor08→gatewayA;sensor09→gatewayA;sensor10→gatewayC,11,3bd78ac5d12e,sensor01→gatewayA;sensor01→gatewayC;sensor02→gatewayC;sensor03→gatewayC;sensor04→gatewayA;sensor05→gatewayA;sensor06→gatewayA;sensor07→gatewayA;sensor08→gatewayA;sensor09→gatewayA;sensor10→gatewayC,11,5ebe2d782739
93,56,11,5ebe2d782739,sensor01→gatewayA;sensor02→gatewayC;sensor03→gatewayC;sensor04→gatewayA;sensor04→gatewayC;sensor05→gatewayA;sensor06→gatewayA;sensor07→gatewayA;sensor08→gatewayA;sensor09→gatewayA;sensor10→gatewayC,11,3bd78ac5d12e,sensor01→gatewayA;sensor01→gatewayC;sensor02→gatewayC;sensor03→gatewayC;sensor04→gatewayA;sensor05→gatewayA;sensor06→gatewayA;sensor07→gatewayA;sensor08→gatewayA;sensor09→gatewayA;sensor10→gatewayC,11,5ebe2d782739
93,57,11,5ebe2d782739,sensor01→gatewayA;sensor02→gatewayC;sensor03→gatewayC;sensor04→gatewayA;sensor04→gatewayC;sensor05→gatewayA;sensor06→gatewayA;sensor07→gatewayA;sensor08→gatewayA;sensor09→gatewayA;sensor10→gatewayC,11,3bd78ac5d12e,sensor01→gatewayA;sensor01→gatewayC;sensor02→gatewayC;sensor03→gatewayC;sensor04→gatewayA;sensor05→gatewayA;sensor06→gatewayA;sensor07→gatewayA;sensor08→gatewayA;sensor09→gatewayA;sensor10→gatewayC,11,5ebe2d782739
93,58,11,5ebe2d782739,sensor01→gatewayA;sensor02→gatewayC;sensor03→gatewayC;sensor04→gatewayA;sensor04→gatewayC;sensor05→gatewayA;sensor06→gatewayA;sensor07→gatewayA;sensor08→gatewayA;sensor09→gatewayA;sensor10→gatewayC,11,3bd78ac5d12e,sensor01→gatewayA;sensor01→gatewayC;sensor02→gatewayC;sensor03→gatewayC;sensor04→gatewayA;sensor05→gatewayA;sensor06→gatewayA;sensor07→gatewayA;sensor08→gatewayA;sensor09→gatewayA;sensor10→gatewayC,11,5ebe2d782739
93,59,11,5ebe2d782739,sensor01→gatewayA;sensor02→gatewayC;sensor03→gatewayC;sensor04→gatewayA;sensor04→gatewayC;sensor05→gatewayA;sensor06→gatewayA;sensor07→gatewayA;sensor08→gatewayA;sensor09→gatewayA;sensor10→gatewayC,11,3bd78ac5d12e,sensor01→gatewayA;sensor01→gatewayC;sensor02→gatewayC;sensor03→gatewayC;sensor04→gatewayA;sensor05→gatewayA;sensor06→gatewayA;sensor07→gatewayA;sensor08→gatewayA;sensor09→gatewayA;sensor10→gatewayC,11,5ebe2d782739
93,60,11,5ebe2d782739,sensor01→gatewayA;sensor02→gatewayC;sensor03→gatewayC;sensor04→gatewayA;sensor04→gatewayC;sensor05→gatewayA;sensor06→gatewayA;sensor07→gatewayA;sensor08→gatewayA;sensor09→gatewayA;sensor10→gatewayC,11,3bd78ac5d12e,sensor01→gatewayA;sensor01→gatewayC;sensor02→gatewayC;sensor03→gatewayC;sensor04→gatewayA;sensor05→gatewayA;sensor06→gatewayA;sensor07→gatewayA;sensor08→gatewayA;sensor09→gatewayA;sensor10→gatewayC,11,5ebe2d782739
93,61,11,5ebe2d782739,sensor01→gatewayA;sensor02→gatewayC;sensor03→gatewayC;sensor04→gatewayA;sensor04→gatewayC;sensor05→gatewayA;sensor06→gatewayA;sensor07→gatewayA;sensor08→gatewayA;sensor09→gatewayA;sensor10→gatewayC,11,3bd78ac5d12e,sensor01→gatewayA;sensor01→gatewayC;sensor02→gatewayC;sensor03→gatewayC;sensor04→gatewayA;sensor05→gatewayA;sensor06→gatewayA;sensor07→gatewayA;sensor08→gatewayA;sensor09→gatewayA;sensor10→gatewayC,11,5ebe2d782739
93,62,11,5ebe2d782739,sensor01→gatewayA;sensor02→gatewayC;sensor03→gatewayC;sensor04→gatewayA;sensor04→gatewayC;sensor05→gatewayA;sensor06→gatewayA;sensor07→gatewayA;sensor08→gatewayA;sensor09→gatewayA;sensor10→gatewayC,11,3bd78ac5d12e,sensor01→gatewayA;sensor01→gatewayC;sensor02→gatewayC;sensor03→gatewayC;sensor04→gatewayA;sensor05→gatewayA;sensor06→gatewayA;sensor07→gatewayA;sensor08→gatewayA;sensor09→gatewayA;sensor10→gatewayC,11,5ebe2d782739
93,63,11,5ebe2d782739,sensor01→gatewayA;sensor02→gatewayC;sensor03→gatewayC;sensor04→gatewayA;sensor04→gatewayC;sensor05→gatewayA;sensor06→gatewayA;sensor07→gatewayA;sensor08→gatewayA;sensor09→gatewayA;sensor10→gatewayC,11,3bd78ac5d12e,sensor01→gatewayA;sensor01→gatewayC;sensor02→gatewayC;sensor03→gatewayC;sensor04→gatewayA;sensor05→gatewayA;sensor06→gatewayA;sensor07→gatewayA;sensor08→gatewayA;sensor09→gatewayA;sensor10→gatewayC,11,5ebe2d782739
93,64,11,5ebe2d782739,sensor01→gatewayA;sensor02→gatewayC;sensor03→gatewayC;sensor04→gatewayA;sensor04→gatewayC;sensor05→gatewayA;sensor06→gatewayA;sensor07→gatewayA;sensor08→gatewayA;sensor09→gatewayA;sensor10→gatewayC,11,3bd78ac5d12e,sensor01→gatewayA;sensor01→gatewayC;sensor02→gatewayC;sensor03→gatewayC;sensor04→gatewayA;sensor05→gatewayA;sensor06→gatewayA;sensor07→gatewayA;sensor08→gatewayA;sensor09→gatewayA;sensor10→gatewayC,11,5ebe2d782739
93,65,11,5ebe2d782739,sensor01→gatewayA;sensor02→gatewayC;sensor03→gatewayC;sensor04→gatewayA;sensor04→gatewayC;sensor05→gatewayA;sensor06→gatewayA;sensor07→gatewayA;sensor08→gatewayA;sensor09→gatewayA;sensor10→gatewayC,11,3bd78ac5d12e,sensor01→gatewayA;sensor01→gatewayC;sensor02→gatewayC;sensor03→gatewayC;sensor04→gatewayA;sensor05→gatewayA;sensor06→gatewayA;sensor07→gatewayA;sensor08→gatewayA;sensor09→gatewayA;sensor10→gatewayC,11,5ebe2d782739
93,66,11,5ebe2d782739,sensor01→gatewayA;sensor02→gatewayC;sensor03→gatewayC;sensor04→gatewayA;sensor04→gatewayC;sensor05→gatewayA;sensor06→gatewayA;sensor07→gatewayA;sensor08→gatewayA;sensor09→gatewayA;sensor10→gatewayC,11,3bd78ac5d12e,sensor01→gatewayA;sensor01→gatewayC;sensor02→gatewayC;sensor03→gatewayC;sensor04→gatewayA;sensor05→gatewayA;sensor06→gatewayA;sensor07→gatewayA;sensor08→gatewayA;sensor09→gatewayA;sensor10→gatewayC,11,5ebe2d782739
93,67,11,5ebe2d782739,sensor01→gatewayA;sensor02→gatewayC;sensor03→gatewayC;sensor04→gatewayA;sensor04→gatewayC;sensor05→gatewayA;sensor06→gatewayA;sensor07→gatewayA;sensor08→gatewayA;sensor09→gatewayA;sensor10→gatewayC,11,3bd78ac5d12e,sensor01→gatewayA;sensor01→gatewayC;sensor02→gatewayC;sensor03→gatewayC;sensor04→gatewayA;sensor05→gatewayA;sensor06→gatewayA;sensor07→gatewayA;sensor08→gatewayA;sensor09→gatewayA;sensor10→gatewayC,11,5ebe2d782739
93,68,11,5ebe2d782739,sensor01→gatewayA;sensor02→gatewayC;sensor03→gatewayC;sensor04→gatewayA;sensor04→gatewayC;sensor05→gatewayA;sensor06→gatewayA;sensor07→gatewayA;sensor08→gatewayA;sensor09→gatewayA;sensor10→gatewayC,11,3bd78ac5d12e,sensor01→gatewayA;sensor01→gatewayC;sensor02→gatewayC;sensor03→gatewayC;sensor04→gatewayA;sensor05→gatewayA;sensor06→gatewayA;sensor07→gatewayA;sensor08→gatewayA;sensor09→gatewayA;sensor10→gatewayC,11,5ebe2d782739
93,69,11,5ebe2d782739,sensor01→gatewayA;sensor02→gatewayC;sensor03→gatewayC;sensor04→gatewayA;sensor04→gatewayC;sensor05→gatewayA;sensor06→gatewayA;sensor07→gatewayA;sensor08→gatewayA;sensor09→gatewayA;sensor10→gatewayC,11,3bd78ac5d12e,sensor01→gatewayA;sensor01→gatewayC;sensor02→gatewayC;sensor03→gatewayC;sensor04→gatewayA;sensor05→gatewayA;sensor06→gatewayA;sensor07→gatewayA;sensor08→gatewayA;sensor09→gatewayA;sensor10→gatewayC,11,5ebe2d782739
93,70,11,5ebe2d782739,sensor01→gatewayA;sensor02→gatewayC;sensor03→gatewayC;sensor04→gatewayA;sensor04→gatewayC;sensor05→gatewayA;sensor06→gatewayA;sensor07→gatewayA;sensor08→gatewayA;sensor09→gatewayA;sensor10→gatewayC,11,3bd78ac5d12e,sensor01→gatewayA;sensor01→gatewayC;sensor02→gatewayC;sensor03→gatewayC;sensor04→gatewayA;sensor05→gatewayA;sensor06→gatewayA;sensor07→gatewayA;sensor08→gatewayA;sensor09→gatewayA;sensor10→gatewayC,11,5ebe2d782739
93,71,11,5ebe2d782739,sensor01→gatewayA;sensor02→gatewayC;sensor03→gatewayC;sensor04→gatewayA;sensor04→gatewayC;sensor05→gatewayA;sensor06→gatewayA;sensor07→gatewayA;sensor08→gatewayA;sensor09→gatewayA;sensor10→gatewayC,11,3bd78ac5d12e,sensor01→gatewayA;sensor01→gatewayC;sensor02→gatewayC;sensor03→gatewayC;sensor04→gatewayA;sensor05→gatewayA;sensor06→gatewayA;sensor07→gatewayA;sensor08→gatewayA;sensor09→gatewayA;sensor10→gatewayC,11,5ebe2d782739
93,72,11,5ebe2d782739,sensor01→gatewayA;sensor02→gatewayC;sensor03→gatewayC;sensor04→gatewayA;sensor04→gatewayC;sensor05→gatewayA;sensor06→gatewayA;sensor07→gatewayA;sensor08→gatewayA;sensor09→gatewayA;sensor10→gatewayC,11,3bd78ac5d12e,sensor01→gatewayA;sensor01→gatewayC;sensor02→gatewayC;sensor03→gatewayC;sensor04→gatewayA;sensor05→gatewayA;sensor06→gatewayA;sensor07→gatewayA;sensor08→gatewayA;sensor09→gatewayA;sensor10→gatewayC,11,5ebe2d782739
93,73,11,5ebe2d782739,sensor01→gatewayA;sensor02→gatewayC;sensor03→gatewayC;sensor04→gatewayA;sensor04→gatewayC;sensor05→gatewayA;sensor06→gatewayA;sensor07→gatewayA;sensor08→gatewayA;sensor09→gatewayA;sensor10→gatewayC,11,3bd78ac5d12e,sensor01→gatewayA;sensor01→gatewayC;sensor02→gatewayC;sensor03→gatewayC;sensor04→gatewayA;sensor05→gatewayA;sensor06→gatewayA;sensor07→gatewayA;sensor08→gatewayA;sensor09→gatewayA;sensor10→gatewayC,11,5ebe2d782739
93,74,11,5ebe2d782739,sensor01→gatewayA;sensor02→gatewayC;sensor03→gatewayC;sensor04→gatewayA;sensor04→gatewayC;sensor05→gatewayA;sensor06→gatewayA;sensor07→gatewayA;sensor08→gatewayA;sensor09→gatewayA;sensor10→gatewayC,11,3bd78ac5d12e,sensor01→gatewayA;sensor01→gatewayC;sensor02→gatewayC;sensor03→gatewayC;sensor04→gatewayA;sensor05→gatewayA;sensor06→gatewayA;sensor07→gatewayA;sensor08→gatewayA;sensor09→gatewayA;sensor10→gatewayC,11,5ebe2d782739
93,75,11,5ebe2d782739,sensor01→gatewayA;sensor02→gatewayC;sensor03→gatewayC;sensor04→gatewayA;sensor04→gatewayC;sensor05→gatewayA;sensor06→gatewayA;sensor07→gatewayA;sensor08→gatewayA;sensor09→gatewayA;sensor10→gatewayC,11,3bd78ac5d12e,sensor01→gatewayA;sensor01→gatewayC;sensor02→gatewayC;sensor03→gatewayC;sensor04→gatewayA;sensor05→gatewayA;sensor06→gatewayA;sensor07→gatewayA;sensor08→gatewayA;sensor09→gatewayA;sensor10→gatewayC,11,5ebe2d782739
93,76,11,5ebe2d782739,sensor01→gatewayA;sensor02→gatewayC;sensor03→gatewayC;sensor04→gatewayA;sensor04→gatewayC;sensor05→gatewayA;sensor06→gatewayA;sensor07→gatewayA;sensor08→gatewayA;sensor09→gatewayA;sensor10→gatewayC,11,3bd78ac5d12e,sensor01→gatewayA;sensor01→gatewayC;sensor02→gatewayC;sensor03→gatewayC;sensor04→gatewayA;sensor05→gatewayA;sensor06→gatewayA;sensor07→gatewayA;sensor08→gatewayA;sensor09→gatewayA;sensor10→gatewayC,11,5ebe2d782739
93,77,11,5ebe2d782739,sensor01→gatewayA;sensor02→gatewayC;sensor03→gatewayC;sensor04→gatewayA;sensor04→gatewayC;sensor05→gatewayA;sensor06→gatewayA;sensor07→gatewayA;sensor08→gatewayA;sensor09→gatewayA;sensor10→gatewayC,11,3bd78ac5d12e,sensor01→gatewayA;sensor01→gatewayC;sensor02→gatewayC;sensor03→gatewayC;sensor04→gatewayA;sensor05→gatewayA;sensor06→gatewayA;sensor07→gatewayA;sensor08→gatewayA;sensor09→gatewayA;sensor10→gatewayC,11,5ebe2d782739
93,78,11,5ebe2d782739,sensor01→gatewayA;sensor02→gatewayC;sensor03→gatewayC;sensor04→gatewayA;sensor04→gatewayC;sensor05→gatewayA;sensor06→gatewayA;sensor07→gatewayA;sensor08→gatewayA;sensor09→gatewayA;sensor10→gatewayC,11,3bd78ac5d12e,sensor01→gatewayA;sensor01→gatewayC;sensor02→gatewayC;sensor03→gatewayC;sensor04→gatewayA;sensor05→gatewayA;sensor06→gatewayA;sensor07→gatewayA;sensor08→gatewayA;sensor09→gatewayA;sensor10→gatewayC,11,5ebe2d782739
93,79,11,5ebe2d782739,sensor01→gatewayA;sensor02→gatewayC;sensor03→gatewayC;sensor04→gatewayA;sensor04→gatewayC;sensor05→gatewayA;sensor06→gatewayA;sensor07→gatewayA;sensor08→gatewayA;sensor09→gatewayA;sensor10→gatewayC,11,3bd78ac5d12e,sensor01→gatewayA;sensor01→gatewayC;sensor02→gatewayC;sensor03→gatewayC;sensor04→gatewayA;sensor05→gatewayA;sensor06→gatewayA;sensor07→gatewayA;sensor08→gatewayA;sensor09→gatewayA;sensor10→gatewayC,11,5ebe2d782739
93,80,11,5ebe2d782739,sensor01→gatewayA;sensor02→gatewayC;sensor03→gatewayC;sensor04→gatewayA;sensor04→gatewayC;sensor05→gatewayA;sensor06→gatewayA;sensor07→gatewayA;sensor08→gatewayA;sensor09→gatewayA;sensor10→gatewayC,11,3bd78ac5d12e,sensor01→gatewayA;sensor01→gatewayC;sensor02→gatewayC;sensor03→gatewayC;sensor04→gatewayA;sensor05→gatewayA;sensor06→gatewayA;sensor07→gatewayA;sensor08→gatewayA;sensor09→gatewayA;sensor10→gatewayC,11,5ebe2d782739
93,81,11,5ebe2d782739,sensor01→gatewayA;sensor02→gatewayC;sensor03→gatewayC;sensor04→gatewayA;sensor04→gatewayC;sensor05→gatewayA;sensor06→gatewayA;sensor07→gatewayA;sensor08→gatewayA;sensor09→gatewayA;sensor10→gatewayC,11,3bd78ac5d12e,sensor01→gatewayA;sensor01→gatewayC;sensor02→gatewayC;sensor03→gatewayC;sensor04→gatewayA;sensor05→gatewayA;sensor06→gatewayA;sensor07→gatewayA;sensor08→gatewayA;sensor09→gatewayA;sensor10→gatewayC,11,5ebe2d782739
93,82,11,5ebe2d782739,sensor01→gatewayA;sensor02→gatewayC;sensor03→gatewayC;sensor04→gatewayA;sensor04→gatewayC;sensor05→gatewayA;sensor06→gatewayA;sensor07→gatewayA;sensor08→gatewayA;sensor09→gatewayA;sensor10→gatewayC,11,3bd78ac5d12e,sensor01→gatewayA;sensor01→gatewayC;sensor02→gatewayC;sensor03→gatewayC;sensor04→gatewayA;sensor05→gatewayA;sensor06→gatewayA;sensor07→gatewayA;sensor08→gatewayA;sensor09→gatewayA;sensor10→gatewayC,11,5ebe2d782739
93,83,11,5ebe2d782739,sensor01→gatewayA;sensor02→gatewayC;sensor03→gatewayC;sensor04→gatewayA;sensor04→gatewayC;sensor05→gatewayA;sensor06→gatewayA;sensor07→gatewayA;sensor08→gatewayA;sensor09→gatewayA;sensor10→gatewayC,11,3bd78ac5d12e,sensor01→gatewayA;sensor01→gatewayC;sensor02→gatewayC;sensor03→gatewayC;sensor04→gatewayA;sensor05→gatewayA;sensor06→gatewayA;sensor07→gatewayA;sensor08→gatewayA;sensor09→gatewayA;sensor10→gatewayC,11,5ebe2d782739
93,84,11,5ebe2d782739,sensor01→gatewayA;sensor02→gatewayC;sensor03→gatewayC;sensor04→gatewayA;sensor04→gatewayC;sensor05→gatewayA;sensor06→gatewayA;sensor07→gatewayA;sensor08→gatewayA;sensor09→gatewayA;sensor10→gatewayC,11,3bd78ac5d12e,sensor01→gatewayA;sensor01→gatewayC;sensor02→gatewayC;sensor03→gatewayC;sensor04→gatewayA;sensor05→gatewayA;sensor06→gatewayA;sensor07→gatewayA;sensor08→gatewayA;sensor09→gatewayA;sensor10→gatewayC,11,5ebe2d782739
93,85,11,5ebe2d782739,sensor01→gatewayA;sensor02→gatewayC;sensor03→gatewayC;sensor04→gatewayA;sensor04→gatewayC;sensor05→gatewayA;sensor06→gatewayA;sensor07→gatewayA;sensor08→gatewayA;sensor09→gatewayA;sensor10→gatewayC,11,3bd78ac5d12e,sensor01→gatewayA;sensor01→gatewayC;sensor02→gatewayC;sensor03→gatewayC;sensor04→gatewayA;sensor05→gatewayA;sensor06→gatewayA;sensor07→gatewayA;sensor08→gatewayA;sensor09→gatewayA;sensor10→gatewayC,11,5ebe2d782739
93,86,11,5ebe2d782739,sensor01→gatewayA;sensor02→gatewayC;sensor03→gatewayC;sensor04→gatewayA;sensor04→gatewayC;sensor05→gatewayA;sensor06→gatewayA;sensor07→gatewayA;sensor08→gatewayA;sensor09→gatewayA;sensor10→gatewayC,11,3bd78ac5d12e,sensor01→gatewayA;sensor01→gatewayC;sensor02→gatewayC;sensor03→gatewayC;sensor04→gatewayA;sensor05→gatewayA;sensor06→gatewayA;sensor07→gatewayA;sensor08→gatewayA;sensor09→gatewayA;sensor10→gatewayC,11,5ebe2d782739
93,89,12,fba66e5cdf8c,sensor01→gatewayA;sensor01→gatewayC;sensor02→gatewayC;sensor03→gatewayC;sensor04→gatewayA;sensor04→gatewayC;sensor05→gatewayA;sensor06→gatewayA;sensor07→gatewayA;sensor08→gatewayA;sensor09→gatewayA;sensor10→gatewayC,12,1857c34ccaa1,sensor01→gatewayA;sensor01→gatewayB;sensor02→gatewayC;sensor03→gatewayC;sensor04→gatewayA;sensor04→gatewayC;sensor05→gatewayA;sensor06→gatewayA;sensor07→gatewayA;sensor08→gatewayA;sensor09→gatewayA;sensor10→gatewayC,12,fba66e5cdf8c
93,91,14,ba7836f47dfe,sensor01→gatewayA;sensor01→gatewayC;sensor02→gatewayC;sensor03→gatewayC;sensor04→gatewayA;sensor04→gatewayC;sensor05→gatewayA;sensor06→gatewayA;sensor07→gatewayA;sensor07→gatewayC;sensor08→gatewayA;sensor08→gatewayB;sensor09→gatewayA;sensor10→gatewayC,14,7d0409742162,sensor01→gatewayA;sensor01→gatewayC;sensor02→gatewayC;sensor03→gatewayC;sensor04→gatewayA;sensor04→gatewayC;sensor05→gatewayA;sensor06→gatewayA;sensor07→gatewayA;sensor07→gatewayB;sensor08→gatewayA;sensor08→gatewayB;sensor09→gatewayA;sensor10→gatewayC,14,ba7836f47dfe
93,92,14,ba7836f47dfe,sensor01→gatewayA;sensor01→gatewayC;sensor02→gatewayC;sensor03→gatewayC;sensor04→gatewayA;sensor04→gatewayC;sensor05→gatewayA;sensor06→gatewayA;sensor07→gatewayA;sensor07→gatewayC;sensor08→gatewayA;sensor08→gatewayB;sensor09→gatewayA;sensor10→gatewayC,14,7d0409742162,sensor01→gatewayA;sensor01→gatewayC;sensor02→gatewayC;sensor03→gatewayC;sensor04→gatewayA;sensor04→gatewayC;sensor05→gatewayA;sensor06→gatewayA;sensor07→gatewayA;sensor07→gatewayB;sensor08→gatewayA;sensor08→gatewayB;sensor09→gatewayA;sensor10→gatewayC,14,ba7836f47dfe
93,95,17,126ff9a6f407,sensor01→gatewayA;sensor01→gatewayC;sensor02→gatewayA;sensor02→gatewayC;sensor03→gatewayA;sensor03→gatewayC;sensor04→gatewayA;sensor04→gatewayC;sensor05→gatewayA;sensor05→gatewayC;sensor06→gatewayA;sensor07→gatewayA;sensor07→gatewayC;sensor08→gatewayA;sensor08→gatewayB;sensor09→gatewayA;sensor10→gatewayC,17,4deb1457865a,sensor01→gatewayA;sensor01→gatewayC;sensor02→gatewayA;sensor02→gatewayC;sensor03→gatewayA;sensor03→gatewayC;sensor04→gatewayA;sensor04→gatewayC;sensor05→gatewayA;sensor05→gatewayB;sensor06→gatewayA;sensor07→gatewayA;sensor07→gatewayC;sensor08→gatewayA;sensor08→gatewayB;sensor09→gatewayA;sensor10→gatewayC,17,126ff9a6f407
94,50,12,fba66e5cdf8c,sensor01→gatewayA;sensor01→gatewayC;sensor02→gatewayC;sensor03→gatewayC;sensor04→gatewayA;sensor04→gatewayC;sensor05→gatewayA;sensor06→gatewayA;sensor07→gatewayA;sensor08→gatewayA;sensor09→gatewayA;sensor10→gatewayC,12,1857c34ccaa1,sensor01→gatewayA;sensor01→gatewayB;sensor02→gatewayC;sensor03→gatewayC;sensor04→gatewayA;sensor04→gatewayC;sensor05→gatewayA;sensor06→gatewayA;sensor07→gatewayA;sensor08→gatewayA;sensor09→gatewayA;sensor10→gatewayC,12,fba66e5cdf8c
94,51,12,fba66e5cdf8c,sensor01→gatewayA;sensor01→gatewayC;sensor02→gatewayC;sensor03→gatewayC;sensor04→gatewayA;sensor04→gatewayC;sensor05→gatewayA;sensor06→gatewayA;sensor07→gatewayA;sensor08→gatewayA;sensor09→gatewayA;sensor10→gatewayC,12,1857c34ccaa1,sensor01→gatewayA;sensor01→gatewayB;sensor02→gatewayC;sensor03→gatewayC;sensor04→gatewayA;sensor04→gatewayC;sensor05→gatewayA;sensor06→gatewayA;sensor07→gatewayA;sensor08→gatewayA;sensor09→gatewayA;sensor10→gatewayC,12,fba66e5cdf8c
94,52,12,fba66e5cdf8c,sensor01→gatewayA;sensor01→gatewayC;sensor02→gatewayC;sensor03→gatewayC;sensor04→gatewayA;sensor04→gatewayC;sensor05→gatewayA;sensor06→gatewayA;sensor07→gatewayA;sensor08→gatewayA;sensor09→gatewayA;sensor10→gatewayC,12,1857c34ccaa1,sensor01→gatewayA;sensor01→gatewayB;sensor02→gatewayC;sensor03→gatewayC;sensor04→gatewayA;sensor04→gatewayC;sensor05→gatewayA;sensor06→gatewayA;sensor07→gatewayA;sensor08→gatewayA;sensor09→gatewayA;sensor10→gatewayC,12,fba66e5cdf8c
94,53,12,fba66e5cdf8c,sensor01→gatewayA;sensor01→gatewayC;sensor02→gatewayC;sensor03→gatewayC;sensor04→gatewayA;sensor04→gatewayC;sensor05→gatewayA;sensor06→gatewayA;sensor07→gatewayA;sensor08→gatewayA;sensor09→gatewayA;sensor10→gatewayC,12,1857c34ccaa1,sensor01→gatewayA;sensor01→gatewayB;sensor02→gatewayC;sensor03→gatewayC;sensor04→gatewayA;sensor04→gatewayC;sensor05→gatewayA;sensor06→gatewayA;sensor07→gatewayA;sensor08→gatewayA;sensor09→gatewayA;sensor10→gatewayC,12,fba66e5cdf8c
94,54,12,fba66e5cdf8c,sensor01→gatewayA;sensor01→gatewayC;sensor02→gatewayC;sensor03→gatewayC;sensor04→gatewayA;sensor04→gatewayC;sensor05→gatewayA;sensor06→gatewayA;sensor07→gatewayA;sensor08→gatewayA;sensor09→gatewayA;sensor10→gatewayC,12,1857c34ccaa1,sensor01→gatewayA;sensor01→gatewayB;sensor02→gatewayC;sensor03→gatewayC;sensor04→gatewayA;sensor04→gatewayC;sensor05→gatewayA;sensor06→gatewayA;sensor07→gatewayA;sensor08→gatewayA;sensor09→gatewayA;sensor10→gatewayC,12,fba66e5cdf8c
94,55,12,fba66e5cdf8c,sensor01→gatewayA;sensor01→gatewayC;sensor02→gatewayC;sensor03→gatewayC;sensor04→gatewayA;sensor04→gatewayC;sensor05→gatewayA;sensor06→gatewayA;sensor07→gatewayA;sensor08→gatewayA;sensor09→gatewayA;sensor10→gatewayC,12,1857c34ccaa1,sensor01→gatewayA;sensor01→gatewayB;sensor02→gatewayC;sensor03→gatewayC;sensor04→gatewayA;sensor04→gatewayC;sensor05→gatewayA;sensor06→gatewayA;sensor07→gatewayA;sensor08→gatewayA;sensor09→gatewayA;sensor10→gatewayC,12,fba66e5cdf8c
94,56,12,fba66e5cdf8c,sensor01→gatewayA;sensor01→gatewayC;sensor02→gatewayC;sensor03→gatewayC;sensor04→gatewayA;sensor04→gatewayC;sensor05→gatewayA;sensor06→gatewayA;sensor07→gatewayA;sensor08→gatewayA;sensor09→gatewayA;sensor10→gatewayC,12,1857c34ccaa1,sensor01→gatewayA;sensor01→gatewayB;sensor02→gatewayC;sensor03→gatewayC;sensor04→gatewayA;sensor04→gatewayC;sensor05→gatewayA;sensor06→gatewayA;sensor07→gatewayA;sensor08→gatewayA;sensor09→gatewayA;sensor10→gatewayC,12,fba66e5cdf8c
94,57,12,fba66e5cdf8c,sensor01→gatewayA;sensor01→gatewayC;sensor02→gatewayC;sensor03→gatewayC;sensor04→gatewayA;sensor04→gatewayC;sensor05→gatewayA;sensor06→gatewayA;sensor07→gatewayA;sensor08→gatewayA;sensor09→gatewayA;sensor10→gatewayC,12,1857c34ccaa1,sensor01→gatewayA;sensor01→gatewayB;sensor02→gatewayC;sensor03→gatewayC;sensor04→gatewayA;sensor04→gatewayC;sensor05→gatewayA;sensor06→gatewayA;sensor07→gatewayA;sensor08→gatewayA;sensor09→gatewayA;sensor10→gatewayC,12,fba66e5cdf8c
94,58,12,fba66e5cdf8c,sensor01→gatewayA;sensor01→gatewayC;sensor02→gatewayC;sensor03→gatewayC;sensor04→gatewayA;sensor04→gatewayC;sensor05→gatewayA;sensor06→gatewayA;sensor07→gatewayA;sensor08→gatewayA;sensor09→gatewayA;sensor10→gatewayC,12,1857c34ccaa1,sensor01→gatewayA;sensor01→gatewayB;sensor02→gatewayC;sensor03→gatewayC;sensor04→gatewayA;sensor04→gatewayC;sensor05→gatewayA;sensor06→gatewayA;sensor07→gatewayA;sensor08→gatewayA;sensor09→gatewayA;sensor10→gatewayC,12,fba66e5cdf8c
94,59,12,fba66e5cdf8c,sensor01→gatewayA;sensor01→gatewayC;sensor02→gatewayC;sensor03→gatewayC;sensor04→gatewayA;sensor04→gatewayC;sensor05→gatewayA;sensor06→gatewayA;sensor07→gatewayA;sensor08→gatewayA;sensor09→gatewayA;sensor10→gatewayC,12,1857c34ccaa1,sensor01→gatewayA;sensor01→gatewayB;sensor02→gatewayC;sensor03→gatewayC;sensor04→gatewayA;sensor04→gatewayC;sensor05→gatewayA;sensor06→gatewayA;sensor07→gatewayA;sensor08→gatewayA;sensor09→gatewayA;sensor10→gatewayC,12,fba66e5cdf8c
94,60,12,fba66e5cdf8c,sensor01→gatewayA;sensor01→gatewayC;sensor02→gatewayC;sensor03→gatewayC;sensor04→gatewayA;sensor04→gatewayC;sensor05→gatewayA;sensor06→gatewayA;sensor07→gatewayA;sensor08→gatewayA;sensor09→gatewayA;sensor10→gatewayC,12,1857c34ccaa1,sensor01→gatewayA;sensor01→gatewayB;sensor02→gatewayC;sensor03→gatewayC;sensor04→gatewayA;sensor04→gatewayC;sensor05→gatewayA;sensor06→gatewayA;sensor07→gatewayA;sensor08→gatewayA;sensor09→gatewayA;sensor10→gatewayC,12,fba66e5cdf8c
94,61,12,fba66e5cdf8c,sensor01→gatewayA;sensor01→gatewayC;sensor02→gatewayC;sensor03→gatewayC;sensor04→gatewayA;sensor04→gatewayC;sensor05→gatewayA;sensor06→gatewayA;sensor07→gatewayA;sensor08→gatewayA;sensor09→gatewayA;sensor10→gatewayC,12,1857c34ccaa1,sensor01→gatewayA;sensor01→gatewayB;sensor02→gatewayC;sensor03→gatewayC;sensor04→gatewayA;sensor04→gatewayC;sensor05→gatewayA;sensor06→gatewayA;sensor07→gatewayA;sensor08→gatewayA;sensor09→gatewayA;sensor10→gatewayC,12,fba66e5cdf8c
94,62,12,fba66e5cdf8c,sensor01→gatewayA;sensor01→gatewayC;sensor02→gatewayC;sensor03→gatewayC;sensor04→gatewayA;sensor04→gatewayC;sensor05→gatewayA;sensor06→gatewayA;sensor07→gatewayA;sensor08→gatewayA;sensor09→gatewayA;sensor10→gatewayC,12,1857c34ccaa1,sensor01→gatewayA;sensor01→gatewayB;sensor02→gatewayC;sensor03→gatewayC;sensor04→gatewayA;sensor04→gatewayC;sensor05→gatewayA;sensor06→gatewayA;sensor07→gatewayA;sensor08→gatewayA;sensor09→gatewayA;sensor10→gatewayC,12,fba66e5cdf8c
94,63,12,fba66e5cdf8c,sensor01→gatewayA;sensor01→gatewayC;sensor02→gatewayC;sensor03→gatewayC;sensor04→gatewayA;sensor04→gatewayC;sensor05→gatewayA;sensor06→gatewayA;sensor07→gatewayA;sensor08→gatewayA;sensor09→gatewayA;sensor10→gatewayC,12,1857c34ccaa1,sensor01→gatewayA;sensor01→gatewayB;sensor02→gatewayC;sensor03→gatewayC;sensor04→gatewayA;sensor04→gatewayC;sensor05→gatewayA;sensor06→gatewayA;sensor07→gatewayA;sensor08→gatewayA;sensor09→gatewayA;sensor10→gatewayC,12,fba66e5cdf8c
94,64,12,fba66e5cdf8c,sensor01→gatewayA;sensor01→gatewayC;sensor02→gatewayC;sensor03→gatewayC;sensor04→gatewayA;sensor04→gatewayC;sensor05→gatewayA;sensor06→gatewayA;sensor07→gatewayA;sensor08→gatewayA;sensor09→gatewayA;sensor10→gatewayC,12,1857c34ccaa1,sensor01→gatewayA;sensor01→gatewayB;sensor02→gatewayC;sensor03→gatewayC;sensor04→gatewayA;sensor04→gatewayC;sensor05→gatewayA;sensor06→gatewayA;sensor07→gatewayA;sensor08→gatewayA;sensor09→gatewayA;sensor10→gatewayC,12,fba66e5cdf8c
94,65,12,fba66e5cdf8c,sensor01→gatewayA;sensor01→gatewayC;sensor02→gatewayC;sensor03→gatewayC;sensor04→gatewayA;sensor04→gatewayC;sensor05→gatewayA;sensor06→gatewayA;sensor07→gatewayA;sensor08→gatewayA;sensor09→gatewayA;sensor10→gatewayC,12,1857c34ccaa1,sensor01→gatewayA;sensor01→gatewayB;sensor02→gatewayC;sensor03→gatewayC;sensor04→gatewayA;sensor04→gatewayC;sensor05→gatewayA;sensor06→gatewayA;sensor07→gatewayA;sensor08→gatewayA;sensor09→gatewayA;sensor10→gatewayC,12,fba66e5cdf8c
94,66,12,fba66e5cdf8c,sensor01→gatewayA;sensor01→gatewayC;sensor02→gatewayC;sensor03→gatewayC;sensor04→gatewayA;sensor04→gatewayC;sensor05→gatewayA;sensor06→gatewayA;sensor07→gatewayA;sensor08→gatewayA;sensor09→gatewayA;sensor10→gatewayC,12,1857c34ccaa1,sensor01→gatewayA;sensor01→gatewayB;sensor02→gatewayC;sensor03→gatewayC;sensor04→gatewayA;sensor04→gatewayC;sensor05→gatewayA;sensor06→gatewayA;sensor07→gatewayA;sensor08→gatewayA;sensor09→gatewayA;sensor10→gatewayC,12,fba66e5cdf8c
94,67,12,fba66e5cdf8c,sensor01→gatewayA;sensor01→gatewayC;sensor02→gatewayC;sensor03→gatewayC;sensor04→gatewayA;sensor04→gatewayC;sensor05→gatewayA;sensor06→gatewayA;sensor07→gatewayA;sensor08→gatewayA;sensor09→gatewayA;sensor10→gatewayC,12,1857c34ccaa1,sensor01→gatewayA;sensor01→gatewayB;sensor02→gatewayC;sensor03→gatewayC;sensor04→gatewayA;sensor04→gatewayC;sensor05→gatewayA;sensor06→gatewayA;sensor07→gatewayA;sensor08→gatewayA;sensor09→gatewayA;sensor10→gatewayC,12,fba66e5cdf8c
94,68,12,fba66e5cdf8c,sensor01→gatewayA;sensor01→gatewayC;sensor02→gatewayC;sensor03→gatewayC;sensor04→gatewayA;sensor04→gatewayC;sensor05→gatewayA;sensor06→gatewayA;sensor07→gatewayA;sensor08→gatewayA;sensor09→gatewayA;sensor10→gatewayC,12,1857c34ccaa1,sensor01→gatewayA;sensor01→gatewayB;sensor02→gatewayC;sensor03→gatewayC;sensor04→gatewayA;sensor04→gatewayC;sensor05→gatewayA;sensor06→gatewayA;sensor07→gatewayA;sensor08→gatewayA;sensor09→gatewayA;sensor10→gatewayC,12,fba66e5cdf8c
94,69,12,fba66e5cdf8c,sensor01→gatewayA;sensor01→gatewayC;sensor02→gatewayC;sensor03→gatewayC;sensor04→gatewayA;sensor04→gatewayC;sensor05→gatewayA;sensor06→gatewayA;sensor07→gatewayA;sensor08→gatewayA;sensor09→gatewayA;sensor10→gatewayC,12,1857c34ccaa1,sensor01→gatewayA;sensor01→gatewayB;sensor02→gatewayC;sensor03→gatewayC;sensor04→gatewayA;sensor04→gatewayC;sensor05→gatewayA;sensor06→gatewayA;sensor07→gatewayA;sensor08→gatewayA;sensor09→gatewayA;sensor10→gatewayC,12,fba66e5cdf8c
94,70,12,fba66e5cdf8c,sensor01→gatewayA;sensor01→gatewayC;sensor02→gatewayC;sensor03→gatewayC;sensor04→gatewayA;sensor04→gatewayC;sensor05→gatewayA;sensor06→gatewayA;sensor07→gatewayA;sensor08→gatewayA;sensor09→gatewayA;sensor10→gatewayC,12,1857c34ccaa1,sensor01→gatewayA;sensor01→gatewayB;sensor02→gatewayC;sensor03→gatewayC;sensor04→gatewayA;sensor04→gatewayC;sensor05→gatewayA;sensor06→gatewayA;sensor07→gatewayA;sensor08→gatewayA;sensor09→gatewayA;sensor10→gatewayC,12,fba66e5cdf8c
94,71,12,fba66e5cdf8c,sensor01→gatewayA;sensor01→gatewayC;sensor02→gatewayC;sensor03→gatewayC;sensor04→gatewayA;sensor04→gatewayC;sensor05→gatewayA;sensor06→gatewayA;sensor07→gatewayA;sensor08→gatewayA;sensor09→gatewayA;sensor10→gatewayC,12,1857c34ccaa1,sensor01→gatewayA;sensor01→gatewayB;sensor02→gatewayC;sensor03→gatewayC;sensor04→gatewayA;sensor04→gatewayC;sensor05→gatewayA;sensor06→gatewayA;sensor07→gatewayA;sensor08→gatewayA;sensor09→gatewayA;sensor10→gatewayC,12,fba66e5cdf8c
94,72,12,fba66e5cdf8c,sensor01→gatewayA;sensor01→gatewayC;sensor02→gatewayC;sensor03→gatewayC;sensor04→gatewayA;sensor04→gatewayC;sensor05→gatewayA;sensor06→gatewayA;sensor07→gatewayA;sensor08→gatewayA;sensor09→gatewayA;sensor10→gatewayC,12,1857c34ccaa1,sensor01→gatewayA;sensor01→gatewayB;sensor02→gatewayC;sensor03→gatewayC;sensor04→gatewayA;sensor04→gatewayC;sensor05→gatewayA;sensor06→gatewayA;sensor07→gatewayA;sensor08→gatewayA;sensor09→gatewayA;sensor10→gatewayC,12,fba66e5cdf8c
94,73,12,fba66e5cdf8c,sensor01→gatewayA;sensor01→gatewayC;sensor02→gatewayC;sensor03→gatewayC;sensor04→gatewayA;sensor04→gatewayC;sensor05→gatewayA;sensor06→gatewayA;sensor07→gatewayA;sensor08→gatewayA;sensor09→gatewayA;sensor10→gatewayC,12,1857c34ccaa1,sensor01→gatewayA;sensor01→gatewayB;sensor02→gatewayC;sensor03→gatewayC;sensor04→gatewayA;sensor04→gatewayC;sensor05→gatewayA;sensor06→gatewayA;sensor07→gatewayA;sensor08→gatewayA;sensor09→gatewayA;sensor10→gatewayC,12,fba66e5cdf8c
94,74,12,fba66e5cdf8c,sensor01→gatewayA;sensor01→gatewayC;sensor02→gatewayC;sensor03→gatewayC;sensor04→gatewayA;sensor04→gatewayC;sensor05→gatewayA;sensor06→gatewayA;sensor07→gatewayA;sensor08→gatewayA;sensor09→gatewayA;sensor10→gatewayC,12,1857c34ccaa1,sensor01→gatewayA;sensor01→gatewayB;sensor02→gatewayC;sensor03→gatewayC;sensor04→gatewayA;sensor04→gatewayC;sensor05→gatewayA;sensor06→gatewayA;sensor07→gatewayA;sensor08→gatewayA;sensor09→gatewayA;sensor10→gatewayC,12,fba66e5cdf8c
94,75,12,fba66e5cdf8c,sensor01→gatewayA;sensor01→gatewayC;sensor02→gatewayC;sensor03→gatewayC;sensor04→gatewayA;sensor04→gatewayC;sensor05→gatewayA;sensor06→gatewayA;sensor07→gatewayA;sensor08→gatewayA;sensor09→gatewayA;sensor10→gatewayC,12,1857c34ccaa1,sensor01→gatewayA;sensor01→gatewayB;sensor02→gatewayC;sensor03→gatewayC;sensor04→gatewayA;sensor04→gatewayC;sensor05→gatewayA;sensor06→gatewayA;sensor07→gatewayA;sensor08→gatewayA;sensor09→gatewayA;sensor10→gatewayC,12,fba66e5cdf8c
94,76,12,fba66e5cdf8c,sensor01→gatewayA;sensor01→gatewayC;sensor02→gatewayC;sensor03→gatewayC;sensor04→gatewayA;sensor04→gatewayC;sensor05→gatewayA;sensor06→gatewayA;sensor07→gatewayA;sensor08→gatewayA;sensor09→gatewayA;sensor10→gatewayC,12,1857c34ccaa1,sensor01→gatewayA;sensor01→gatewayB;sensor02→gatewayC;sensor03→gatewayC;sensor04→gatewayA;sensor04→gatewayC;sensor05→gatewayA;sensor06→gatewayA;sensor07→gatewayA;sensor08→gatewayA;sensor09→gatewayA;sensor10→gatewayC,12,fba66e5cdf8c
94,77,12,fba66e5cdf8c,sensor01→gatewayA;sensor01→gatewayC;sensor02→gatewayC;sensor03→gatewayC;sensor04→gatewayA;sensor04→gatewayC;sensor05→gatewayA;sensor06→gatewayA;sensor07→gatewayA;sensor08→gatewayA;sensor09→gatewayA;sensor10→gatewayC,12,1857c34ccaa1,sensor01→gatewayA;sensor01→gatewayB;sensor02→gatewayC;sensor03→gatewayC;sensor04→gatewayA;sensor04→gatewayC;sensor05→gatewayA;sensor06→gatewayA;sensor07→gatewayA;sensor08→gatewayA;sensor09→gatewayA;sensor10→gatewayC,12,fba66e5cdf8c
94,78,12,fba66e5cdf8c,sensor01→gatewayA;sensor01→gatewayC;sensor02→gatewayC;sensor03→gatewayC;sensor04→gatewayA;sensor04→gatewayC;sensor05→gatewayA;sensor06→gatewayA;sensor07→gatewayA;sensor08→gatewayA;sensor09→gatewayA;sensor10→gatewayC,12,1857c34ccaa1,sensor01→gatewayA;sensor01→gatewayB;sensor02→gatewayC;sensor03→gatewayC;sensor04→gatewayA;sensor04→gatewayC;sensor05→gatewayA;sensor06→gatewayA;sensor07→gatewayA;sensor08→gatewayA;sensor09→gatewayA;sensor10→gatewayC,12,fba66e5cdf8c
94,79,12,fba66e5cdf8c,sensor01→gatewayA;sensor01→gatewayC;sensor02→gatewayC;sensor03→gatewayC;sensor04→gatewayA;sensor04→gatewayC;sensor05→gatewayA;sensor06→gatewayA;sensor07→gatewayA;sensor08→gatewayA;sensor09→gatewayA;sensor10→gatewayC,12,1857c34ccaa1,sensor01→gatewayA;sensor01→gatewayB;sensor02→gatewayC;sensor03→gatewayC;sensor04→gatewayA;sensor04→gatewayC;sensor05→gatewayA;sensor06→gatewayA;sensor07→gatewayA;sensor08→gatewayA;sensor09→gatewayA;sensor10→gatewayC,12,fba66e5cdf8c
94,80,12,fba66e5cdf8c,sensor01→gatewayA;sensor01→gatewayC;sensor02→gatewayC;sensor03→gatewayC;sensor04→gatewayA;sensor04→gatewayC;sensor05→gatewayA;sensor06→gatewayA;sensor07→gatewayA;sensor08→gatewayA;sensor09→gatewayA;sensor10→gatewayC,12,1857c34ccaa1,sensor01→gatewayA;sensor01→gatewayB;sensor02→gatewayC;sensor03→gatewayC;sensor04→gatewayA;sensor04→gatewayC;sensor05→gatewayA;sensor06→gatewayA;sensor07→gatewayA;sensor08→gatewayA;sensor09→gatewayA;sensor10→gatewayC,12,fba66e5cdf8c
94,81,12,fba66e5cdf8c,sensor01→gatewayA;sensor01→gatewayC;sensor02→gatewayC;sensor03→gatewayC;sensor04→gatewayA;sensor04→gatewayC;sensor05→gatewayA;sensor06→gatewayA;sensor07→gatewayA;sensor08→gatewayA;sensor09→gatewayA;sensor10→gatewayC,12,1857c34ccaa1,sensor01→gatewayA;sensor01→gatewayB;sensor02→gatewayC;sensor03→gatewayC;sensor04→gatewayA;sensor04→gatewayC;sensor05→gatewayA;sensor06→gatewayA;sensor07→gatewayA;sensor08→gatewayA;sensor09→gatewayA;sensor10→gatewayC,12,fba66e5cdf8c
94,82,12,fba66e5cdf8c,sensor01→gatewayA;sensor01→gatewayC;sensor02→gatewayC;sensor03→gatewayC;sensor04→gatewayA;sensor04→gatewayC;sensor05→gatewayA;sensor06→gatewayA;sensor07→gatewayA;sensor08→gatewayA;sensor09→gatewayA;sensor10→gatewayC,12,1857c34ccaa1,sensor01→gatewayA;sensor01→gatewayB;sensor02→gatewayC;sensor03→gatewayC;sensor04→gatewayA;sensor04→gatewayC;sensor05→gatewayA;sensor06→gatewayA;sensor07→gatewayA;sensor08→gatewayA;sensor09→gatewayA;sensor10→gatewayC,12,fba66e5cdf8c
94,83,12,fba66e5cdf8c,sensor01→gatewayA;sensor01→gatewayC;sensor02→gatewayC;sensor03→gatewayC;sensor04→gatewayA;sensor04→gatewayC;sensor05→gatewayA;sensor06→gatewayA;sensor07→gatewayA;sensor08→gatewayA;sensor09→gatewayA;sensor10→gatewayC,12,1857c34ccaa1,sensor01→gatewayA;sensor01→gatewayB;sensor02→gatewayC;sensor03→gatewayC;sensor04→gatewayA;sensor04→gatewayC;sensor05→gatewayA;sensor06→gatewayA;sensor07→gatewayA;sensor08→gatewayA;sensor09→gatewayA;sensor10→gatewayC,12,fba66e5cdf8c
94,84,12,fba66e5cdf8c,sensor01→gatewayA;sensor01→gatewayC;sensor02→gatewayC;sensor03→gatewayC;sensor04→gatewayA;sensor04→gatewayC;sensor05→gatewayA;sensor06→gatewayA;sensor07→gatewayA;sensor08→gatewayA;sensor09→gatewayA;sensor10→gatewayC,12,1857c34ccaa1,sensor01→gatewayA;sensor01→gatewayB;sensor02→gatewayC;sensor03→gatewayC;sensor04→gatewayA;sensor04→gatewayC;sensor05→gatewayA;sensor06→gatewayA;sensor07→gatewayA;sensor08→gatewayA;sensor09→gatewayA;sensor10→gatewayC,12,fba66e5cdf8c
94,85,12,fba66e5cdf8c,sensor01→gatewayA;sensor01→gatewayC;sensor02→gatewayC;sensor03→gatewayC;sensor04→gatewayA;sensor04→gatewayC;sensor05→gatewayA;sensor06→gatewayA;sensor07→gatewayA;sensor08→gatewayA;sensor09→gatewayA;sensor10→gatewayC,12,1857c34ccaa1,sensor01→gatewayA;sensor01→gatewayB;sensor02→gatewayC;sensor03→gatewayC;sensor04→gatewayA;sensor04→gatewayC;sensor05→gatewayA;sensor06→gatewayA;sensor07→gatewayA;sensor08→gatewayA;sensor09→gatewayA;sensor10→gatewayC,12,fba66e5cdf8c
94,86,12,fba66e5cdf8c,sensor01→gatewayA;sensor01→gatewayC;sensor02→gatewayC;sensor03→gatewayC;sensor04→gatewayA;sensor04→gatewayC;sensor05→gatewayA;sensor06→gatewayA;sensor07→gatewayA;sensor08→gatewayA;sensor09→gatewayA;sensor10→gatewayC,12,1857c34ccaa1,sensor01→gatewayA;sensor01→gatewayB;sensor02→gatewayC;sensor03→gatewayC;sensor04→gatewayA;sensor04→gatewayC;sensor05→gatewayA;sensor06→gatewayA;sensor07→gatewayA;sensor08→gatewayA;sensor09→gatewayA;sensor10→gatewayC,12,fba66e5cdf8c
94,87,12,fba66e5cdf8c,sensor01→gatewayA;sensor01→gatewayC;sensor02→gatewayC;sensor03→gatewayC;sensor04→gatewayA;sensor04→gatewayC;sensor05→gatewayA;sensor06→gatewayA;sensor07→gatewayA;sensor08→gatewayA;sensor09→gatewayA;sensor10→gatewayC,12,1857c34ccaa1,sensor01→gatewayA;sensor01→gatewayB;sensor02→gatewayC;sensor03→gatewayC;sensor04→gatewayA;sensor04→gatewayC;sensor05→gatewayA;sensor06→gatewayA;sensor07→gatewayA;sensor08→gatewayA;sensor09→gatewayA;sensor10→gatewayC,12,fba66e5cdf8c
94,88,12,fba66e5cdf8c,sensor01→gatewayA;sensor01→gatewayC;sensor02→gatewayC;sensor03→gatewayC;sensor04→gatewayA;sensor04→gatewayC;sensor05→gatewayA;sensor06→gatewayA;sensor07→gatewayA;sensor08→gatewayA;sensor09→gatewayA;sensor10→gatewayC,12,1857c34ccaa1,sensor01→gatewayA;sensor01→gatewayB;sensor02→gatewayC;sensor03→gatewayC;sensor04→gatewayA;sensor04→gatewayC;sensor05→gatewayA;sensor06→gatewayA;sensor07→gatewayA;sensor08→gatewayA;sensor09→gatewayA;sensor10→gatewayC,12,fba66e5cdf8c
94,89,12,fba66e5cdf8c,sensor01→gatewayA;sensor01→gatewayC;sensor02→gatewayC;sensor03→gatewayC;sensor04→gatewayA;sensor04→gatewayC;sensor05→gatewayA;sensor06→gatewayA;sensor07→gatewayA;sensor08→gatewayA;sensor09→gatewayA;sensor10→gatewayC,12,1857c34ccaa1,sensor01→gatewayA;sensor01→gatewayB;sensor02→gatewayC;sensor03→gatewayC;sensor04→gatewayA;sensor04→gatewayC;sensor05→gatewayA;sensor06→gatewayA;sensor07→gatewayA;sensor08→gatewayA;sensor09→gatewayA;sensor10→gatewayC,12,fba66e5cdf8c
94,91,14,ba7836f47dfe,sensor01→gatewayA;sensor01→gatewayC;sensor02→gatewayC;sensor03→gatewayC;sensor04→gatewayA;sensor04→gatewayC;sensor05→gatewayA;sensor06→gatewayA;sensor07→gatewayA;sensor07→gatewayC;sensor08→gatewayA;sensor08→gatewayB;sensor09→gatewayA;sensor10→gatewayC,14,7d0409742162,sensor01→gatewayA;sensor01→gatewayC;sensor02→gatewayC;sensor03→gatewayC;sensor04→gatewayA;sensor04→gatewayC;sensor05→gatewayA;sensor06→gatewayA;sensor07→gatewayA;sensor07→gatewayB;sensor08→gatewayA;sensor08→gatewayB;sensor09→gatewayA;sensor10→gatewayC,14,ba7836f47dfe
94,92,14,ba7836f47dfe,sensor01→gatewayA;sensor01→gatewayC;sensor02→gatewayC;sensor03→gatewayC;sensor04→gatewayA;sensor04→gatewayC;sensor05→gatewayA;sensor06→gatewayA;sensor07→gatewayA;sensor07→gatewayC;sensor08→gatewayA;sensor08→gatewayB;sensor09→gatewayA;sensor10→gatewayC,14,7d0409742162,sensor01→gatewayA;sensor01→gatewayC;sensor02→gatewayC;sensor03→gatewayC;sensor04→gatewayA;sensor04→gatewayC;sensor05→gatewayA;sensor06→gatewayA;sensor07→gatewayA;sensor07→gatewayB;sensor08→gatewayA;sensor08→gatewayB;sensor09→gatewayA;sensor10→gatewayC,14,ba7836f47dfe
94,95,17,126ff9a6f407,sensor01→gatewayA;sensor01→gatewayC;sensor02→gatewayA;sensor02→gatewayC;sensor03→gatewayA;sensor03→gatewayC;sensor04→gatewayA;sensor04→gatewayC;sensor05→gatewayA;sensor05→gatewayC;sensor06→gatewayA;sensor07→gatewayA;sensor07→gatewayC;sensor08→gatewayA;sensor08→gatewayB;sensor09→gatewayA;sensor10→gatewayC,17,4deb1457865a,sensor01→gatewayA;sensor01→gatewayC;sensor02→gatewayA;sensor02→gatewayC;sensor03→gatewayA;sensor03→gatewayC;sensor04→gatewayA;sensor04→gatewayC;sensor05→gatewayA;sensor05→gatewayB;sensor06→gatewayA;sensor07→gatewayA;sensor07→gatewayC;sensor08→gatewayA;sensor08→gatewayB;sensor09→gatewayA;sensor10→gatewayC,17,126ff9a6f407
95,91,14,ba7836f47dfe,sensor01→gatewayA;sensor01→gatewayC;sensor02→gatewayC;sensor03→gatewayC;sensor04→gatewayA;sensor04→gatewayC;sensor05→gatewayA;sensor06→gatewayA;sensor07→gatewayA;sensor07→gatewayC;sensor08→gatewayA;sensor08→gatewayB;sensor09→gatewayA;sensor10→gatewayC,14,7d0409742162,sensor01→gatewayA;sensor01→gatewayC;sensor02→gatewayC;sensor03→gatewayC;sensor04→gatewayA;sensor04→gatewayC;sensor05→gatewayA;sensor06→gatewayA;sensor07→gatewayA;sensor07→gatewayB;sensor08→gatewayA;sensor08→gatewayB;sensor09→gatewayA;sensor10→gatewayC,14,ba7836f47dfe
95,92,14,ba7836f47dfe,sensor01→gatewayA;sensor01→gatewayC;sensor02→gatewayC;sensor03→gatewayC;sensor04→gatewayA;sensor04→gatewayC;sensor05→gatewayA;sensor06→gatewayA;sensor07→gatewayA;sensor07→gatewayC;sensor08→gatewayA;sensor08→gatewayB;sensor09→gatewayA;sensor10→gatewayC,14,7d0409742162,sensor01→gatewayA;sensor01→gatewayC;sensor02→gatewayC;sensor03→gatewayC;sensor04→gatewayA;sensor04→gatewayC;sensor05→gatewayA;sensor06→gatewayA;sensor07→gatewayA;sensor07→gatewayB;sensor08→gatewayA;sensor08→gatewayB;sensor09→gatewayA;sensor10→gatewayC,14,ba7836f47dfe
95,95,17,126ff9a6f407,sensor01→gatewayA;sensor01→gatewayC;sensor02→gatewayA;sensor02→gatewayC;sensor03→gatewayA;sensor03→gatewayC;sensor04→gatewayA;sensor04→gatewayC;sensor05→gatewayA;sensor05→gatewayC;sensor06→gatewayA;sensor07→gatewayA;sensor07→gatewayC;sensor08→gatewayA;sensor08→gatewayB;sensor09→gatewayA;sensor10→gatewayC,17,4deb1457865a,sensor01→gatewayA;sensor01→gatewayC;sensor02→gatewayA;sensor02→gatewayC;sensor03→gatewayA;sensor03→gatewayC;sensor04→gatewayA;sensor04→gatewayC;sensor05→gatewayA;sensor05→gatewayB;sensor06→gatewayA;sensor07→gatewayA;sensor07→gatewayC;sensor08→gatewayA;sensor08→gatewayB;sensor09→gatewayA;sensor10→gatewayC,17,126ff9a6f407
96,95,17,126ff9a6f407,sensor01→gatewayA;sensor01→gatewayC;sensor02→gatewayA;sensor02→gatewayC;sensor03→gatewayA;sensor03→gatewayC;sensor04→gatewayA;sensor04→gatewayC;sensor05→gatewayA;sensor05→gatewayC;sensor06→gatewayA;sensor07→gatewayA;sensor07→gatewayC;sensor08→gatewayA;sensor08→gatewayB;sensor09→gatewayA;sensor10→gatewayC,17,4deb1457865a,sensor01→gatewayA;sensor01→gatewayC;sensor02→gatewayA;sensor02→gatewayC;sensor03→gatewayA;sensor03→gatewayC;sensor04→gatewayA;sensor04→gatewayC;sensor05→gatewayA;sensor05→gatewayB;sensor06→gatewayA;sensor07→gatewayA;sensor07→gatewayC;sensor08→gatewayA;sensor08→gatewayB;sensor09→gatewayA;sensor10→gatewayC,17,126ff9a6f407
97,95,17,126ff9a6f407,sensor01→gatewayA;sensor01→gatewayC;sensor02→gatewayA;sensor02→gatewayC;sensor03→gatewayA;sensor03→gatewayC;sensor04→gatewayA;sensor04→gatewayC;sensor05→gatewayA;sensor05→gatewayC;sensor06→gatewayA;sensor07→gatewayA;sensor07→gatewayC;sensor08→gatewayA;sensor08→gatewayB;sensor09→gatewayA;sensor10→gatewayC,17,4deb1457865a,sensor01→gatewayA;sensor01→gatewayC;sensor02→gatewayA;sensor02→gatewayC;sensor03→gatewayA;sensor03→gatewayC;sensor04→gatewayA;sensor04→gatewayC;sensor05→gatewayA;sensor05→gatewayB;sensor06→gatewayA;sensor07→gatewayA;sensor07→gatewayC;sensor08→gatewayA;sensor08→gatewayB;sensor09→gatewayA;sensor10→gatewayC,17,126ff9a6f407
98,95,17,126ff9a6f407,sensor01→gatewayA;sensor01→gatewayC;sensor02→gatewayA;sensor02→gatewayC;sensor03→gatewayA;sensor03→gatewayC;sensor04→gatewayA;sensor04→gatewayC;sensor05→gatewayA;sensor05→gatewayC;sensor06→gatewayA;sensor07→gatewayA;sensor07→gatewayC;sensor08→gatewayA;sensor08→gatewayB;sensor09→gatewayA;sensor10→gatewayC,17,4deb1457865a,sensor01→gatewayA;sensor01→gatewayC;sensor02→gatewayA;sensor02→gatewayC;sensor03→gatewayA;sensor03→gatewayC;sensor04→gatewayA;sensor04→gatewayC;sensor05→gatewayA;sensor05→gatewayB;sensor06→gatewayA;sensor07→gatewayA;sensor07→gatewayC;sensor08→gatewayA;sensor08→gatewayB;sensor09→gatewayA;sensor10→gatewayC,17,126ff9a6f407
