P_min_pct,S_min_pct,method,n_links,selected_links,subset_hash,min_month_packet_coverage_pct,min_month_worst_sensor_coverage_pct,worst_packet_slack_pp,worst_sensor_slack_pp,months_meeting_packet_threshold,months_meeting_sensor_threshold,months_meeting_both_thresholds,mean_packet_shortfall_pp,mean_sensor_shortfall_pp,mean_month_packet_coverage_pct,mean_month_worst_sensor_coverage_pct
80,50,Proposed fairness greedy (lambda=1),10,sensor01→gatewayA;sensor02→gatewayC;sensor03→gatewayC;sensor04→gatewayA;sensor05→gatewayA;sensor06→gatewayA;sensor07→gatewayA;sensor08→gatewayA;sensor09→gatewayA;sensor10→gatewayC,d53238027e5c,68.10613204500537,17.333499005964214,-11.893867954994633,-32.666500994035786,15,16,15,0.7161678548939392,1.921558882002105,92.64450689912206,81.14330309886016
80,50,Multi-cover greedy,10,sensor01→gatewayA;sensor02→gatewayC;sensor03→gatewayC;sensor04→gatewayA;sensor05→gatewayA;sensor06→gatewayA;sensor07→gatewayA;sensor08→gatewayA;sensor09→gatewayA;sensor10→gatewayA,d708670db0b5,66.88799038921111,17.333499005964214,-13.112009610788888,-32.666500994035786,15,16,15,0.7878232464112483,1.921558882002105,92.53240863732839,81.14330309886016
80,51,Proposed fairness greedy (lambda=1),10,sensor01→gatewayA;sensor02→gatewayC;sensor03→gatewayC;sensor04→gatewayA;sensor05→gatewayA;sensor06→gatewayA;sensor07→gatewayA;sensor08→gatewayA;sensor09→gatewayA;sensor10→gatewayC,d53238027e5c,68.10613204500537,17.333499005964214,-11.893867954994633,-33.666500994035786,15,16,15,0.7161678548939392,1.9803824114138697,92.64450689912206,81.14330309886016
80,51,Multi-cover greedy,10,sensor01→gatewayA;sensor02→gatewayC;sensor03→gatewayC;sensor04→gatewayA;sensor05→gatewayA;sensor06→gatewayA;sensor07→gatewayA;sensor08→gatewayA;sensor09→gatewayA;sensor10→gatewayA,d708670db0b5,66.88799038921111,17.333499005964214,-13.112009610788888,-33.666500994035786,15,16,15,0.7878232464112483,1.9803824114138697,92.53240863732839,81.14330309886016
80,52,Proposed fairness greedy (lambda=1),10,sensor01→gatewayA;sensor02→gatewayC;sensor03→gatewayC;sensor04→gatewayA;sensor05→gatewayA;sensor06→gatewayA;sensor07→gatewayA;sensor08→gatewayA;sensor09→gatewayA;sensor10→gatewayC,d53238027e5c,68.10613204500537,17.333499005964214,-11.893867954994633,-34.666500994035786,15,16,15,0.7161678548939392,2.0392059408256347,92.64450689912206,81.14330309886016
80,52,Multi-cover greedy,10,sensor01→gatewayA;sensor02→gatewayC;sensor03→gatewayC;sensor04→gatewayA;sensor05→gatewayA;sensor06→gatewayA;sensor07→gatewayA;sensor08→gatewayA;sensor09→gatewayA;sensor10→gatewayA,d708670db0b5,66.88799038921111,17.333499005964214,-13.112009610788888,-34.666500994035786,15,16,15,0.7878232464112483,2.0392059408256347,92.53240863732839,81.14330309886016
80,53,Proposed fairness greedy (lambda=1),10,sensor01→gatewayA;sensor02→gatewayC;sensor03→gatewayC;sensor04→gatewayA;sensor05→gatewayA;sensor06→gatewayA;sensor07→gatewayA;sensor08→gatewayA;sensor09→gatewayA;sensor10→gatewayC,d53238027e5c,68.10613204500537,17.333499005964214,-11.893867954994633,-35.666500994035786,15,15,15,0.7161678548939392,2.153025534191361,92.64450689912206,81.14330309886016
80,53,Multi-cover greedy,10,sensor01→gatewayA;sensor02→gatewayC;sensor03→gatewayC;sensor04→gatewayA;sensor05→gatewayA;sensor06→gatewayA;sensor07→gatewayA;sensor08→gatewayA;sensor09→gatewayA;sensor10→gatewayA,d708670db0b5,66.88799038921111,17.333499005964214,-13.112009610788888,-35.666500994035786,15,15,15,0.7878232464112483,2.153025534191361,92.53240863732839,81.14330309886016
80,54,Proposed fairness greedy (lambda=1),10,sensor01→gatewayA;sensor02→gatewayC;sensor03→gatewayC;sensor04→gatewayA;sensor05→gatewayA;sensor06→gatewayA;sensor07→gatewayA;sensor08→gatewayA;sensor09→gatewayA;sensor10→gatewayC,d53238027e5c,68.10613204500537,17.333499005964214,-11.893867954994633,-36.666500994035786,15,15,15,0.7161678548939392,2.2706725930148903,92.64450689912206,81.14330309886016
80,54,Multi-cover greedy,10,sensor01→gatewayA;sensor02→gatewayC;sensor03→gatewayC;sensor04→gatewayA;sensor05→gatewayA;sensor06→gatewayA;sensor07→gatewayA;sensor08→gatewayA;sensor09→gatewayA;sensor10→gatewayA,d708670db0b5,66.88799038921111,17.333499005964214,-13.112009610788888,-36.666500994035786,15,15,15,0.7878232464112483,2.2706725930148903,92.53240863732839,81.14330309886016
80,55,Proposed fairness greedy (lambda=1),10,sensor01→gatewayA;sensor02→gatewayC;sensor03→gatewayC;sensor04→gatewayA;sensor05→gatewayA;sensor06→gatewayA;sensor07→gatewayA;sensor08→gatewayA;sensor09→gatewayA;sensor10→gatewayC,d53238027e5c,68.10613204500537,17.333499005964214,-11.893867954994633,-37.666500994035786,15,15,15,0.7161678548939392,2.3883196518384198,92.64450689912206,81.14330309886016
80,55,Multi-cover greedy,10,sensor01→gatewayA;sensor02→gatewayC;sensor03→gatewayC;sensor04→gatewayA;sensor05→gatewayA;sensor06→gatewayA;sensor07→gatewayA;sensor08→gatewayA;sensor09→gatewayA;sensor10→gatewayA,d708670db0b5,66.88799038921111,17.333499005964214,-13.112009610788888,-37.666500994035786,15,15,15,0.7878232464112483,2.3883196518384198,92.53240863732839,81.14330309886016
80,56,Proposed fairness greedy (lambda=1),10,sensor01→gatewayA;sensor02→gatewayC;sensor03→gatewayC;sensor04→gatewayA;sensor05→gatewayA;sensor06→gatewayA;sensor07→gatewayA;sensor08→gatewayA;sensor09→gatewayA;sensor10→gatewayC,d53238027e5c,68.10613204500537,17.333499005964214,-11.893867954994633,-38.666500994035786,15,15,15,0.7161678548939392,2.505966710661949,92.64450689912206,81.14330309886016
80,56,Multi-cover greedy,10,sensor01→gatewayA;sensor02→gatewayC;sensor03→gatewayC;sensor04→gatewayA;sensor05→gatewayA;sensor06→gatewayA;sensor07→gatewayA;sensor08→gatewayA;sensor09→gatewayA;sensor10→gatewayA,d708670db0b5,66.88799038921111,17.333499005964214,-13.112009610788888,-38.666500994035786,15,15,15,0.7878232464112483,2.505966710661949,92.53240863732839,81.14330309886016
80,57,Proposed fairness greedy (lambda=1),10,sensor01→gatewayA;sensor02→gatewayC;sensor03→gatewayC;sensor04→gatewayA;sensor05→gatewayA;sensor06→gatewayA;sensor07→gatewayA;sensor08→gatewayA;sensor09→gatewayA;sensor10→gatewayC,d53238027e5c,68.10613204500537,17.333499005964214,-11.893867954994633,-39.666500994035786,15,15,15,0.7161678548939392,2.6236137694854786,92.64450689912206,81.14330309886016
80,57,Multi-cover greedy,10,sensor01→gatewayA;sensor02→gatewayC;sensor03→gatewayC;sensor04→gatewayA;sensor05→gatewayA;sensor06→gatewayA;sensor07→gatewayA;sensor08→gatewayA;sensor09→gatewayA;sensor10→gatewayA,d708670db0b5,66.88799038921111,17.333499005964214,-13.112009610788888,-39.666500994035786,15,15,15,0.7878232464112483,2.6236137694854786,92.53240863732839,81.14330309886016
80,58,Proposed fairness greedy (lambda=1),10,sensor01→gatewayA;sensor02→gatewayC;sensor03→gatewayC;sensor04→gatewayA;sensor05→gatewayA;sensor06→gatewayA;sensor07→gatewayA;sensor08→gatewayA;sensor09→gatewayA;sensor10→gatewayC,d53238027e5c,68.10613204500537,17.333499005964214,-11.893867954994633,-40.666500994035786,15,15,15,0.7161678548939392,2.741260828309008,92.64450689912206,81.14330309886016
80,58,Multi-cover greedy,10,sensor01→gatewayA;sensor02→gatewayC;sensor03→gatewayC;sensor04→gatewayA;sensor05→gatewayA;sensor06→gatewayA;sensor07→gatewayA;sensor08→gatewayA;sensor09→gatewayA;sensor10→gatewayA,d708670db0b5,66.88799038921111,17.333499005964214,-13.112009610788888,-40.666500994035786,15,15,15,0.7878232464112483,2.741260828309008,92.53240863732839,81.14330309886016
80,59,Proposed fairness greedy (lambda=1),10,sensor01→gatewayA;sensor02→gatewayC;sensor03→gatewayC;sensor04→gatewayA;sensor05→gatewayA;sensor06→gatewayA;sensor07→gatewayA;sensor08→gatewayA;sensor09→gatewayA;sensor10→gatewayC,d53238027e5c,68.10613204500537,17.333499005964214,-11.893867954994633,-41.666500994035786,15,15,15,0.7161678548939392,2.8589078871325375,92.64450689912206,81.14330309886016
80,59,Multi-cover greedy,10,sensor01→gatewayA;sensor02→gatewayC;sensor03→gatewayC;sensor04→gatewayA;sensor05→gatewayA;sensor06→gatewayA;sensor07→gatewayA;sensor08→gatewayA;sensor09→gatewayA;sensor10→gatewayA,d708670db0b5,66.88799038921111,17.333499005964214,-13.112009610788888,-41.666500994035786,15,15,15,0.7878232464112483,2.8589078871325375,92.53240863732839,81.14330309886016
80,60,Proposed fairness greedy (lambda=1),10,sensor01→gatewayA;sensor02→gatewayC;sensor03→gatewayC;sensor04→gatewayA;sensor05→gatewayA;sensor06→gatewayA;sensor07→gatewayA;sensor08→gatewayA;sensor09→gatewayA;sensor10→gatewayC,d53238027e5c,68.10613204500537,17.333499005964214,-11.893867954994633,-42.666500994035786,15,15,15,0.7161678548939392,2.976554945956067,92.64450689912206,81.14330309886016
80,60,Multi-cover greedy,10,sensor01→gatewayA;sensor02→gatewayC;sensor03→gatewayC;sensor04→gatewayA;sensor05→gatewayA;sensor06→gatewayA;sensor07→gatewayA;sensor08→gatewayA;sensor09→gatewayA;sensor10→gatewayA,d708670db0b5,66.88799038921111,17.333499005964214,-13.112009610788888,-42.666500994035786,15,15,15,0.7878232464112483,2.976554945956067,92.53240863732839,81.14330309886016
80,61,Proposed fairness greedy (lambda=1),10,sensor01→gatewayA;sensor02→gatewayC;sensor03→gatewayC;sensor04→gatewayA;sensor05→gatewayA;sensor06→gatewayA;sensor07→gatewayA;sensor08→gatewayA;sensor09→gatewayA;sensor10→gatewayC,d53238027e5c,68.10613204500537,17.333499005964214,-11.893867954994633,-43.666500994035786,15,15,15,0.7161678548939392,3.0942020047795964,92.64450689912206,81.14330309886016
80,61,Multi-cover greedy,10,sensor01→gatewayA;sensor02→gatewayC;sensor03→gatewayC;sensor04→gatewayA;sensor05→gatewayA;sensor06→gatewayA;sensor07→gatewayA;sensor08→gatewayA;sensor09→gatewayA;sensor10→gatewayA,d708670db0b5,66.88799038921111,17.333499005964214,-13.112009610788888,-43.666500994035786,15,15,15,0.7878232464112483,3.0942020047795964,92.53240863732839,81.14330309886016
80,62,Proposed fairness greedy (lambda=1),10,sensor01→gatewayA;sensor02→gatewayC;sensor03→gatewayC;sensor04→gatewayA;sensor05→gatewayA;sensor06→gatewayA;sensor07→gatewayA;sensor08→gatewayA;sensor09→gatewayA;sensor10→gatewayC,d53238027e5c,68.10613204500537,17.333499005964214,-11.893867954994633,-44.666500994035786,15,15,15,0.7161678548939392,3.211849063603126,92.64450689912206,81.14330309886016
80,62,Multi-cover greedy,10,sensor01→gatewayA;sensor02→gatewayC;sensor03→gatewayC;sensor04→gatewayA;sensor05→gatewayA;sensor06→gatewayA;sensor07→gatewayA;sensor08→gatewayA;sensor09→gatewayA;sensor10→gatewayA,d708670db0b5,66.88799038921111,17.333499005964214,-13.112009610788888,-44.666500994035786,15,15,15,0.7878232464112483,3.211849063603126,92.53240863732839,81.14330309886016
80,63,Proposed fairness greedy (lambda=1),10,sensor01→gatewayA;sensor02→gatewayC;sensor03→gatewayC;sensor04→gatewayA;sensor05→gatewayA;sensor06→gatewayA;sensor07→gatewayA;sensor08→gatewayA;sensor09→gatewayA;sensor10→gatewayC,d53238027e5c,68.10613204500537,17.333499005964214,-11.893867954994633,-45.666500994035786,15,15,15,0.7161678548939392,3.3294961224266553,92.64450689912206,81.14330309886016
80,63,Multi-cover greedy,10,sensor01→gatewayA;sensor02→gatewayC;sensor03→gatewayC;sensor04→gatewayA;sensor05→gatewayA;sensor06→gatewayA;sensor07→gatewayA;sensor08→gatewayA;sensor09→gatewayA;sensor10→gatewayA,d708670db0b5,66.88799038921111,17.333499005964214,-13.112009610788888,-45.666500994035786,15,15,15,0.7878232464112483,3.3294961224266553,92.53240863732839,81.14330309886016
80,64,Proposed fairness greedy (lambda=1),10,sensor01→gatewayA;sensor02→gatewayC;sensor03→gatewayC;sensor04→gatewayA;sensor05→gatewayA;sensor06→gatewayA;sensor07→gatewayA;sensor08→gatewayA;sensor09→gatewayA;sensor10→gatewayC,d53238027e5c,68.10613204500537,17.333499005964214,-11.893867954994633,-46.666500994035786,15,15,15,0.7161678548939392,3.4471431812501847,92.64450689912206,81.14330309886016
80,64,Multi-cover greedy,10,sensor01→gatewayA;sensor02→gatewayC;sensor03→gatewayC;sensor04→gatewayA;sensor05→gatewayA;sensor06→gatewayA;sensor07→gatewayA;sensor08→gatewayA;sensor09→gatewayA;sensor10→gatewayA,d708670db0b5,66.88799038921111,17.333499005964214,-13.112009610788888,-46.666500994035786,15,15,15,0.7878232464112483,3.4471431812501847,92.53240863732839,81.14330309886016
80,65,Proposed fairness greedy (lambda=1),10,sensor01→gatewayA;sensor02→gatewayC;sensor03→gatewayC;sensor04→gatewayA;sensor05→gatewayA;sensor06→gatewayA;sensor07→gatewayA;sensor08→gatewayA;sensor09→gatewayA;sensor10→gatewayC,d53238027e5c,68.10613204500537,17.333499005964214,-11.893867954994633,-47.666500994035786,15,15,15,0.7161678548939392,3.564790240073714,92.64450689912206,81.14330309886016
80,65,Multi-cover greedy,10,sensor01→gatewayA;sensor02→gatewayC;sensor03→gatewayC;sensor04→gatewayA;sensor05→gatewayA;sensor06→gatewayA;sensor07→gatewayA;sensor08→gatewayA;sensor09→gatewayA;sensor10→gatewayA,d708670db0b5,66.88799038921111,17.333499005964214,-13.112009610788888,-47.666500994035786,15,15,15,0.7878232464112483,3.564790240073714,92.53240863732839,81.14330309886016
80,66,Proposed fairness greedy (lambda=1),10,sensor01→gatewayA;sensor02→gatewayC;sensor03→gatewayC;sensor04→gatewayA;sensor05→gatewayA;sensor06→gatewayA;sensor07→gatewayA;sensor08→gatewayA;sensor09→gatewayA;sensor10→gatewayC,d53238027e5c,68.10613204500537,17.333499005964214,-11.893867954994633,-48.666500994035786,15,15,15,0.7161678548939392,3.6824372988972436,92.64450689912206,81.14330309886016
80,66,Multi-cover greedy,10,sensor01→gatewayA;sensor02→gatewayC;sensor03→gatewayC;sensor04→gatewayA;sensor05→gatewayA;sensor06→gatewayA;sensor07→gatewayA;sensor08→gatewayA;sensor09→gatewayA;sensor10→gatewayA,d708670db0b5,66.88799038921111,17.333499005964214,-13.112009610788888,-48.666500994035786,15,15,15,0.7878232464112483,3.6824372988972436,92.53240863732839,81.14330309886016
80,67,Proposed fairness greedy (lambda=1),10,sensor01→gatewayA;sensor02→gatewayC;sensor03→gatewayC;sensor04→gatewayA;sensor05→gatewayA;sensor06→gatewayA;sensor07→gatewayA;sensor08→gatewayA;sensor09→gatewayA;sensor10→gatewayC,d53238027e5c,68.10613204500537,17.333499005964214,-11.893867954994633,-49.666500994035786,15,15,15,0.7161678548939392,3.8000843577207726,92.64450689912206,81.14330309886016
80,67,Multi-cover greedy,10,sensor01→gatewayA;sensor02→gatewayC;sensor03→gatewayC;sensor04→gatewayA;sensor05→gatewayA;sensor06→gatewayA;sensor07→gatewayA;sensor08→gatewayA;sensor09→gatewayA;sensor10→gatewayA,d708670db0b5,66.88799038921111,17.333499005964214,-13.112009610788888,-49.666500994035786,15,15,15,0.7878232464112483,3.8000843577207726,92.53240863732839,81.14330309886016
80,68,Proposed fairness greedy (lambda=1),10,sensor01→gatewayA;sensor02→gatewayC;sensor03→gatewayC;sensor04→gatewayA;sensor05→gatewayA;sensor06→gatewayA;sensor07→gatewayA;sensor08→gatewayA;sensor09→gatewayA;sensor10→gatewayC,d53238027e5c,68.10613204500537,17.333499005964214,-11.893867954994633,-50.666500994035786,15,15,15,0.7161678548939392,3.917731416544302,92.64450689912206,81.14330309886016
80,68,Multi-cover greedy,10,sensor01→gatewayA;sensor02→gatewayC;sensor03→gatewayC;sensor04→gatewayA;sensor05→gatewayA;sensor06→gatewayA;sensor07→gatewayA;sensor08→gatewayA;sensor09→gatewayA;sensor10→gatewayA,d708670db0b5,66.88799038921111,17.333499005964214,-13.112009610788888,-50.666500994035786,15,15,15,0.7878232464112483,3.917731416544302,92.53240863732839,81.14330309886016
80,69,Proposed fairness greedy (lambda=1),10,sensor01→gatewayA;sensor02→gatewayC;sensor03→gatewayC;sensor04→gatewayA;sensor05→gatewayA;sensor06→gatewayA;sensor07→gatewayA;sensor08→gatewayA;sensor09→gatewayA;sensor10→gatewayC,d53238027e5c,68.10613204500537,17.333499005964214,-11.893867954994633,-51.666500994035786,15,15,15,0.7161678548939392,4.035378475367831,92.64450689912206,81.14330309886016
80,69,Multi-cover greedy,10,sensor01→gatewayA;sensor02→gatewayC;sensor03→gatewayC;sensor04→gatewayA;sensor05→gatewayA;sensor06→gatewayA;sensor07→gatewayA;sensor08→gatewayA;sensor09→gatewayA;sensor10→gatewayA,d708670db0b5,66.88799038921111,17.333499005964214,-13.112009610788888,-51.666500994035786,15,15,15,0.7878232464112483,4.035378475367831,92.53240863732839,81.14330309886016
80,70,Proposed fairness greedy (lambda=1),10,sensor01→gatewayA;sensor02→gatewayC;sensor03→gatewayC;sensor04→gatewayA;sensor05→gatewayA;sensor06→gatewayA;sensor07→gatewayA;sensor08→gatewayA;sensor09→gatewayA;sensor10→gatewayC,d53238027e5c,68.10613204500537,17.333499005964214,-11.893867954994633,-52.666500994035786,15,15,15,0.7161678548939392,4.153025534191361,92.64450689912206,81.14330309886016
80,70,Multi-cover greedy,10,sensor01→gatewayA;sensor02→gatewayC;sensor03→gatewayC;sensor04→gatewayA;sensor05→gatewayA;sensor06→gatewayA;sensor07→gatewayA;sensor08→gatewayA;sensor09→gatewayA;sensor10→gatewayA,d708670db0b5,66.88799038921111,17.333499005964214,-13.112009610788888,-52.666500994035786,15,15,15,0.7878232464112483,4.153025534191361,92.53240863732839,81.14330309886016
80,71,Proposed fairness greedy (lambda=1),10,sensor01→gatewayA;sensor02→gatewayC;sensor03→gatewayC;sensor04→gatewayA;sensor05→gatewayA;sensor06→gatewayA;sensor07→gatewayA;sensor08→gatewayA;sensor09→gatewayA;sensor10→gatewayC,d53238027e5c,68.10613204500537,17.333499005964214,-11.893867954994633,-53.666500994035786,15,15,15,0.7161678548939392,4.27067259301489,92.64450689912206,81.14330309886016
80,71,Multi-cover greedy,10,sensor01→gatewayA;sensor02→gatewayC;sensor03→gatewayC;sensor04→gatewayA;sensor05→gatewayA;sensor06→gatewayA;sensor07→gatewayA;sensor08→gatewayA;sensor09→gatewayA;sensor10→gatewayA,d708670db0b5,66.88799038921111,17.333499005964214,-13.112009610788888,-53.666500994035786,15,15,15,0.7878232464112483,4.27067259301489,92.53240863732839,81.14330309886016
80,72,Proposed fairness greedy (lambda=1),10,sensor01→gatewayA;sensor02→gatewayC;sensor03→gatewayC;sensor04→gatewayA;sensor05→gatewayA;sensor06→gatewayA;sensor07→gatewayA;sensor08→gatewayA;sensor09→gatewayA;sensor10→gatewayC,d53238027e5c,68.10613204500537,17.333499005964214,-11.893867954994633,-54.666500994035786,15,15,15,0.7161678548939392,4.38831965183842,92.64450689912206,81.14330309886016
80,72,Multi-cover greedy,10,sensor01→gatewayA;sensor02→gatewayC;sensor03→gatewayC;sensor04→gatewayA;sensor05→gatewayA;sensor06→gatewayA;sensor07→gatewayA;sensor08→gatewayA;sensor09→gatewayA;sensor10→gatewayA,d708670db0b5,66.88799038921111,17.333499005964214,-13.112009610788888,-54.666500994035786,15,15,15,0.7878232464112483,4.38831965183842,92.53240863732839,81.14330309886016
80,73,Proposed fairness greedy (lambda=1),10,sensor01→gatewayA;sensor02→gatewayC;sensor03→gatewayC;sensor04→gatewayA;sensor05→gatewayA;sensor06→gatewayA;sensor07→gatewayA;sensor08→gatewayA;sensor09→gatewayA;sensor10→gatewayC,d53238027e5c,68.10613204500537,17.333499005964214,-11.893867954994633,-55.666500994035786,15,15,15,0.7161678548939392,4.505966710661949,92.64450689912206,81.14330309886016
80,73,Multi-cover greedy,10,sensor01→gatewayA;sensor02→gatewayC;sensor03→gatewayC;sensor04→gatewayA;sensor05→gatewayA;sensor06→gatewayA;sensor07→gatewayA;sensor08→gatewayA;sensor09→gatewayA;sensor10→gatewayA,d708670db0b5,66.88799038921111,17.333499005964214,-13.112009610788888,-55.666500994035786,15,15,15,0.7878232464112483,4.505966710661949,92.53240863732839,81.14330309886016
80,74,Proposed fairness greedy (lambda=1),10,sensor01→gatewayA;sensor02→gatewayC;sensor03→gatewayC;sensor04→gatewayA;sensor05→gatewayA;sensor06→gatewayA;sensor07→gatewayA;sensor08→gatewayA;sensor09→gatewayA;sensor10→gatewayC,d53238027e5c,68.10613204500537,17.333499005964214,-11.893867954994633,-56.666500994035786,15,15,15,0.7161678548939392,4.623613769485479,92.64450689912206,81.14330309886016
80,74,Multi-cover greedy,10,sensor01→gatewayA;sensor02→gatewayC;sensor03→gatewayC;sensor04→gatewayA;sensor05→gatewayA;sensor06→gatewayA;sensor07→gatewayA;sensor08→gatewayA;sensor09→gatewayA;sensor10→gatewayA,d708670db0b5,66.88799038921111,17.333499005964214,-13.112009610788888,-56.666500994035786,15,15,15,0.7878232464112483,4.623613769485479,92.53240863732839,81.14330309886016
80,75,Proposed fairness greedy (lambda=1),10,sensor01→gatewayA;sensor02→gatewayC;sensor03→gatewayC;sensor04→gatewayA;sensor05→gatewayA;sensor06→gatewayA;sensor07→gatewayA;sensor08→gatewayA;sensor09→gatewayA;sensor10→gatewayC,d53238027e5c,68.10613204500537,17.333499005964214,-11.893867954994633,-57.666500994035786,15,15,15,0.7161678548939392,4.741260828309008,92.64450689912206,81.14330309886016
80,75,Multi-cover greedy,10,sensor01→gatewayA;sensor02→gatewayC;sensor03→gatewayC;sensor04→gatewayA;sensor05→gatewayA;sensor06→gatewayA;sensor07→gatewayA;sensor08→gatewayA;sensor09→gatewayA;sensor10→gatewayA,d708670db0b5,66.88799038921111,17.333499005964214,-13.112009610788888,-57.666500994035786,15,15,15,0.7878232464112483,4.741260828309008,92.53240863732839,81.14330309886016
80,76,Proposed fairness greedy (lambda=1),10,sensor01→gatewayA;sensor02→gatewayC;sensor03→gatewayC;sensor04→gatewayA;sensor05→gatewayA;sensor06→gatewayA;sensor07→gatewayA;sensor08→gatewayA;sensor09→gatewayA;sensor10→gatewayC,d53238027e5c,68.10613204500537,17.333499005964214,-11.893867954994633,-58.666500994035786,15,15,15,0.7161678548939392,4.8589078871325375,92.64450689912206,81.14330309886016
80,76,Multi-cover greedy,10,sensor01→gatewayA;sensor02→gatewayC;sensor03→gatewayC;sensor04→gatewayA;sensor05→gatewayA;sensor06→gatewayA;sensor07→gatewayA;sensor08→gatewayA;sensor09→gatewayA;sensor10→gatewayA,d708670db0b5,66.88799038921111,17.333499005964214,-13.112009610788888,-58.666500994035786,15,15,15,0.7878232464112483,4.8589078871325375,92.53240863732839,81.14330309886016
80,77,Proposed fairness greedy (lambda=1),10,sensor01→gatewayA;sensor02→gatewayC;sensor03→gatewayC;sensor04→gatewayA;sensor05→gatewayA;sensor06→gatewayA;sensor07→gatewayA;sensor08→gatewayA;sensor09→gatewayA;sensor10→gatewayC,d53238027e5c,68.10613204500537,17.333499005964214,-11.893867954994633,-59.666500994035786,15,15,15,0.7161678548939392,4.9765549459560665,92.64450689912206,81.14330309886016
80,77,Multi-cover greedy,10,sensor01→gatewayA;sensor02→gatewayC;sensor03→gatewayC;sensor04→gatewayA;sensor05→gatewayA;sensor06→gatewayA;sensor07→gatewayA;sensor08→gatewayA;sensor09→gatewayA;sensor10→gatewayA,d708670db0b5,66.88799038921111,17.333499005964214,-13.112009610788888,-59.666500994035786,15,15,15,0.7878232464112483,4.9765549459560665,92.53240863732839,81.14330309886016
80,89,Proposed fairness greedy (lambda=1),12,sensor01→gatewayA;sensor01→gatewayC;sensor02→gatewayC;sensor03→gatewayC;sensor04→gatewayA;sensor04→gatewayC;sensor05→gatewayA;sensor06→gatewayA;sensor07→gatewayA;sensor08→gatewayA;sensor09→gatewayA;sensor10→gatewayC,fba66e5cdf8c,78.5242788678904,17.333499005964214,-1.475721132109598,-71.66650099403579,16,12,12,0.08680712541821164,6.64206402885783,95.30868439399289,84.31997339445302
80,89,Multi-cover greedy,12,sensor01→gatewayA;sensor01→gatewayB;sensor02→gatewayC;sensor03→gatewayC;sensor04→gatewayA;sensor04→gatewayC;sensor05→gatewayA;sensor06→gatewayA;sensor07→gatewayA;sensor08→gatewayA;sensor09→gatewayA;sensor10→gatewayC,1857c34ccaa1,74.07283014480772,17.333499005964214,-5.927169855192275,-71.66650099403579,16,8,8,0.348657050305428,7.0949621683777915,94.15400091545355,82.67847276683732
80,91,Proposed fairness greedy (lambda=1),14,sensor01→gatewayA;sensor01→gatewayC;sensor02→gatewayC;sensor03→gatewayC;sensor04→gatewayA;sensor04→gatewayC;sensor05→gatewayA;sensor06→gatewayA;sensor07→gatewayA;sensor07→gatewayC;sensor08→gatewayA;sensor08→gatewayB;sensor09→gatewayA;sensor10→gatewayC,ba7836f47dfe,81.05742110584855,17.333499005964214,1.0574211058485474,-73.66650099403579,17,14,14,0.0,6.483755642410328,97.23834709357982,89.23134868455652
80,91,Multi-cover greedy,14,sensor01→gatewayA;sensor01→gatewayC;sensor02→gatewayC;sensor03→gatewayC;sensor04→gatewayA;sensor04→gatewayC;sensor05→gatewayA;sensor06→gatewayA;sensor07→gatewayA;sensor07→gatewayB;sensor08→gatewayA;sensor08→gatewayB;sensor09→gatewayA;sensor10→gatewayC,7d0409742162,80.99223032302699,17.333499005964214,0.9922303230269875,-73.66650099403579,17,11,11,0.0,7.005931362090352,96.43474975762871,86.58389421375502
80,92,Proposed fairness greedy (lambda=1),14,sensor01→gatewayA;sensor01→gatewayC;sensor02→gatewayC;sensor03→gatewayC;sensor04→gatewayA;sensor04→gatewayC;sensor05→gatewayA;sensor06→gatewayA;sensor07→gatewayA;sensor07→gatewayC;sensor08→gatewayA;sensor08→gatewayB;sensor09→gatewayA;sensor10→gatewayC,ba7836f47dfe,81.05742110584855,17.333499005964214,1.0574211058485474,-74.66650099403579,17,14,14,0.0,6.660226230645622,97.23834709357982,89.23134868455652
80,92,Multi-cover greedy,14,sensor01→gatewayA;sensor01→gatewayC;sensor02→gatewayC;sensor03→gatewayC;sensor04→gatewayA;sensor04→gatewayC;sensor05→gatewayA;sensor06→gatewayA;sensor07→gatewayA;sensor07→gatewayB;sensor08→gatewayA;sensor08→gatewayB;sensor09→gatewayA;sensor10→gatewayC,7d0409742162,80.99223032302699,17.333499005964214,0.9922303230269875,-74.66650099403579,17,10,10,0.0,7.417269307087821,96.43474975762871,86.58389421375502
80,95,Proposed fairness greedy (lambda=1),17,sensor01→gatewayA;sensor01→gatewayC;sensor02→gatewayA;sensor02→gatewayC;sensor03→gatewayA;sensor03→gatewayC;sensor04→gatewayA;sensor04→gatewayC;sensor05→gatewayA;sensor05→gatewayC;sensor06→gatewayA;sensor07→gatewayA;sensor07→gatewayC;sensor08→gatewayA;sensor08→gatewayB;sensor09→gatewayA;sensor10→gatewayC,126ff9a6f407,92.6020177489569,60.10386612810156,12.602017748956897,-34.89613387189844,17,15,15,0.0,2.0666735145595405,99.1281265199174,94.76426136423231
80,95,Multi-cover greedy,17,sensor01→gatewayA;sensor01→gatewayC;sensor02→gatewayA;sensor02→gatewayC;sensor03→gatewayA;sensor03→gatewayC;sensor04→gatewayA;sensor04→gatewayC;sensor05→gatewayA;sensor05→gatewayB;sensor06→gatewayA;sensor07→gatewayA;sensor07→gatewayC;sensor08→gatewayA;sensor08→gatewayB;sensor09→gatewayA;sensor10→gatewayC,4deb1457865a,88.66211101494581,60.10386612810156,8.662111014945808,-34.89613387189844,17,15,15,0.0,2.0666735145595405,98.62758524078373,94.41404901090611
81,50,Proposed fairness greedy (lambda=1),10,sensor01→gatewayA;sensor02→gatewayC;sensor03→gatewayC;sensor04→gatewayA;sensor05→gatewayA;sensor06→gatewayA;sensor07→gatewayA;sensor08→gatewayA;sensor09→gatewayA;sensor10→gatewayC,d53238027e5c,68.10613204500537,17.333499005964214,-12.893867954994633,-32.666500994035786,15,16,15,0.8338149137174686,1.921558882002105,92.64450689912206,81.14330309886016
81,50,Multi-cover greedy,10,sensor01→gatewayA;sensor02→gatewayC;sensor03→gatewayC;sensor04→gatewayA;sensor05→gatewayA;sensor06→gatewayA;sensor07→gatewayA;sensor08→gatewayA;sensor09→gatewayA;sensor10→gatewayA,d708670db0b5,66.88799038921111,17.333499005964214,-14.112009610788888,-32.666500994035786,15,16,15,0.9054703052347778,1.921558882002105,92.53240863732839,81.14330309886016
81,51,Proposed fairness greedy (lambda=1),10,sensor01→gatewayA;sensor02→gatewayC;sensor03→gatewayC;sensor04→gatewayA;sensor05→gatewayA;sensor06→gatewayA;sensor07→gatewayA;sensor08→gatewayA;sensor09→gatewayA;sensor10→gatewayC,d53238027e5c,68.10613204500537,17.333499005964214,-12.893867954994633,-33.666500994035786,15,16,15,0.8338149137174686,1.9803824114138697,92.64450689912206,81.14330309886016
81,51,Multi-cover greedy,10,sensor01→gatewayA;sensor02→gatewayC;sensor03→gatewayC;sensor04→gatewayA;sensor05→gatewayA;sensor06→gatewayA;sensor07→gatewayA;sensor08→gatewayA;sensor09→gatewayA;sensor10→gatewayA,d708670db0b5,66.88799038921111,17.333499005964214,-14.112009610788888,-33.666500994035786,15,16,15,0.9054703052347778,1.9803824114138697,92.53240863732839,81.14330309886016
81,52,Proposed fairness greedy (lambda=1),10,sensor01→gatewayA;sensor02→gatewayC;sensor03→gatewayC;sensor04→gatewayA;sensor05→gatewayA;sensor06→gatewayA;sensor07→gatewayA;sensor08→gatewayA;sensor09→gatewayA;sensor10→gatewayC,d53238027e5c,68.10613204500537,17.333499005964214,-12.893867954994633,-34.666500994035786,15,16,15,0.8338149137174686,2.0392059408256347,92.64450689912206,81.14330309886016
81,52,Multi-cover greedy,10,sensor01→gatewayA;sensor02→gatewayC;sensor03→gatewayC;sensor04→gatewayA;sensor05→gatewayA;sensor06→gatewayA;sensor07→gatewayA;sensor08→gatewayA;sensor09→gatewayA;sensor10→gatewayA,d708670db0b5,66.88799038921111,17.333499005964214,-14.112009610788888,-34.666500994035786,15,16,15,0.9054703052347778,2.0392059408256347,92.53240863732839,81.14330309886016
81,53,Proposed fairness greedy (lambda=1),10,sensor01→gatewayA;sensor02→gatewayC;sensor03→gatewayC;sensor04→gatewayA;sensor05→gatewayA;sensor06→gatewayA;sensor07→gatewayA;sensor08→gatewayA;sensor09→gatewayA;sensor10→gatewayC,d53238027e5c,68.10613204500537,17.333499005964214,-12.893867954994633,-35.666500994035786,15,15,15,0.8338149137174686,2.153025534191361,92.64450689912206,81.14330309886016
81,53,Multi-cover greedy,10,sensor01→gatewayA;sensor02→gatewayC;sensor03→gatewayC;sensor04→gatewayA;sensor05→gatewayA;sensor06→gatewayA;sensor07→gatewayA;sensor08→gatewayA;sensor09→gatewayA;sensor10→gatewayA,d708670db0b5,66.88799038921111,17.333499005964214,-14.112009610788888,-35.666500994035786,15,15,15,0.9054703052347778,2.153025534191361,92.53240863732839,81.14330309886016
81,54,Proposed fairness greedy (lambda=1),10,sensor01→gatewayA;sensor02→gatewayC;sensor03→gatewayC;sensor04→gatewayA;sensor05→gatewayA;sensor06→gatewayA;sensor07→gatewayA;sensor08→gatewayA;sensor09→gatewayA;sensor10→gatewayC,d53238027e5c,68.10613204500537,17.333499005964214,-12.893867954994633,-36.666500994035786,15,15,15,0.8338149137174686,2.2706725930148903,92.64450689912206,81.14330309886016
81,54,Multi-cover greedy,10,sensor01→gatewayA;sensor02→gatewayC;sensor03→gatewayC;sensor04→gatewayA;sensor05→gatewayA;sensor06→gatewayA;sensor07→gatewayA;sensor08→gatewayA;sensor09→gatewayA;sensor10→gatewayA,d708670db0b5,66.88799038921111,17.333499005964214,-14.112009610788888,-36.666500994035786,15,15,15,0.9054703052347778,2.2706725930148903,92.53240863732839,81.14330309886016
81,55,Proposed fairness greedy (lambda=1),10,sensor01→gatewayA;sensor02→gatewayC;sensor03→gatewayC;sensor04→gatewayA;sensor05→gatewayA;sensor06→gatewayA;sensor07→gatewayA;sensor08→gatewayA;sensor09→gatewayA;sensor10→gatewayC,d53238027e5c,68.10613204500537,17.333499005964214,-12.893867954994633,-37.666500994035786,15,15,15,0.8338149137174686,2.3883196518384198,92.64450689912206,81.14330309886016
81,55,Multi-cover greedy,10,sensor01→gatewayA;sensor02→gatewayC;sensor03→gatewayC;sensor04→gatewayA;sensor05→gatewayA;sensor06→gatewayA;sensor07→gatewayA;sensor08→gatewayA;sensor09→gatewayA;sensor10→gatewayA,d708670db0b5,66.88799038921111,17.333499005964214,-14.112009610788888,-37.666500994035786,15,15,15,0.9054703052347778,2.3883196518384198,92.53240863732839,81.14330309886016
81,56,Proposed fairness greedy (lambda=1),10,sensor01→gatewayA;sensor02→gatewayC;sensor03→gatewayC;sensor04→gatewayA;sensor05→gatewayA;sensor06→gatewayA;sensor07→gatewayA;sensor08→gatewayA;sensor09→gatewayA;sensor10→gatewayC,d53238027e5c,68.10613204500537,17.333499005964214,-12.893867954994633,-38.666500994035786,15,15,15,0.8338149137174686,2.505966710661949,92.64450689912206,81.14330309886016
81,56,Multi-cover greedy,10,sensor01→gatewayA;sensor02→gatewayC;sensor03→gatewayC;sensor04→gatewayA;sensor05→gatewayA;sensor06→gatewayA;sensor07→gatewayA;sensor08→gatewayA;sensor09→gatewayA;sensor10→gatewayA,d708670db0b5,66.88799038921111,17.333499005964214,-14.112009610788888,-38.666500994035786,15,15,15,0.9054703052347778,2.505966710661949,92.53240863732839,81.14330309886016
81,57,Proposed fairness greedy (lambda=1),10,sensor01→gatewayA;sensor02→gatewayC;sensor03→gatewayC;sensor04→gatewayA;sensor05→gatewayA;sensor06→gatewayA;sensor07→gatewayA;sensor08→gatewayA;sensor09→gatewayA;sensor10→gatewayC,d53238027e5c,68.10613204500537,17.333499005964214,-12.893867954994633,-39.666500994035786,15,15,15,0.8338149137174686,2.6236137694854786,92.64450689912206,81.14330309886016
81,57,Multi-cover greedy,10,sensor01→gatewayA;sensor02→gatewayC;sensor03→gatewayC;sensor04→gatewayA;sensor05→gatewayA;sensor06→gatewayA;sensor07→gatewayA;sensor08→gatewayA;sensor09→gatewayA;sensor10→gatewayA,d708670db0b5,66.88799038921111,17.333499005964214,-14.112009610788888,-39.666500994035786,15,15,15,0.9054703052347778,2.6236137694854786,92.53240863732839,81.14330309886016
81,58,Proposed fairness greedy (lambda=1),10,sensor01→gatewayA;sensor02→gatewayC;sensor03→gatewayC;sensor04→gatewayA;sensor05→gatewayA;sensor06→gatewayA;sensor07→gatewayA;sensor08→gatewayA;sensor09→gatewayA;sensor10→gatewayC,d53238027e5c,68.10613204500537,17.333499005964214,-12.893867954994633,-40.666500994035786,15,15,15,0.8338149137174686,2.741260828309008,92.64450689912206,81.14330309886016
81,58,Multi-cover greedy,10,sensor01→gatewayA;sensor02→gatewayC;sensor03→gatewayC;sensor04→gatewayA;sensor05→gatewayA;sensor06→gatewayA;sensor07→gatewayA;sensor08→gatewayA;sensor09→gatewayA;sensor10→gatewayA,d708670db0b5,66.88799038921111,17.333499005964214,-14.112009610788888,-40.666500994035786,15,15,15,0.9054703052347778,2.741260828309008,92.53240863732839,81.14330309886016
81,59,Proposed fairness greedy (lambda=1),10,sensor01→gatewayA;sensor02→gatewayC;sensor03→gatewayC;sensor04→gatewayA;sensor05→gatewayA;sensor06→gatewayA;sensor07→gatewayA;sensor08→gatewayA;sensor09→gatewayA;sensor10→gatewayC,d53238027e5c,68.10613204500537,17.333499005964214,-12.893867954994633,-41.666500994035786,15,15,15,0.8338149137174686,2.8589078871325375,92.64450689912206,81.14330309886016
81,59,Multi-cover greedy,10,sensor01→gatewayA;sensor02→gatewayC;sensor03→gatewayC;sensor04→gatewayA;sensor05→gatewayA;sensor06→gatewayA;sensor07→gatewayA;sensor08→gatewayA;sensor09→gatewayA;sensor10→gatewayA,d708670db0b5,66.88799038921111,17.333499005964214,-14.112009610788888,-41.666500994035786,15,15,15,0.9054703052347778,2.8589078871325375,92.53240863732839,81.14330309886016
81,60,Proposed fairness greedy (lambda=1),10,sensor01→gatewayA;sensor02→gatewayC;sensor03→gatewayC;sensor04→gatewayA;sensor05→gatewayA;sensor06→gatewayA;sensor07→gatewayA;sensor08→gatewayA;sensor09→gatewayA;sensor10→gatewayC,d53238027e5c,68.10613204500537,17.333499005964214,-12.893867954994633,-42.666500994035786,15,15,15,0.8338149137174686,2.976554945956067,92.64450689912206,81.14330309886016
81,60,Multi-cover greedy,10,sensor01→gatewayA;sensor02→gatewayC;sensor03→gatewayC;sensor04→gatewayA;sensor05→gatewayA;sensor06→gatewayA;sensor07→gatewayA;sensor08→gatewayA;sensor09→gatewayA;sensor10→gatewayA,d708670db0b5,66.88799038921111,17.333499005964214,-14.112009610788888,-42.666500994035786,15,15,15,0.9054703052347778,2.976554945956067,92.53240863732839,81.14330309886016
81,61,Proposed fairness greedy (lambda=1),10,sensor01→gatewayA;sensor02→gatewayC;sensor03→gatewayC;sensor04→gatewayA;sensor05→gatewayA;sensor06→gatewayA;sensor07→gatewayA;sensor08→gatewayA;sensor09→gatewayA;sensor10→gatewayC,d53238027e5c,68.10613204500537,17.333499005964214,-12.893867954994633,-43.666500994035786,15,15,15,0.8338149137174686,3.0942020047795964,92.64450689912206,81.14330309886016
81,61,Multi-cover greedy,10,sensor01→gatewayA;sensor02→gatewayC;sensor03→gatewayC;sensor04→gatewayA;sensor05→gatewayA;sensor06→gatewayA;sensor07→gatewayA;sensor08→gatewayA;sensor09→gatewayA;sensor10→gatewayA,d708670db0b5,66.88799038921111,17.333499005964214,-14.112009610788888,-43.666500994035786,15,15,15,0.9054703052347778,3.0942020047795964,92.53240863732839,81.14330309886016
81,62,Proposed fairness greedy (lambda=1),10,sensor01→gatewayA;sensor02→gatewayC;sensor03→gatewayC;sensor04→gatewayA;sensor05→gatewayA;sensor06→gatewayA;sensor07→gatewayA;sensor08→gatewayA;sensor09→gatewayA;sensor10→gatewayC,d53238027e5c,68.10613204500537,17.333499005964214,-12.893867954994633,-44.666500994035786,15,15,15,0.8338149137174686,3.211849063603126,92.64450689912206,81.14330309886016
81,62,Multi-cover greedy,10,sensor01→gatewayA;sensor02→gatewayC;sensor03→gatewayC;sensor04→gatewayA;sensor05→gatewayA;sensor06→gatewayA;sensor07→gatewayA;sensor08→gatewayA;sensor09→gatewayA;sensor10→gatewayA,d708670db0b5,66.88799038921111,17.333499005964214,-14.112009610788888,-44.666500994035786,15,15,15,0.9054703052347778,3.211849063603126,92.53240863732839,81.14330309886016
81,63,Proposed fairness greedy (lambda=1),10,sensor01→gatewayA;sensor02→gatewayC;sensor03→gatewayC;sensor04→gatewayA;sensor05→gatewayA;sensor06→gatewayA;sensor07→gatewayA;sensor08→gatewayA;sensor09→gatewayA;sensor10→gatewayC,d53238027e5c,68.10613204500537,17.333499005964214,-12.893867954994633,-45.666500994035786,15,15,15,0.8338149137174686,3.3294961224266553,92.64450689912206,81.14330309886016
81,63,Multi-cover greedy,10,sensor01→gatewayA;sensor02→gatewayC;sensor03→gatewayC;sensor04→gatewayA;sensor05→gatewayA;sensor06→gatewayA;sensor07→gatewayA;sensor08→gatewayA;sensor09→gatewayA;sensor10→gatewayA,d708670db0b5,66.88799038921111,17.333499005964214,-14.112009610788888,-45.666500994035786,15,15,15,0.9054703052347778,3.3294961224266553,92.53240863732839,81.14330309886016
81,64,Proposed fairness greedy (lambda=1),10,sensor01→gatewayA;sensor02→gatewayC;sensor03→gatewayC;sensor04→gatewayA;sensor05→gatewayA;sensor06→gatewayA;sensor07→gatewayA;sensor08→gatewayA;sensor09→gatewayA;sensor10→gatewayC,d53238027e5c,68.10613204500537,17.333499005964214,-12.893867954994633,-46.666500994035786,15,15,15,0.8338149137174686,3.4471431812501847,92.64450689912206,81.14330309886016
81,64,Multi-cover greedy,10,sensor01→gatewayA;sensor02→gatewayC;sensor03→gatewayC;sensor04→gatewayA;sensor05→gatewayA;sensor06→gatewayA;sensor07→gatewayA;sensor08→gatewayA;sensor09→gatewayA;sensor10→gatewayA,d708670db0b5,66.88799038921111,17.333499005964214,-14.112009610788888,-46.666500994035786,15,15,15,0.9054703052347778,3.4471431812501847,92.53240863732839,81.14330309886016
81,65,Proposed fairness greedy (lambda=1),10,sensor01→gatewayA;sensor02→gatewayC;sensor03→gatewayC;sensor04→gatewayA;sensor05→gatewayA;sensor06→gatewayA;sensor07→gatewayA;sensor08→gatewayA;sensor09→gatewayA;sensor10→gatewayC,d53238027e5c,68.10613204500537,17.333499005964214,-12.893867954994633,-47.666500994035786,15,15,15,0.8338149137174686,3.564790240073714,92.64450689912206,81.14330309886016
81,65,Multi-cover greedy,10,sensor01→gatewayA;sensor02→gatewayC;sensor03→gatewayC;sensor04→gatewayA;sensor05→gatewayA;sensor06→gatewayA;sensor07→gatewayA;sensor08→gatewayA;sensor09→gatewayA;sensor10→gatewayA,d708670db0b5,66.88799038921111,17.333499005964214,-14.112009610788888,-47.666500994035786,15,15,15,0.9054703052347778,3.564790240073714,92.53240863732839,81.14330309886016
81,66,Proposed fairness greedy (lambda=1),10,sensor01→gatewayA;sensor02→gatewayC;sensor03→gatewayC;sensor04→gatewayA;sensor05→gatewayA;sensor06→gatewayA;sensor07→gatewayA;sensor08→gatewayA;sensor09→gatewayA;sensor10→gatewayC,d53238027e5c,68.10613204500537,17.333499005964214,-12.893867954994633,-48.666500994035786,15,15,15,0.8338149137174686,3.6824372988972436,92.64450689912206,81.14330309886016
81,66,Multi-cover greedy,10,sensor01→gatewayA;sensor02→gatewayC;sensor03→gatewayC;sensor04→gatewayA;sensor05→gatewayA;sensor06→gatewayA;sensor07→gatewayA;sensor08→gatewayA;sensor09→gatewayA;sensor10→gatewayA,d708670db0b5,66.88799038921111,17.333499005964214,-14.112009610788888,-48.666500994035786,15,15,15,0.9054703052347778,3.6824372988972436,92.53240863732839,81.14330309886016
81,67,Proposed fairness greedy (lambda=1),10,sensor01→gatewayA;sensor02→gatewayC;sensor03→gatewayC;sensor04→gatewayA;sensor05→gatewayA;sensor06→gatewayA;sensor07→gatewayA;sensor08→gatewayA;sensor09→gatewayA;sensor10→gatewayC,d53238027e5c,68.10613204500537,17.333499005964214,-12.893867954994633,-49.666500994035786,15,15,15,0.8338149137174686,3.8000843577207726,92.64450689912206,81.14330309886016
81,67,Multi-cover greedy,10,sensor01→gatewayA;sensor02→gatewayC;sensor03→gatewayC;sensor04→gatewayA;sensor05→gatewayA;sensor06→gatewayA;sensor07→gatewayA;sensor08→gatewayA;sensor09→gatewayA;sensor10→gatewayA,d708670db0b5,66.88799038921111,17.333499005964214,-14.112009610788888,-49.666500994035786,15,15,15,0.9054703052347778,3.8000843577207726,92.53240863732839,81.14330309886016
81,68,Proposed fairness greedy (lambda=1),10,sensor01→gatewayA;sensor02→gatewayC;sensor03→gatewayC;sensor04→gatewayA;sensor05→gatewayA;sensor06→gatewayA;sensor07→gatewayA;sensor08→gatewayA;sensor09→gatewayA;sensor10→gatewayC,d53238027e5c,68.10613204500537,17.333499005964214,-12.893867954994633,-50.666500994035786,15,15,15,0.8338149137174686,3.917731416544302,92.64450689912206,81.14330309886016
81,68,Multi-cover greedy,10,sensor01→gatewayA;sensor02→gatewayC;sensor03→gatewayC;sensor04→gatewayA;sensor05→gatewayA;sensor06→gatewayA;sensor07→gatewayA;sensor08→gatewayA;sensor09→gatewayA;sensor10→gatewayA,d708670db0b5,66.88799038921111,17.333499005964214,-14.112009610788888,-50.666500994035786,15,15,15,0.9054703052347778,3.917731416544302,92.53240863732839,81.14330309886016
81,69,Proposed fairness greedy (lambda=1),10,sensor01→gatewayA;sensor02→gatewayC;sensor03→gatewayC;sensor04→gatewayA;sensor05→gatewayA;sensor06→gatewayA;sensor07→gatewayA;sensor08→gatewayA;sensor09→gatewayA;sensor10→gatewayC,d53238027e5c,68.10613204500537,17.333499005964214,-12.893867954994633,-51.666500994035786,15,15,15,0.8338149137174686,4.035378475367831,92.64450689912206,81.14330309886016
81,69,Multi-cover greedy,10,sensor01→gatewayA;sensor02→gatewayC;sensor03→gatewayC;sensor04→gatewayA;sensor05→gatewayA;sensor06→gatewayA;sensor07→gatewayA;sensor08→gatewayA;sensor09→gatewayA;sensor10→gatewayA,d708670db0b5,66.88799038921111,17.333499005964214,-14.112009610788888,-51.666500994035786,15,15,15,0.9054703052347778,4.035378475367831,92.53240863732839,81.14330309886016
81,70,Proposed fairness greedy (lambda=1),10,sensor01→gatewayA;sensor02→gatewayC;sensor03→gatewayC;sensor04→gatewayA;sensor05→gatewayA;sensor06→gatewayA;sensor07→gatewayA;sensor08→gatewayA;sensor09→gatewayA;sensor10→gatewayC,d53238027e5c,68.10613204500537,17.333499005964214,-12.893867954994633,-52.666500994035786,15,15,15,0.8338149137174686,4.153025534191361,92.64450689912206,81.14330309886016
81,70,Multi-cover greedy,10,sensor01→gatewayA;sensor02→gatewayC;sensor03→gatewayC;sensor04→gatewayA;sensor05→gatewayA;sensor06→gatewayA;sensor07→gatewayA;sensor08→gatewayA;sensor09→gatewayA;sensor10→gatewayA,d708670db0b5,66.88799038921111,17.333499005964214,-14.112009610788888,-52.666500994035786,15,15,15,0.9054703052347778,4.153025534191361,92.53240863732839,81.14330309886016
81,71,Proposed fairness greedy (lambda=1),10,sensor01→gatewayA;sensor02→gatewayC;sensor03→gatewayC;sensor04→gatewayA;sensor05→gatewayA;sensor06→gatewayA;sensor07→gatewayA;sensor08→gatewayA;sensor09→gatewayA;sensor10→gatewayC,d53238027e5c,68.10613204500537,17.333499005964214,-12.893867954994633,-53.666500994035786,15,15,15,0.8338149137174686,4.27067259301489,92.64450689912206,81.14330309886016
81,71,Multi-cover greedy,10,sensor01→gatewayA;sensor02→gatewayC;sensor03→gatewayC;sensor04→gatewayA;sensor05→gatewayA;sensor06→gatewayA;sensor07→gatewayA;sensor08→gatewayA;sensor09→gatewayA;sensor10→gatewayA,d708670db0b5,66.88799038921111,17.333499005964214,-14.112009610788888,-53.666500994035786,15,15,15,0.9054703052347778,4.27067259301489,92.53240863732839,81.14330309886016
81,72,Proposed fairness greedy (lambda=1),10,sensor01→gatewayA;sensor02→gatewayC;sensor03→gatewayC;sensor04→gatewayA;sensor05→gatewayA;sensor06→gatewayA;sensor07→gatewayA;sensor08→gatewayA;sensor09→gatewayA;sensor10→gatewayC,d53238027e5c,68.10613204500537,17.333499005964214,-12.893867954994633,-54.666500994035786,15,15,15,0.8338149137174686,4.38831965183842,92.64450689912206,81.14330309886016
81,72,Multi-cover greedy,10,sensor01→gatewayA;sensor02→gatewayC;sensor03→gatewayC;sensor04→gatewayA;sensor05→gatewayA;sensor06→gatewayA;sensor07→gatewayA;sensor08→gatewayA;sensor09→gatewayA;sensor10→gatewayA,d708670db0b5,66.88799038921111,17.333499005964214,-14.112009610788888,-54.666500994035786,15,15,15,0.9054703052347778,4.38831965183842,92.53240863732839,81.14330309886016
81,73,Proposed fairness greedy (lambda=1),10,sensor01→gatewayA;sensor02→gatewayC;sensor03→gatewayC;sensor04→gatewayA;sensor05→gatewayA;sensor06→gatewayA;sensor07→gatewayA;sensor08→gatewayA;sensor09→gatewayA;sensor10→gatewayC,d53238027e5c,68.10613204500537,17.333499005964214,-12.893867954994633,-55.666500994035786,15,15,15,0.8338149137174686,4.505966710661949,92.64450689912206,81.14330309886016
81,73,Multi-cover greedy,10,sensor01→gatewayA;sensor02→gatewayC;sensor03→gatewayC;sensor04→gatewayA;sensor05→gatewayA;sensor06→gatewayA;sensor07→gatewayA;sensor08→gatewayA;sensor09→gatewayA;sensor10→gatewayA,d708670db0b5,66.88799038921111,17.333499005964214,-14.112009610788888,-55.666500994035786,15,15,15,0.9054703052347778,4.505966710661949,92.53240863732839,81.14330309886016
81,74,Proposed fairness greedy (lambda=1),10,sensor01→gatewayA;sensor02→gatewayC;sensor03→gatewayC;sensor04→gatewayA;sensor05→gatewayA;sensor06→gatewayA;sensor07→gatewayA;sensor08→gatewayA;sensor09→gatewayA;sensor10→gatewayC,d53238027e5c,68.10613204500537,17.333499005964214,-12.893867954994633,-56.666500994035786,15,15,15,0.8338149137174686,4.623613769485479,92.64450689912206,81.14330309886016
81,74,Multi-cover greedy,10,sensor01→gatewayA;sensor02→gatewayC;sensor03→gatewayC;sensor04→gatewayA;sensor05→gatewayA;sensor06→gatewayA;sensor07→gatewayA;sensor08→gatewayA;sensor09→gatewayA;sensor10→gatewayA,d708670db0b5,66.88799038921111,17.333499005964214,-14.112009610788888,-56.666500994035786,15,15,15,0.9054703052347778,4.623613769485479,92.53240863732839,81.14330309886016
81,75,Proposed fairness greedy (lambda=1),10,sensor01→gatewayA;sensor02→gatewayC;sensor03→gatewayC;sensor04→gatewayA;sensor05→gatewayA;sensor06→gatewayA;sensor07→gatewayA;sensor08→gatewayA;sensor09→gatewayA;sensor10→gatewayC,d53238027e5c,68.10613204500537,17.333499005964214,-12.893867954994633,-57.666500994035786,15,15,15,0.8338149137174686,4.741260828309008,92.64450689912206,81.14330309886016
81,75,Multi-cover greedy,10,sensor01→gatewayA;sensor02→gatewayC;sensor03→gatewayC;sensor04→gatewayA;sensor05→gatewayA;sensor06→gatewayA;sensor07→gatewayA;sensor08→gatewayA;sensor09→gatewayA;sensor10→gatewayA,d708670db0b5,66.88799038921111,17.333499005964214,-14.112009610788888,-57.666500994035786,15,15,15,0.9054703052347778,4.741260828309008,92.53240863732839,81.14330309886016
81,76,Proposed fairness greedy (lambda=1),10,sensor01→gatewayA;sensor02→gatewayC;sensor03→gatewayC;sensor04→gatewayA;sensor05→gatewayA;sensor06→gatewayA;sensor07→gatewayA;sensor08→gatewayA;sensor09→gatewayA;sensor10→gatewayC,d53238027e5c,68.10613204500537,17.333499005964214,-12.893867954994633,-58.666500994035786,15,15,15,0.8338149137174686,4.8589078871325375,92.64450689912206,81.14330309886016
81,76,Multi-cover greedy,10,sensor01→gatewayA;sensor02→gatewayC;sensor03→gatewayC;sensor04→gatewayA;sensor05→gatewayA;sensor06→gatewayA;sensor07→gatewayA;sensor08→gatewayA;sensor09→gatewayA;sensor10→gatewayA,d708670db0b5,66.88799038921111,17.333499005964214,-14.112009610788888,-58.666500994035786,15,15,15,0.9054703052347778,4.8589078871325375,92.53240863732839,81.14330309886016
81,77,Proposed fairness greedy (lambda=1),10,sensor01→gatewayA;sensor02→gatewayC;sensor03→gatewayC;sensor04→gatewayA;sensor05→gatewayA;sensor06→gatewayA;sensor07→gatewayA;sensor08→gatewayA;sensor09→gatewayA;sensor10→gatewayC,d53238027e5c,68.10613204500537,17.333499005964214,-12.893867954994633,-59.666500994035786,15,15,15,0.8338149137174686,4.9765549459560665,92.64450689912206,81.14330309886016
81,77,Multi-cover greedy,10,sensor01→gatewayA;sensor02→gatewayC;sensor03→gatewayC;sensor04→gatewayA;sensor05→gatewayA;sensor06→gatewayA;sensor07→gatewayA;sensor08→gatewayA;sensor09→gatewayA;sensor10→gatewayA,d708670db0b5,66.88799038921111,17.333499005964214,-14.112009610788888,-59.666500994035786,15,15,15,0.9054703052347778,4.9765549459560665,92.53240863732839,81.14330309886016
81,89,Proposed fairness greedy (lambda=1),12,sensor01→gatewayA;sensor01→gatewayC;sensor02→gatewayC;sensor03→gatewayC;sensor04→gatewayA;sensor04→gatewayC;sensor05→gatewayA;sensor06→gatewayA;sensor07→gatewayA;sensor08→gatewayA;sensor09→gatewayA;sensor10→gatewayC,fba66e5cdf8c,78.5242788678904,17.333499005964214,-2.475721132109598,-71.66650099403579,15,12,12,0.19093081416783228,6.64206402885783,95.30868439399289,84.31997339445302
81,89,Multi-cover greedy,12,sensor01→gatewayA;sensor01→gatewayB;sensor02→gatewayC;sensor03→gatewayC;sensor04→gatewayA;sensor04→gatewayC;sensor05→gatewayA;sensor06→gatewayA;sensor07→gatewayA;sensor08→gatewayA;sensor09→gatewayA;sensor10→gatewayC,1857c34ccaa1,74.07283014480772,17.333499005964214,-6.927169855192275,-71.66650099403579,15,8,8,0.45998068145550935,7.0949621683777915,94.15400091545355,82.67847276683732
81,91,Proposed fairness greedy (lambda=1),14,sensor01→gatewayA;sensor01→gatewayC;sensor02→gatewayC;sensor03→gatewayC;sensor04→gatewayA;sensor04→gatewayC;sensor05→gatewayA;sensor06→gatewayA;sensor07→gatewayA;sensor07→gatewayC;sensor08→gatewayA;sensor08→gatewayB;sensor09→gatewayA;sensor10→gatewayC,ba7836f47dfe,81.05742110584855,17.333499005964214,0.05742110584854743,-73.66650099403579,17,14,14,0.0,6.483755642410328,97.23834709357982,89.23134868455652
81,91,Multi-cover greedy,14,sensor01→gatewayA;sensor01→gatewayC;sensor02→gatewayC;sensor03→gatewayC;sensor04→gatewayA;sensor04→gatewayC;sensor05→gatewayA;sensor06→gatewayA;sensor07→gatewayA;sensor07→gatewayB;sensor08→gatewayA;sensor08→gatewayB;sensor09→gatewayA;sensor10→gatewayC,7d0409742162,80.99223032302699,17.333499005964214,-0.0077696769730124515,-73.66650099403579,16,11,11,0.0004570398219419089,7.005931362090352,96.43474975762871,86.58389421375502
81,92,Proposed fairness greedy (lambda=1),14,sensor01→gatewayA;sensor01→gatewayC;sensor02→gatewayC;sensor03→gatewayC;sensor04→gatewayA;sensor04→gatewayC;sensor05→gatewayA;sensor06→gatewayA;sensor07→gatewayA;sensor07→gatewayC;sensor08→gatewayA;sensor08→gatewayB;sensor09→gatewayA;sensor10→gatewayC,ba7836f47dfe,81.05742110584855,17.333499005964214,0.05742110584854743,-74.66650099403579,17,14,14,0.0,6.660226230645622,97.23834709357982,89.23134868455652
81,92,Multi-cover greedy,14,sensor01→gatewayA;sensor01→gatewayC;sensor02→gatewayC;sensor03→gatewayC;sensor04→gatewayA;sensor04→gatewayC;sensor05→gatewayA;sensor06→gatewayA;sensor07→gatewayA;sensor07→gatewayB;sensor08→gatewayA;sensor08→gatewayB;sensor09→gatewayA;sensor10→gatewayC,7d0409742162,80.99223032302699,17.333499005964214,-0.0077696769730124515,-74.66650099403579,16,10,10,0.0004570398219419089,7.417269307087821,96.43474975762871,86.58389421375502
81,95,Proposed fairness greedy (lambda=1),17,sensor01→gatewayA;sensor01→gatewayC;sensor02→gatewayA;sensor02→gatewayC;sensor03→gatewayA;sensor03→gatewayC;sensor04→gatewayA;sensor04→gatewayC;sensor05→gatewayA;sensor05→gatewayC;sensor06→gatewayA;sensor07→gatewayA;sensor07→gatewayC;sensor08→gatewayA;sensor08→gatewayB;sensor09→gatewayA;sensor10→gatewayC,126ff9a6f407,92.6020177489569,60.10386612810156,11.602017748956897,-34.89613387189844,17,15,15,0.0,2.0666735145595405,99.1281265199174,94.76426136423231
81,95,Multi-cover greedy,17,sensor01→gatewayA;sensor01→gatewayC;sensor02→gatewayA;sensor02→gatewayC;sensor03→gatewayA;sensor03→gatewayC;sensor04→gatewayA;sensor04→gatewayC;sensor05→gatewayA;sensor05→gatewayB;sensor06→gatewayA;sensor07→gatewayA;sensor07→gatewayC;sensor08→gatewayA;sensor08→gatewayB;sensor09→gatewayA;sensor10→gatewayC,4deb1457865a,88.66211101494581,60.10386612810156,7.662111014945808,-34.89613387189844,17,15,15,0.0,2.0666735145595405,98.62758524078373,94.41404901090611
82,50,Proposed fairness greedy (lambda=1),10,sensor01→gatewayA;sensor02→gatewayC;sensor03→gatewayC;sensor04→gatewayA;sensor05→gatewayA;sensor06→gatewayA;sensor07→gatewayA;sensor08→gatewayA;sensor09→gatewayA;sensor10→gatewayC,d53238027e5c,68.10613204500537,17.333499005964214,-13.893867954994633,-32.666500994035786,15,16,15,0.9514619725409981,1.921558882002105,92.64450689912206,81.14330309886016
82,50,Multi-cover greedy,10,sensor01→gatewayA;sensor02→gatewayC;sensor03→gatewayC;sensor04→gatewayA;sensor05→gatewayA;sensor06→gatewayA;sensor07→gatewayA;sensor08→gatewayA;sensor09→gatewayA;sensor10→gatewayA,d708670db0b5,66.88799038921111,17.333499005964214,-15.112009610788888,-32.666500994035786,15,16,15,1.023117364058307,1.921558882002105,92.53240863732839,81.14330309886016
82,51,Proposed fairness greedy (lambda=1),10,sensor01→gatewayA;sensor02→gatewayC;sensor03→gatewayC;sensor04→gatewayA;sensor05→gatewayA;sensor06→gatewayA;sensor07→gatewayA;sensor08→gatewayA;sensor09→gatewayA;sensor10→gatewayC,d53238027e5c,68.10613204500537,17.333499005964214,-13.893867954994633,-33.666500994035786,15,16,15,0.9514619725409981,1.9803824114138697,92.64450689912206,81.14330309886016
82,51,Multi-cover greedy,10,sensor01→gatewayA;sensor02→gatewayC;sensor03→gatewayC;sensor04→gatewayA;sensor05→gatewayA;sensor06→gatewayA;sensor07→gatewayA;sensor08→gatewayA;sensor09→gatewayA;sensor10→gatewayA,d708670db0b5,66.88799038921111,17.333499005964214,-15.112009610788888,-33.666500994035786,15,16,15,1.023117364058307,1.9803824114138697,92.53240863732839,81.14330309886016
82,52,Proposed fairness greedy (lambda=1),10,sensor01→gatewayA;sensor02→gatewayC;sensor03→gatewayC;sensor04→gatewayA;sensor05→gatewayA;sensor06→gatewayA;sensor07→gatewayA;sensor08→gatewayA;sensor09→gatewayA;sensor10→gatewayC,d53238027e5c,68.10613204500537,17.333499005964214,-13.893867954994633,-34.666500994035786,15,16,15,0.9514619725409981,2.0392059408256347,92.64450689912206,81.14330309886016
82,52,Multi-cover greedy,10,sensor01→gatewayA;sensor02→gatewayC;sensor03→gatewayC;sensor04→gatewayA;sensor05→gatewayA;sensor06→gatewayA;sensor07→gatewayA;sensor08→gatewayA;sensor09→gatewayA;sensor10→gatewayA,d708670db0b5,66.88799038921111,17.333499005964214,-15.112009610788888,-34.666500994035786,15,16,15,1.023117364058307,2.0392059408256347,92.53240863732839,81.14330309886016
82,53,Proposed fairness greedy (lambda=1),10,sensor01→gatewayA;sensor02→gatewayC;sensor03→gatewayC;sensor04→gatewayA;sensor05→gatewayA;sensor06→gatewayA;sensor07→gatewayA;sensor08→gatewayA;sensor09→gatewayA;sensor10→gatewayC,d53238027e5c,68.10613204500537,17.333499005964214,-13.893867954994633,-35.666500994035786,15,15,15,0.9514619725409981,2.153025534191361,92.64450689912206,81.14330309886016
82,53,Multi-cover greedy,10,sensor01→gatewayA;sensor02→gatewayC;sensor03→gatewayC;sensor04→gatewayA;sensor05→gatewayA;sensor06→gatewayA;sensor07→gatewayA;sensor08→gatewayA;sensor09→gatewayA;sensor10→gatewayA,d708670db0b5,66.88799038921111,17.333499005964214,-15.112009610788888,-35.666500994035786,15,15,15,1.023117364058307,2.153025534191361,92.53240863732839,81.14330309886016
82,54,Proposed fairness greedy (lambda=1),10,sensor01→gatewayA;sensor02→gatewayC;sensor03→gatewayC;sensor04→gatewayA;sensor05→gatewayA;sensor06→gatewayA;sensor07→gatewayA;sensor08→gatewayA;sensor09→gatewayA;sensor10→gatewayC,d53238027e5c,68.10613204500537,17.333499005964214,-13.893867954994633,-36.666500994035786,15,15,15,0.9514619725409981,2.2706725930148903,92.64450689912206,81.14330309886016
82,54,Multi-cover greedy,10,sensor01→gatewayA;sensor02→gatewayC;sensor03→gatewayC;sensor04→gatewayA;sensor05→gatewayA;sensor06→gatewayA;sensor07→gatewayA;sensor08→gatewayA;sensor09→gatewayA;sensor10→gatewayA,d708670db0b5,66.88799038921111,17.333499005964214,-15.112009610788888,-36.666500994035786,15,15,15,1.023117364058307,2.2706725930148903,92.53240863732839,81.14330309886016
82,55,Proposed fairness greedy (lambda=1),10,sensor01→gatewayA;sensor02→gatewayC;sensor03→gatewayC;sensor04→gatewayA;sensor05→gatewayA;sensor06→gatewayA;sensor07→gatewayA;sensor08→gatewayA;sensor09→gatewayA;sensor10→gatewayC,d53238027e5c,68.10613204500537,17.333499005964214,-13.893867954994633,-37.666500994035786,15,15,15,0.9514619725409981,2.3883196518384198,92.64450689912206,81.14330309886016
82,55,Multi-cover greedy,10,sensor01→gatewayA;sensor02→gatewayC;sensor03→gatewayC;sensor04→gatewayA;sensor05→gatewayA;sensor06→gatewayA;sensor07→gatewayA;sensor08→gatewayA;sensor09→gatewayA;sensor10→gatewayA,d708670db0b5,66.88799038921111,17.333499005964214,-15.112009610788888,-37.666500994035786,15,15,15,1.023117364058307,2.3883196518384198,92.53240863732839,81.14330309886016
82,56,Proposed fairness greedy (lambda=1),10,sensor01→gatewayA;sensor02→gatewayC;sensor03→gatewayC;sensor04→gatewayA;sensor05→gatewayA;sensor06→gatewayA;sensor07→gatewayA;sensor08→gatewayA;sensor09→gatewayA;sensor10→gatewayC,d53238027e5c,68.10613204500537,17.333499005964214,-13.893867954994633,-38.666500994035786,15,15,15,0.9514619725409981,2.505966710661949,92.64450689912206,81.14330309886016
82,56,Multi-cover greedy,10,sensor01→gatewayA;sensor02→gatewayC;sensor03→gatewayC;sensor04→gatewayA;sensor05→gatewayA;sensor06→gatewayA;sensor07→gatewayA;sensor08→gatewayA;sensor09→gatewayA;sensor10→gatewayA,d708670db0b5,66.88799038921111,17.333499005964214,-15.112009610788888,-38.666500994035786,15,15,15,1.023117364058307,2.505966710661949,92.53240863732839,81.14330309886016
82,57,Proposed fairness greedy (lambda=1),10,sensor01→gatewayA;sensor02→gatewayC;sensor03→gatewayC;sensor04→gatewayA;sensor05→gatewayA;sensor06→gatewayA;sensor07→gatewayA;sensor08→gatewayA;sensor09→gatewayA;sensor10→gatewayC,d53238027e5c,68.10613204500537,17.333499005964214,-13.893867954994633,-39.666500994035786,15,15,15,0.9514619725409981,2.6236137694854786,92.64450689912206,81.14330309886016
82,57,Multi-cover greedy,10,sensor01→gatewayA;sensor02→gatewayC;sensor03→gatewayC;sensor04→gatewayA;sensor05→gatewayA;sensor06→gatewayA;sensor07→gatewayA;sensor08→gatewayA;sensor09→gatewayA;sensor10→gatewayA,d708670db0b5,66.88799038921111,17.333499005964214,-15.112009610788888,-39.666500994035786,15,15,15,1.023117364058307,2.6236137694854786,92.53240863732839,81.14330309886016
82,58,Proposed fairness greedy (lambda=1),10,sensor01→gatewayA;sensor02→gatewayC;sensor03→gatewayC;sensor04→gatewayA;sensor05→gatewayA;sensor06→gatewayA;sensor07→gatewayA;sensor08→gatewayA;sensor09→gatewayA;sensor10→gatewayC,d53238027e5c,68.10613204500537,17.333499005964214,-13.893867954994633,-40.666500994035786,15,15,15,0.9514619725409981,2.741260828309008,92.64450689912206,81.14330309886016
82,58,Multi-cover greedy,10,sensor01→gatewayA;sensor02→gatewayC;sensor03→gatewayC;sensor04→gatewayA;sensor05→gatewayA;sensor06→gatewayA;sensor07→gatewayA;sensor08→gatewayA;sensor09→gatewayA;sensor10→gatewayA,d708670db0b5,66.88799038921111,17.333499005964214,-15.112009610788888,-40.666500994035786,15,15,15,1.023117364058307,2.741260828309008,92.53240863732839,81.14330309886016
82,59,Proposed fairness greedy (lambda=1),10,sensor01→gatewayA;sensor02→gatewayC;sensor03→gatewayC;sensor04→gatewayA;sensor05→gatewayA;sensor06→gatewayA;sensor07→gatewayA;sensor08→gatewayA;sensor09→gatewayA;sensor10→gatewayC,d53238027e5c,68.10613204500537,17.333499005964214,-13.893867954994633,-41.666500994035786,15,15,15,0.9514619725409981,2.8589078871325375,92.64450689912206,81.14330309886016
82,59,Multi-cover greedy,10,sensor01→gatewayA;sensor02→gatewayC;sensor03→gatewayC;sensor04→gatewayA;sensor05→gatewayA;sensor06→gatewayA;sensor07→gatewayA;sensor08→gatewayA;sensor09→gatewayA;sensor10→gatewayA,d708670db0b5,66.88799038921111,17.333499005964214,-15.112009610788888,-41.666500994035786,15,15,15,1.023117364058307,2.8589078871325375,92.53240863732839,81.14330309886016
82,60,Proposed fairness greedy (lambda=1),10,sensor01→gatewayA;sensor02→gatewayC;sensor03→gatewayC;sensor04→gatewayA;sensor05→gatewayA;sensor06→gatewayA;sensor07→gatewayA;sensor08→gatewayA;sensor09→gatewayA;sensor10→gatewayC,d53238027e5c,68.10613204500537,17.333499005964214,-13.893867954994633,-42.666500994035786,15,15,15,0.9514619725409981,2.976554945956067,92.64450689912206,81.14330309886016
82,60,Multi-cover greedy,10,sensor01→gatewayA;sensor02→gatewayC;sensor03→gatewayC;sensor04→gatewayA;sensor05→gatewayA;sensor06→gatewayA;sensor07→gatewayA;sensor08→gatewayA;sensor09→gatewayA;sensor10→gatewayA,d708670db0b5,66.88799038921111,17.333499005964214,-15.112009610788888,-42.666500994035786,15,15,15,1.023117364058307,2.976554945956067,92.53240863732839,81.14330309886016
82,61,Proposed fairness greedy (lambda=1),10,sensor01→gatewayA;sensor02→gatewayC;sensor03→gatewayC;sensor04→gatewayA;sensor05→gatewayA;sensor06→gatewayA;sensor07→gatewayA;sensor08→gatewayA;sensor09→gatewayA;sensor10→gatewayC,d53238027e5c,68.10613204500537,17.333499005964214,-13.893867954994633,-43.666500994035786,15,15,15,0.9514619725409981,3.0942020047795964,92.64450689912206,81.14330309886016
82,61,Multi-cover greedy,10,sensor01→gatewayA;sensor02→gatewayC;sensor03→gatewayC;sensor04→gatewayA;sensor05→gatewayA;sensor06→gatewayA;sensor07→gatewayA;sensor08→gatewayA;sensor09→gatewayA;sensor10→gatewayA,d708670db0b5,66.88799038921111,17.333499005964214,-15.112009610788888,-43.666500994035786,15,15,15,1.023117364058307,3.0942020047795964,92.53240863732839,81.14330309886016
82,62,Proposed fairness greedy (lambda=1),10,sensor01→gatewayA;sensor02→gatewayC;sensor03→gatewayC;sensor04→gatewayA;sensor05→gatewayA;sensor06→gatewayA;sensor07→gatewayA;sensor08→gatewayA;sensor09→gatewayA;sensor10→gatewayC,d53238027e5c,68.10613204500537,17.333499005964214,-13.893867954994633,-44.666500994035786,15,15,15,0.9514619725409981,3.211849063603126,92.64450689912206,81.14330309886016
82,62,Multi-cover greedy,10,sensor01→gatewayA;sensor02→gatewayC;sensor03→gatewayC;sensor04→gatewayA;sensor05→gatewayA;sensor06→gatewayA;sensor07→gatewayA;sensor08→gatewayA;sensor09→gatewayA;sensor10→gatewayA,d708670db0b5,66.88799038921111,17.333499005964214,-15.112009610788888,-44.666500994035786,15,15,15,1.023117364058307,3.211849063603126,92.53240863732839,81.14330309886016
82,63,Proposed fairness greedy (lambda=1),10,sensor01→gatewayA;sensor02→gatewayC;sensor03→gatewayC;sensor04→gatewayA;sensor05→gatewayA;sensor06→gatewayA;sensor07→gatewayA;sensor08→gatewayA;sensor09→gatewayA;sensor10→gatewayC,d53238027e5c,68.10613204500537,17.333499005964214,-13.893867954994633,-45.666500994035786,15,15,15,0.9514619725409981,3.3294961224266553,92.64450689912206,81.14330309886016
82,63,Multi-cover greedy,10,sensor01→gatewayA;sensor02→gatewayC;sensor03→gatewayC;sensor04→gatewayA;sensor05→gatewayA;sensor06→gatewayA;sensor07→gatewayA;sensor08→gatewayA;sensor09→gatewayA;sensor10→gatewayA,d708670db0b5,66.88799038921111,17.333499005964214,-15.112009610788888,-45.666500994035786,15,15,15,1.023117364058307,3.3294961224266553,92.53240863732839,81.14330309886016
82,64,Proposed fairness greedy (lambda=1),10,sensor01→gatewayA;sensor02→gatewayC;sensor03→gatewayC;sensor04→gatewayA;sensor05→gatewayA;sensor06→gatewayA;sensor07→gatewayA;sensor08→gatewayA;sensor09→gatewayA;sensor10→gatewayC,d53238027e5c,68.10613204500537,17.333499005964214,-13.893867954994633,-46.666500994035786,15,15,15,0.9514619725409981,3.4471431812501847,92.64450689912206,81.14330309886016
82,64,Multi-cover greedy,10,sensor01→gatewayA;sensor02→gatewayC;sensor03→gatewayC;sensor04→gatewayA;sensor05→gatewayA;sensor06→gatewayA;sensor07→gatewayA;sensor08→gatewayA;sensor09→gatewayA;sensor10→gatewayA,d708670db0b5,66.88799038921111,17.333499005964214,-15.112009610788888,-46.666500994035786,15,15,15,1.023117364058307,3.4471431812501847,92.53240863732839,81.14330309886016
82,65,Proposed fairness greedy (lambda=1),10,sensor01→gatewayA;sensor02→gatewayC;sensor03→gatewayC;sensor04→gatewayA;sensor05→gatewayA;sensor06→gatewayA;sensor07→gatewayA;sensor08→gatewayA;sensor09→gatewayA;sensor10→gatewayC,d53238027e5c,68.10613204500537,17.333499005964214,-13.893867954994633,-47.666500994035786,15,15,15,0.9514619725409981,3.564790240073714,92.64450689912206,81.14330309886016
82,65,Multi-cover greedy,10,sensor01→gatewayA;sensor02→gatewayC;sensor03→gatewayC;sensor04→gatewayA;sensor05→gatewayA;sensor06→gatewayA;sensor07→gatewayA;sensor08→gatewayA;sensor09→gatewayA;sensor10→gatewayA,d708670db0b5,66.88799038921111,17.333499005964214,-15.112009610788888,-47.666500994035786,15,15,15,1.023117364058307,3.564790240073714,92.53240863732839,81.14330309886016
82,66,Proposed fairness greedy (lambda=1),10,sensor01→gatewayA;sensor02→gatewayC;sensor03→gatewayC;sensor04→gatewayA;sensor05→gatewayA;sensor06→gatewayA;sensor07→gatewayA;sensor08→gatewayA;sensor09→gatewayA;sensor10→gatewayC,d53238027e5c,68.10613204500537,17.333499005964214,-13.893867954994633,-48.666500994035786,15,15,15,0.9514619725409981,3.6824372988972436,92.64450689912206,81.14330309886016
82,66,Multi-cover greedy,10,sensor01→gatewayA;sensor02→gatewayC;sensor03→gatewayC;sensor04→gatewayA;sensor05→gatewayA;sensor06→gatewayA;sensor07→gatewayA;sensor08→gatewayA;sensor09→gatewayA;sensor10→gatewayA,d708670db0b5,66.88799038921111,17.333499005964214,-15.112009610788888,-48.666500994035786,15,15,15,1.023117364058307,3.6824372988972436,92.53240863732839,81.14330309886016
82,67,Proposed fairness greedy (lambda=1),10,sensor01→gatewayA;sensor02→gatewayC;sensor03→gatewayC;sensor04→gatewayA;sensor05→gatewayA;sensor06→gatewayA;sensor07→gatewayA;sensor08→gatewayA;sensor09→gatewayA;sensor10→gatewayC,d53238027e5c,68.10613204500537,17.333499005964214,-13.893867954994633,-49.666500994035786,15,15,15,0.9514619725409981,3.8000843577207726,92.64450689912206,81.14330309886016
82,67,Multi-cover greedy,10,sensor01→gatewayA;sensor02→gatewayC;sensor03→gatewayC;sensor04→gatewayA;sensor05→gatewayA;sensor06→gatewayA;sensor07→gatewayA;sensor08→gatewayA;sensor09→gatewayA;sensor10→gatewayA,d708670db0b5,66.88799038921111,17.333499005964214,-15.112009610788888,-49.666500994035786,15,15,15,1.023117364058307,3.8000843577207726,92.53240863732839,81.14330309886016
82,68,Proposed fairness greedy (lambda=1),10,sensor01→gatewayA;sensor02→gatewayC;sensor03→gatewayC;sensor04→gatewayA;sensor05→gatewayA;sensor06→gatewayA;sensor07→gatewayA;sensor08→gatewayA;sensor09→gatewayA;sensor10→gatewayC,d53238027e5c,68.10613204500537,17.333499005964214,-13.893867954994633,-50.666500994035786,15,15,15,0.9514619725409981,3.917731416544302,92.64450689912206,81.14330309886016
82,68,Multi-cover greedy,10,sensor01→gatewayA;sensor02→gatewayC;sensor03→gatewayC;sensor04→gatewayA;sensor05→gatewayA;sensor06→gatewayA;sensor07→gatewayA;sensor08→gatewayA;sensor09→gatewayA;sensor10→gatewayA,d708670db0b5,66.88799038921111,17.333499005964214,-15.112009610788888,-50.666500994035786,15,15,15,1.023117364058307,3.917731416544302,92.53240863732839,81.14330309886016
82,69,Proposed fairness greedy (lambda=1),10,sensor01→gatewayA;sensor02→gatewayC;sensor03→gatewayC;sensor04→gatewayA;sensor05→gatewayA;sensor06→gatewayA;sensor07→gatewayA;sensor08→gatewayA;sensor09→gatewayA;sensor10→gatewayC,d53238027e5c,68.10613204500537,17.333499005964214,-13.893867954994633,-51.666500994035786,15,15,15,0.9514619725409981,4.035378475367831,92.64450689912206,81.14330309886016
82,69,Multi-cover greedy,10,sensor01→gatewayA;sensor02→gatewayC;sensor03→gatewayC;sensor04→gatewayA;sensor05→gatewayA;sensor06→gatewayA;sensor07→gatewayA;sensor08→gatewayA;sensor09→gatewayA;sensor10→gatewayA,d708670db0b5,66.88799038921111,17.333499005964214,-15.112009610788888,-51.666500994035786,15,15,15,1.023117364058307,4.035378475367831,92.53240863732839,81.14330309886016
82,70,Proposed fairness greedy (lambda=1),10,sensor01→gatewayA;sensor02→gatewayC;sensor03→gatewayC;sensor04→gatewayA;sensor05→gatewayA;sensor06→gatewayA;sensor07→gatewayA;sensor08→gatewayA;sensor09→gatewayA;sensor10→gatewayC,d53238027e5c,68.10613204500537,17.333499005964214,-13.893867954994633,-52.666500994035786,15,15,15,0.9514619725409981,4.153025534191361,92.64450689912206,81.14330309886016
82,70,Multi-cover greedy,10,sensor01→gatewayA;sensor02→gatewayC;sensor03→gatewayC;sensor04→gatewayA;sensor05→gatewayA;sensor06→gatewayA;sensor07→gatewayA;sensor08→gatewayA;sensor09→gatewayA;sensor10→gatewayA,d708670db0b5,66.88799038921111,17.333499005964214,-15.112009610788888,-52.666500994035786,15,15,15,1.023117364058307,4.153025534191361,92.53240863732839,81.14330309886016
82,71,Proposed fairness greedy (lambda=1),10,sensor01→gatewayA;sensor02→gatewayC;sensor03→gatewayC;sensor04→gatewayA;sensor05→gatewayA;sensor06→gatewayA;sensor07→gatewayA;sensor08→gatewayA;sensor09→gatewayA;sensor10→gatewayC,d53238027e5c,68.10613204500537,17.333499005964214,-13.893867954994633,-53.666500994035786,15,15,15,0.9514619725409981,4.27067259301489,92.64450689912206,81.14330309886016
82,71,Multi-cover greedy,10,sensor01→gatewayA;sensor02→gatewayC;sensor03→gatewayC;sensor04→gatewayA;sensor05→gatewayA;sensor06→gatewayA;sensor07→gatewayA;sensor08→gatewayA;sensor09→gatewayA;sensor10→gatewayA,d708670db0b5,66.88799038921111,17.333499005964214,-15.112009610788888,-53.666500994035786,15,15,15,1.023117364058307,4.27067259301489,92.53240863732839,81.14330309886016
82,72,Proposed fairness greedy (lambda=1),10,sensor01→gatewayA;sensor02→gatewayC;sensor03→gatewayC;sensor04→gatewayA;sensor05→gatewayA;sensor06→gatewayA;sensor07→gatewayA;sensor08→gatewayA;sensor09→gatewayA;sensor10→gatewayC,d53238027e5c,68.10613204500537,17.333499005964214,-13.893867954994633,-54.666500994035786,15,15,15,0.9514619725409981,4.38831965183842,92.64450689912206,81.14330309886016
82,72,Multi-cover greedy,10,sensor01→gatewayA;sensor02→gatewayC;sensor03→gatewayC;sensor04→gatewayA;sensor05→gatewayA;sensor06→gatewayA;sensor07→gatewayA;sensor08→gatewayA;sensor09→gatewayA;sensor10→gatewayA,d708670db0b5,66.88799038921111,17.333499005964214,-15.112009610788888,-54.666500994035786,15,15,15,1.023117364058307,4.38831965183842,92.53240863732839,81.14330309886016
82,73,Proposed fairness greedy (lambda=1),10,sensor01→gatewayA;sensor02→gatewayC;sensor03→gatewayC;sensor04→gatewayA;sensor05→gatewayA;sensor06→gatewayA;sensor07→gatewayA;sensor08→gatewayA;sensor09→gatewayA;sensor10→gatewayC,d53238027e5c,68.10613204500537,17.333499005964214,-13.893867954994633,-55.666500994035786,15,15,15,0.9514619725409981,4.505966710661949,92.64450689912206,81.14330309886016
82,73,Multi-cover greedy,10,sensor01→gatewayA;sensor02→gatewayC;sensor03→gatewayC;sensor04→gatewayA;sensor05→gatewayA;sensor06→gatewayA;sensor07→gatewayA;sensor08→gatewayA;sensor09→gatewayA;sensor10→gatewayA,d708670db0b5,66.88799038921111,17.333499005964214,-15.112009610788888,-55.666500994035786,15,15,15,1.023117364058307,4.505966710661949,92.53240863732839,81.14330309886016
82,74,Proposed fairness greedy (lambda=1),10,sensor01→gatewayA;sensor02→gatewayC;sensor03→gatewayC;sensor04→gatewayA;sensor05→gatewayA;sensor06→gatewayA;sensor07→gatewayA;sensor08→gatewayA;sensor09→gatewayA;sensor10→gatewayC,d53238027e5c,68.10613204500537,17.333499005964214,-13.893867954994633,-56.666500994035786,15,15,15,0.9514619725409981,4.623613769485479,92.64450689912206,81.14330309886016
82,74,Multi-cover greedy,10,sensor01→gatewayA;sensor02→gatewayC;sensor03→gatewayC;sensor04→gatewayA;sensor05→gatewayA;sensor06→gatewayA;sensor07→gatewayA;sensor08→gatewayA;sensor09→gatewayA;sensor10→gatewayA,d708670db0b5,66.88799038921111,17.333499005964214,-15.112009610788888,-56.666500994035786,15,15,15,1.023117364058307,4.623613769485479,92.53240863732839,81.14330309886016
82,75,Proposed fairness greedy (lambda=1),10,sensor01→gatewayA;sensor02→gatewayC;sensor03→gatewayC;sensor04→gatewayA;sensor05→gatewayA;sensor06→gatewayA;sensor07→gatewayA;sensor08→gatewayA;sensor09→gatewayA;sensor10→gatewayC,d53238027e5c,68.10613204500537,17.333499005964214,-13.893867954994633,-57.666500994035786,15,15,15,0.9514619725409981,4.741260828309008,92.64450689912206,81.14330309886016
82,75,Multi-cover greedy,10,sensor01→gatewayA;sensor02→gatewayC;sensor03→gatewayC;sensor04→gatewayA;sensor05→gatewayA;sensor06→gatewayA;sensor07→gatewayA;sensor08→gatewayA;sensor09→gatewayA;sensor10→gatewayA,d708670db0b5,66.88799038921111,17.333499005964214,-15.112009610788888,-57.666500994035786,15,15,15,1.023117364058307,4.741260828309008,92.53240863732839,81.14330309886016
82,76,Proposed fairness greedy (lambda=1),10,sensor01→gatewayA;sensor02→gatewayC;sensor03→gatewayC;sensor04→gatewayA;sensor05→gatewayA;sensor06→gatewayA;sensor07→gatewayA;sensor08→gatewayA;sensor09→gatewayA;sensor10→gatewayC,d53238027e5c,68.10613204500537,17.333499005964214,-13.893867954994633,-58.666500994035786,15,15,15,0.9514619725409981,4.8589078871325375,92.64450689912206,81.14330309886016
82,76,Multi-cover greedy,10,sensor01→gatewayA;sensor02→gatewayC;sensor03→gatewayC;sensor04→gatewayA;sensor05→gatewayA;sensor06→gatewayA;sensor07→gatewayA;sensor08→gatewayA;sensor09→gatewayA;sensor10→gatewayA,d708670db0b5,66.88799038921111,17.333499005964214,-15.112009610788888,-58.666500994035786,15,15,15,1.023117364058307,4.8589078871325375,92.53240863732839,81.14330309886016
82,77,Proposed fairness greedy (lambda=1),10,sensor01→gatewayA;sensor02→gatewayC;sensor03→gatewayC;sensor04→gatewayA;sensor05→gatewayA;sensor06→gatewayA;sensor07→gatewayA;sensor08→gatewayA;sensor09→gatewayA;sensor10→gatewayC,d53238027e5c,68.10613204500537,17.333499005964214,-13.893867954994633,-59.666500994035786,15,15,15,0.9514619725409981,4.9765549459560665,92.64450689912206,81.14330309886016
82,77,Multi-cover greedy,10,sensor01→gatewayA;sensor02→gatewayC;sensor03→gatewayC;sensor04→gatewayA;sensor05→gatewayA;sensor06→gatewayA;sensor07→gatewayA;sensor08→gatewayA;sensor09→gatewayA;sensor10→gatewayA,d708670db0b5,66.88799038921111,17.333499005964214,-15.112009610788888,-59.666500994035786,15,15,15,1.023117364058307,4.9765549459560665,92.53240863732839,81.14330309886016
82,89,Proposed fairness greedy (lambda=1),12,sensor01→gatewayA;sensor01→gatewayC;sensor02→gatewayC;sensor03→gatewayC;sensor04→gatewayA;sensor04→gatewayC;sensor05→gatewayA;sensor06→gatewayA;sensor07→gatewayA;sensor08→gatewayA;sensor09→gatewayA;sensor10→gatewayC,fba66e5cdf8c,78.5242788678904,17.333499005964214,-3.475721132109598,-71.66650099403579,15,12,12,0.3085778729913617,6.64206402885783,95.30868439399289,84.31997339445302
82,89,Multi-cover greedy,12,sensor01→gatewayA;sensor01→gatewayB;sensor02→gatewayC;sensor03→gatewayC;sensor04→gatewayA;sensor04→gatewayC;sensor05→gatewayA;sensor06→gatewayA;sensor07→gatewayA;sensor08→gatewayA;sensor09→gatewayA;sensor10→gatewayC,1857c34ccaa1,74.07283014480772,17.333499005964214,-7.927169855192275,-71.66650099403579,15,8,8,0.5776277402790387,7.0949621683777915,94.15400091545355,82.67847276683732
82,91,Proposed fairness greedy (lambda=1),14,sensor01→gatewayA;sensor01→gatewayC;sensor02→gatewayC;sensor03→gatewayC;sensor04→gatewayA;sensor04→gatewayC;sensor05→gatewayA;sensor06→gatewayA;sensor07→gatewayA;sensor07→gatewayC;sensor08→gatewayA;sensor08→gatewayB;sensor09→gatewayA;sensor10→gatewayC,ba7836f47dfe,81.05742110584855,17.333499005964214,-0.9425788941514526,-73.66650099403579,16,14,14,0.05544581730302662,6.483755642410328,97.23834709357982,89.23134868455652
82,91,Multi-cover greedy,14,sensor01→gatewayA;sensor01→gatewayC;sensor02→gatewayC;sensor03→gatewayC;sensor04→gatewayA;sensor04→gatewayC;sensor05→gatewayA;sensor06→gatewayA;sensor07→gatewayA;sensor07→gatewayB;sensor08→gatewayA;sensor08→gatewayB;sensor09→gatewayA;sensor10→gatewayC,7d0409742162,80.99223032302699,17.333499005964214,-1.0077696769730125,-73.66650099403579,16,11,11,0.059280569233706615,7.005931362090352,96.43474975762871,86.58389421375502
82,92,Proposed fairness greedy (lambda=1),14,sensor01→gatewayA;sensor01→gatewayC;sensor02→gatewayC;sensor03→gatewayC;sensor04→gatewayA;sensor04→gatewayC;sensor05→gatewayA;sensor06→gatewayA;sensor07→gatewayA;sensor07→gatewayC;sensor08→gatewayA;sensor08→gatewayB;sensor09→gatewayA;sensor10→gatewayC,ba7836f47dfe,81.05742110584855,17.333499005964214,-0.9425788941514526,-74.66650099403579,16,14,14,0.05544581730302662,6.660226230645622,97.23834709357982,89.23134868455652
82,92,Multi-cover greedy,14,sensor01→gatewayA;sensor01→gatewayC;sensor02→gatewayC;sensor03→gatewayC;sensor04→gatewayA;sensor04→gatewayC;sensor05→gatewayA;sensor06→gatewayA;sensor07→gatewayA;sensor07→gatewayB;sensor08→gatewayA;sensor08→gatewayB;sensor09→gatewayA;sensor10→gatewayC,7d0409742162,80.99223032302699,17.333499005964214,-1.0077696769730125,-74.66650099403579,16,10,10,0.059280569233706615,7.417269307087821,96.43474975762871,86.58389421375502
82,95,Proposed fairness greedy (lambda=1),17,sensor01→gatewayA;sensor01→gatewayC;sensor02→gatewayA;sensor02→gatewayC;sensor03→gatewayA;sensor03→gatewayC;sensor04→gatewayA;sensor04→gatewayC;sensor05→gatewayA;sensor05→gatewayC;sensor06→gatewayA;sensor07→gatewayA;sensor07→gatewayC;sensor08→gatewayA;sensor08→gatewayB;sensor09→gatewayA;sensor10→gatewayC,126ff9a6f407,92.6020177489569,60.10386612810156,10.602017748956897,-34.89613387189844,17,15,15,0.0,2.0666735145595405,99.1281265199174,94.76426136423231
82,95,Multi-cover greedy,17,sensor01→gatewayA;sensor01→gatewayC;sensor02→gatewayA;sensor02→gatewayC;sensor03→gatewayA;sensor03→gatewayC;sensor04→gatewayA;sensor04→gatewayC;sensor05→gatewayA;sensor05→gatewayB;sensor06→gatewayA;sensor07→gatewayA;sensor07→gatewayC;sensor08→gatewayA;sensor08→gatewayB;sensor09→gatewayA;sensor10→gatewayC,4deb1457865a,88.66211101494581,60.10386612810156,6.662111014945808,-34.89613387189844,17,15,15,0.0,2.0666735145595405,98.62758524078373,94.41404901090611
83,50,Proposed fairness greedy (lambda=1),10,sensor01→gatewayA;sensor02→gatewayC;sensor03→gatewayC;sensor04→gatewayA;sensor05→gatewayA;sensor06→gatewayA;sensor07→gatewayA;sensor08→gatewayA;sensor09→gatewayA;sensor10→gatewayC,d53238027e5c,68.10613204500537,17.333499005964214,-14.893867954994633,-32.666500994035786,15,16,15,1.0691090313645275,1.921558882002105,92.64450689912206,81.14330309886016
83,50,Multi-cover greedy,10,sensor01→gatewayA;sensor02→gatewayC;sensor03→gatewayC;sensor04→gatewayA;sensor05→gatewayA;sensor06→gatewayA;sensor07→gatewayA;sensor08→gatewayA;sensor09→gatewayA;sensor10→gatewayA,d708670db0b5,66.88799038921111,17.333499005964214,-16.11200961078889,-32.666500994035786,15,16,15,1.1407644228818365,1.921558882002105,92.53240863732839,81.14330309886016
83,51,Proposed fairness greedy (lambda=1),10,sensor01→gatewayA;sensor02→gatewayC;sensor03→gatewayC;sensor04→gatewayA;sensor05→gatewayA;sensor06→gatewayA;sensor07→gatewayA;sensor08→gatewayA;sensor09→gatewayA;sensor10→gatewayC,d53238027e5c,68.10613204500537,17.333499005964214,-14.893867954994633,-33.666500994035786,15,16,15,1.0691090313645275,1.9803824114138697,92.64450689912206,81.14330309886016
83,51,Multi-cover greedy,10,sensor01→gatewayA;sensor02→gatewayC;sensor03→gatewayC;sensor04→gatewayA;sensor05→gatewayA;sensor06→gatewayA;sensor07→gatewayA;sensor08→gatewayA;sensor09→gatewayA;sensor10→gatewayA,d708670db0b5,66.88799038921111,17.333499005964214,-16.11200961078889,-33.666500994035786,15,16,15,1.1407644228818365,1.9803824114138697,92.53240863732839,81.14330309886016
83,52,Proposed fairness greedy (lambda=1),10,sensor01→gatewayA;sensor02→gatewayC;sensor03→gatewayC;sensor04→gatewayA;sensor05→gatewayA;sensor06→gatewayA;sensor07→gatewayA;sensor08→gatewayA;sensor09→gatewayA;sensor10→gatewayC,d53238027e5c,68.10613204500537,17.333499005964214,-14.893867954994633,-34.666500994035786,15,16,15,1.0691090313645275,2.0392059408256347,92.64450689912206,81.14330309886016
83,52,Multi-cover greedy,10,sensor01→gatewayA;sensor02→gatewayC;sensor03→gatewayC;sensor04→gatewayA;sensor05→gatewayA;sensor06→gatewayA;sensor07→gatewayA;sensor08→gatewayA;sensor09→gatewayA;sensor10→gatewayA,d708670db0b5,66.88799038921111,17.333499005964214,-16.11200961078889,-34.666500994035786,15,16,15,1.1407644228818365,2.0392059408256347,92.53240863732839,81.14330309886016
83,53,Proposed fairness greedy (lambda=1),10,sensor01→gatewayA;sensor02→gatewayC;sensor03→gatewayC;sensor04→gatewayA;sensor05→gatewayA;sensor06→gatewayA;sensor07→gatewayA;sensor08→gatewayA;sensor09→gatewayA;sensor10→gatewayC,d53238027e5c,68.10613204500537,17.333499005964214,-14.893867954994633,-35.666500994035786,15,15,15,1.0691090313645275,2.153025534191361,92.64450689912206,81.14330309886016
83,53,Multi-cover greedy,10,sensor01→gatewayA;sensor02→gatewayC;sensor03→gatewayC;sensor04→gatewayA;sensor05→gatewayA;sensor06→gatewayA;sensor07→gatewayA;sensor08→gatewayA;sensor09→gatewayA;sensor10→gatewayA,d708670db0b5,66.88799038921111,17.333499005964214,-16.11200961078889,-35.666500994035786,15,15,15,1.1407644228818365,2.153025534191361,92.53240863732839,81.14330309886016
83,54,Proposed fairness greedy (lambda=1),10,sensor01→gatewayA;sensor02→gatewayC;sensor03→gatewayC;sensor04→gatewayA;sensor05→gatewayA;sensor06→gatewayA;sensor07→gatewayA;sensor08→gatewayA;sensor09→gatewayA;sensor10→gatewayC,d53238027e5c,68.10613204500537,17.333499005964214,-14.893867954994633,-36.666500994035786,15,15,15,1.0691090313645275,2.2706725930148903,92.64450689912206,81.14330309886016
83,54,Multi-cover greedy,10,sensor01→gatewayA;sensor02→gatewayC;sensor03→gatewayC;sensor04→gatewayA;sensor05→gatewayA;sensor06→gatewayA;sensor07→gatewayA;sensor08→gatewayA;sensor09→gatewayA;sensor10→gatewayA,d708670db0b5,66.88799038921111,17.333499005964214,-16.11200961078889,-36.666500994035786,15,15,15,1.1407644228818365,2.2706725930148903,92.53240863732839,81.14330309886016
83,55,Proposed fairness greedy (lambda=1),10,sensor01→gatewayA;sensor02→gatewayC;sensor03→gatewayC;sensor04→gatewayA;sensor05→gatewayA;sensor06→gatewayA;sensor07→gatewayA;sensor08→gatewayA;sensor09→gatewayA;sensor10→gatewayC,d53238027e5c,68.10613204500537,17.333499005964214,-14.893867954994633,-37.666500994035786,15,15,15,1.0691090313645275,2.3883196518384198,92.64450689912206,81.14330309886016
83,55,Multi-cover greedy,10,sensor01→gatewayA;sensor02→gatewayC;sensor03→gatewayC;sensor04→gatewayA;sensor05→gatewayA;sensor06→gatewayA;sensor07→gatewayA;sensor08→gatewayA;sensor09→gatewayA;sensor10→gatewayA,d708670db0b5,66.88799038921111,17.333499005964214,-16.11200961078889,-37.666500994035786,15,15,15,1.1407644228818365,2.3883196518384198,92.53240863732839,81.14330309886016
83,56,Proposed fairness greedy (lambda=1),10,sensor01→gatewayA;sensor02→gatewayC;sensor03→gatewayC;sensor04→gatewayA;sensor05→gatewayA;sensor06→gatewayA;sensor07→gatewayA;sensor08→gatewayA;sensor09→gatewayA;sensor10→gatewayC,d53238027e5c,68.10613204500537,17.333499005964214,-14.893867954994633,-38.666500994035786,15,15,15,1.0691090313645275,2.505966710661949,92.64450689912206,81.14330309886016
83,56,Multi-cover greedy,10,sensor01→gatewayA;sensor02→gatewayC;sensor03→gatewayC;sensor04→gatewayA;sensor05→gatewayA;sensor06→gatewayA;sensor07→gatewayA;sensor08→gatewayA;sensor09→gatewayA;sensor10→gatewayA,d708670db0b5,66.88799038921111,17.333499005964214,-16.11200961078889,-38.666500994035786,15,15,15,1.1407644228818365,2.505966710661949,92.53240863732839,81.14330309886016
83,57,Proposed fairness greedy (lambda=1),10,sensor01→gatewayA;sensor02→gatewayC;sensor03→gatewayC;sensor04→gatewayA;sensor05→gatewayA;sensor06→gatewayA;sensor07→gatewayA;sensor08→gatewayA;sensor09→gatewayA;sensor10→gatewayC,d53238027e5c,68.10613204500537,17.333499005964214,-14.893867954994633,-39.666500994035786,15,15,15,1.0691090313645275,2.6236137694854786,92.64450689912206,81.14330309886016
83,57,Multi-cover greedy,10,sensor01→gatewayA;sensor02→gatewayC;sensor03→gatewayC;sensor04→gatewayA;sensor05→gatewayA;sensor06→gatewayA;sensor07→gatewayA;sensor08→gatewayA;sensor09→gatewayA;sensor10→gatewayA,d708670db0b5,66.88799038921111,17.333499005964214,-16.11200961078889,-39.666500994035786,15,15,15,1.1407644228818365,2.6236137694854786,92.53240863732839,81.14330309886016
83,58,Proposed fairness greedy (lambda=1),10,sensor01→gatewayA;sensor02→gatewayC;sensor03→gatewayC;sensor04→gatewayA;sensor05→gatewayA;sensor06→gatewayA;sensor07→gatewayA;sensor08→gatewayA;sensor09→gatewayA;sensor10→gatewayC,d53238027e5c,68.10613204500537,17.333499005964214,-14.893867954994633,-40.666500994035786,15,15,15,1.0691090313645275,2.741260828309008,92.64450689912206,81.14330309886016
83,58,Multi-cover greedy,10,sensor01→gatewayA;sensor02→gatewayC;sensor03→gatewayC;sensor04→gatewayA;sensor05→gatewayA;sensor06→gatewayA;sensor07→gatewayA;sensor08→gatewayA;sensor09→gatewayA;sensor10→gatewayA,d708670db0b5,66.88799038921111,17.333499005964214,-16.11200961078889,-40.666500994035786,15,15,15,1.1407644228818365,2.741260828309008,92.53240863732839,81.14330309886016
83,59,Proposed fairness greedy (lambda=1),10,sensor01→gatewayA;sensor02→gatewayC;sensor03→gatewayC;sensor04→gatewayA;sensor05→gatewayA;sensor06→gatewayA;sensor07→gatewayA;sensor08→gatewayA;sensor09→gatewayA;sensor10→gatewayC,d53238027e5c,68.10613204500537,17.333499005964214,-14.893867954994633,-41.666500994035786,15,15,15,1.0691090313645275,2.8589078871325375,92.64450689912206,81.14330309886016
83,59,Multi-cover greedy,10,sensor01→gatewayA;sensor02→gatewayC;sensor03→gatewayC;sensor04→gatewayA;sensor05→gatewayA;sensor06→gatewayA;sensor07→gatewayA;sensor08→gatewayA;sensor09→gatewayA;sensor10→gatewayA,d708670db0b5,66.88799038921111,17.333499005964214,-16.11200961078889,-41.666500994035786,15,15,15,1.1407644228818365,2.8589078871325375,92.53240863732839,81.14330309886016
83,60,Proposed fairness greedy (lambda=1),10,sensor01→gatewayA;sensor02→gatewayC;sensor03→gatewayC;sensor04→gatewayA;sensor05→gatewayA;sensor06→gatewayA;sensor07→gatewayA;sensor08→gatewayA;sensor09→gatewayA;sensor10→gatewayC,d53238027e5c,68.10613204500537,17.333499005964214,-14.893867954994633,-42.666500994035786,15,15,15,1.0691090313645275,2.976554945956067,92.64450689912206,81.14330309886016
83,60,Multi-cover greedy,10,sensor01→gatewayA;sensor02→gatewayC;sensor03→gatewayC;sensor04→gatewayA;sensor05→gatewayA;sensor06→gatewayA;sensor07→gatewayA;sensor08→gatewayA;sensor09→gatewayA;sensor10→gatewayA,d708670db0b5,66.88799038921111,17.333499005964214,-16.11200961078889,-42.666500994035786,15,15,15,1.1407644228818365,2.976554945956067,92.53240863732839,81.14330309886016
83,61,Proposed fairness greedy (lambda=1),10,sensor01→gatewayA;sensor02→gatewayC;sensor03→gatewayC;sensor04→gatewayA;sensor05→gatewayA;sensor06→gatewayA;sensor07→gatewayA;sensor08→gatewayA;sensor09→gatewayA;sensor10→gatewayC,d53238027e5c,68.10613204500537,17.333499005964214,-14.893867954994633,-43.666500994035786,15,15,15,1.0691090313645275,3.0942020047795964,92.64450689912206,81.14330309886016
83,61,Multi-cover greedy,10,sensor01→gatewayA;sensor02→gatewayC;sensor03→gatewayC;sensor04→gatewayA;sensor05→gatewayA;sensor06→gatewayA;sensor07→gatewayA;sensor08→gatewayA;sensor09→gatewayA;sensor10→gatewayA,d708670db0b5,66.88799038921111,17.333499005964214,-16.11200961078889,-43.666500994035786,15,15,15,1.1407644228818365,3.0942020047795964,92.53240863732839,81.14330309886016
83,62,Proposed fairness greedy (lambda=1),10,sensor01→gatewayA;sensor02→gatewayC;sensor03→gatewayC;sensor04→gatewayA;sensor05→gatewayA;sensor06→gatewayA;sensor07→gatewayA;sensor08→gatewayA;sensor09→gatewayA;sensor10→gatewayC,d53238027e5c,68.10613204500537,17.333499005964214,-14.893867954994633,-44.666500994035786,15,15,15,1.0691090313645275,3.211849063603126,92.64450689912206,81.14330309886016
83,62,Multi-cover greedy,10,sensor01→gatewayA;sensor02→gatewayC;sensor03→gatewayC;sensor04→gatewayA;sensor05→gatewayA;sensor06→gatewayA;sensor07→gatewayA;sensor08→gatewayA;sensor09→gatewayA;sensor10→gatewayA,d708670db0b5,66.88799038921111,17.333499005964214,-16.11200961078889,-44.666500994035786,15,15,15,1.1407644228818365,3.211849063603126,92.53240863732839,81.14330309886016
83,63,Proposed fairness greedy (lambda=1),10,sensor01→gatewayA;sensor02→gatewayC;sensor03→gatewayC;sensor04→gatewayA;sensor05→gatewayA;sensor06→gatewayA;sensor07→gatewayA;sensor08→gatewayA;sensor09→gatewayA;sensor10→gatewayC,d53238027e5c,68.10613204500537,17.333499005964214,-14.893867954994633,-45.666500994035786,15,15,15,1.0691090313645275,3.3294961224266553,92.64450689912206,81.14330309886016
83,63,Multi-cover greedy,10,sensor01→gatewayA;sensor02→gatewayC;sensor03→gatewayC;sensor04→gatewayA;sensor05→gatewayA;sensor06→gatewayA;sensor07→gatewayA;sensor08→gatewayA;sensor09→gatewayA;sensor10→gatewayA,d708670db0b5,66.88799038921111,17.333499005964214,-16.11200961078889,-45.666500994035786,15,15,15,1.1407644228818365,3.3294961224266553,92.53240863732839,81.14330309886016
83,64,Proposed fairness greedy (lambda=1),10,sensor01→gatewayA;sensor02→gatewayC;sensor03→gatewayC;sensor04→gatewayA;sensor05→gatewayA;sensor06→gatewayA;sensor07→gatewayA;sensor08→gatewayA;sensor09→gatewayA;sensor10→gatewayC,d53238027e5c,68.10613204500537,17.333499005964214,-14.893867954994633,-46.666500994035786,15,15,15,1.0691090313645275,3.4471431812501847,92.64450689912206,81.14330309886016
83,64,Multi-cover greedy,10,sensor01→gatewayA;sensor02→gatewayC;sensor03→gatewayC;sensor04→gatewayA;sensor05→gatewayA;sensor06→gatewayA;sensor07→gatewayA;sensor08→gatewayA;sensor09→gatewayA;sensor10→gatewayA,d708670db0b5,66.88799038921111,17.333499005964214,-16.11200961078889,-46.666500994035786,15,15,15,1.1407644228818365,3.4471431812501847,92.53240863732839,81.14330309886016
83,65,Proposed fairness greedy (lambda=1),10,sensor01→gatewayA;sensor02→gatewayC;sensor03→gatewayC;sensor04→gatewayA;sensor05→gatewayA;sensor06→gatewayA;sensor07→gatewayA;sensor08→gatewayA;sensor09→gatewayA;sensor10→gatewayC,d53238027e5c,68.10613204500537,17.333499005964214,-14.893867954994633,-47.666500994035786,15,15,15,1.0691090313645275,3.564790240073714,92.64450689912206,81.14330309886016
83,65,Multi-cover greedy,10,sensor01→gatewayA;sensor02→gatewayC;sensor03→gatewayC;sensor04→gatewayA;sensor05→gatewayA;sensor06→gatewayA;sensor07→gatewayA;sensor08→gatewayA;sensor09→gatewayA;sensor10→gatewayA,d708670db0b5,66.88799038921111,17.333499005964214,-16.11200961078889,-47.666500994035786,15,15,15,1.1407644228818365,3.564790240073714,92.53240863732839,81.14330309886016
83,66,Proposed fairness greedy (lambda=1),10,sensor01→gatewayA;sensor02→gatewayC;sensor03→gatewayC;sensor04→gatewayA;sensor05→gatewayA;sensor06→gatewayA;sensor07→gatewayA;sensor08→gatewayA;sensor09→gatewayA;sensor10→gatewayC,d53238027e5c,68.10613204500537,17.333499005964214,-14.893867954994633,-48.666500994035786,15,15,15,1.0691090313645275,3.6824372988972436,92.64450689912206,81.14330309886016
83,66,Multi-cover greedy,10,sensor01→gatewayA;sensor02→gatewayC;sensor03→gatewayC;sensor04→gatewayA;sensor05→gatewayA;sensor06→gatewayA;sensor07→gatewayA;sensor08→gatewayA;sensor09→gatewayA;sensor10→gatewayA,d708670db0b5,66.88799038921111,17.333499005964214,-16.11200961078889,-48.666500994035786,15,15,15,1.1407644228818365,3.6824372988972436,92.53240863732839,81.14330309886016
83,67,Proposed fairness greedy (lambda=1),10,sensor01→gatewayA;sensor02→gatewayC;sensor03→gatewayC;sensor04→gatewayA;sensor05→gatewayA;sensor06→gatewayA;sensor07→gatewayA;sensor08→gatewayA;sensor09→gatewayA;sensor10→gatewayC,d53238027e5c,68.10613204500537,17.333499005964214,-14.893867954994633,-49.666500994035786,15,15,15,1.0691090313645275,3.8000843577207726,92.64450689912206,81.14330309886016
83,67,Multi-cover greedy,10,sensor01→gatewayA;sensor02→gatewayC;sensor03→gatewayC;sensor04→gatewayA;sensor05→gatewayA;sensor06→gatewayA;sensor07→gatewayA;sensor08→gatewayA;sensor09→gatewayA;sensor10→gatewayA,d708670db0b5,66.88799038921111,17.333499005964214,-16.11200961078889,-49.666500994035786,15,15,15,1.1407644228818365,3.8000843577207726,92.53240863732839,81.14330309886016
83,68,Proposed fairness greedy (lambda=1),10,sensor01→gatewayA;sensor02→gatewayC;sensor03→gatewayC;sensor04→gatewayA;sensor05→gatewayA;sensor06→gatewayA;sensor07→gatewayA;sensor08→gatewayA;sensor09→gatewayA;sensor10→gatewayC,d53238027e5c,68.10613204500537,17.333499005964214,-14.893867954994633,-50.666500994035786,15,15,15,1.0691090313645275,3.917731416544302,92.64450689912206,81.14330309886016
83,68,Multi-cover greedy,10,sensor01→gatewayA;sensor02→gatewayC;sensor03→gatewayC;sensor04→gatewayA;sensor05→gatewayA;sensor06→gatewayA;sensor07→gatewayA;sensor08→gatewayA;sensor09→gatewayA;sensor10→gatewayA,d708670db0b5,66.88799038921111,17.333499005964214,-16.11200961078889,-50.666500994035786,15,15,15,1.1407644228818365,3.917731416544302,92.53240863732839,81.14330309886016
83,69,Proposed fairness greedy (lambda=1),10,sensor01→gatewayA;sensor02→gatewayC;sensor03→gatewayC;sensor04→gatewayA;sensor05→gatewayA;sensor06→gatewayA;sensor07→gatewayA;sensor08→gatewayA;sensor09→gatewayA;sensor10→gatewayC,d53238027e5c,68.10613204500537,17.333499005964214,-14.893867954994633,-51.666500994035786,15,15,15,1.0691090313645275,4.035378475367831,92.64450689912206,81.14330309886016
83,69,Multi-cover greedy,10,sensor01→gatewayA;sensor02→gatewayC;sensor03→gatewayC;sensor04→gatewayA;sensor05→gatewayA;sensor06→gatewayA;sensor07→gatewayA;sensor08→gatewayA;sensor09→gatewayA;sensor10→gatewayA,d708670db0b5,66.88799038921111,17.333499005964214,-16.11200961078889,-51.666500994035786,15,15,15,1.1407644228818365,4.035378475367831,92.53240863732839,81.14330309886016
83,70,Proposed fairness greedy (lambda=1),10,sensor01→gatewayA;sensor02→gatewayC;sensor03→gatewayC;sensor04→gatewayA;sensor05→gatewayA;sensor06→gatewayA;sensor07→gatewayA;sensor08→gatewayA;sensor09→gatewayA;sensor10→gatewayC,d53238027e5c,68.10613204500537,17.333499005964214,-14.893867954994633,-52.666500994035786,15,15,15,1.0691090313645275,4.153025534191361,92.64450689912206,81.14330309886016
83,70,Multi-cover greedy,10,sensor01→gatewayA;sensor02→gatewayC;sensor03→gatewayC;sensor04→gatewayA;sensor05→gatewayA;sensor06→gatewayA;sensor07→gatewayA;sensor08→gatewayA;sensor09→gatewayA;sensor10→gatewayA,d708670db0b5,66.88799038921111,17.333499005964214,-16.11200961078889,-52.666500994035786,15,15,15,1.1407644228818365,4.153025534191361,92.53240863732839,81.14330309886016
83,71,Proposed fairness greedy (lambda=1),10,sensor01→gatewayA;sensor02→gatewayC;sensor03→gatewayC;sensor04→gatewayA;sensor05→gatewayA;sensor06→gatewayA;sensor07→gatewayA;sensor08→gatewayA;sensor09→gatewayA;sensor10→gatewayC,d53238027e5c,68.10613204500537,17.333499005964214,-14.893867954994633,-53.666500994035786,15,15,15,1.0691090313645275,4.27067259301489,92.64450689912206,81.14330309886016
83,71,Multi-cover greedy,10,sensor01→gatewayA;sensor02→gatewayC;sensor03→gatewayC;sensor04→gatewayA;sensor05→gatewayA;sensor06→gatewayA;sensor07→gatewayA;sensor08→gatewayA;sensor09→gatewayA;sensor10→gatewayA,d708670db0b5,66.88799038921111,17.333499005964214,-16.11200961078889,-53.666500994035786,15,15,15,1.1407644228818365,4.27067259301489,92.53240863732839,81.14330309886016
83,72,Proposed fairness greedy (lambda=1),10,sensor01→gatewayA;sensor02→gatewayC;sensor03→gatewayC;sensor04→gatewayA;sensor05→gatewayA;sensor06→gatewayA;sensor07→gatewayA;sensor08→gatewayA;sensor09→gatewayA;sensor10→gatewayC,d53238027e5c,68.10613204500537,17.333499005964214,-14.893867954994633,-54.666500994035786,15,15,15,1.0691090313645275,4.38831965183842,92.64450689912206,81.14330309886016
83,72,Multi-cover greedy,10,sensor01→gatewayA;sensor02→gatewayC;sensor03→gatewayC;sensor04→gatewayA;sensor05→gatewayA;sensor06→gatewayA;sensor07→gatewayA;sensor08→gatewayA;sensor09→gatewayA;sensor10→gatewayA,d708670db0b5,66.88799038921111,17.333499005964214,-16.11200961078889,-54.666500994035786,15,15,15,1.1407644228818365,4.38831965183842,92.53240863732839,81.14330309886016
83,73,Proposed fairness greedy (lambda=1),10,sensor01→gatewayA;sensor02→gatewayC;sensor03→gatewayC;sensor04→gatewayA;sensor05→gatewayA;sensor06→gatewayA;sensor07→gatewayA;sensor08→gatewayA;sensor09→gatewayA;sensor10→gatewayC,d53238027e5c,68.10613204500537,17.333499005964214,-14.893867954994633,-55.666500994035786,15,15,15,1.0691090313645275,4.505966710661949,92.64450689912206,81.14330309886016
83,73,Multi-cover greedy,10,sensor01→gatewayA;sensor02→gatewayC;sensor03→gatewayC;sensor04→gatewayA;sensor05→gatewayA;sensor06→gatewayA;sensor07→gatewayA;sensor08→gatewayA;sensor09→gatewayA;sensor10→gatewayA,d708670db0b5,66.88799038921111,17.333499005964214,-16.11200961078889,-55.666500994035786,15,15,15,1.1407644228818365,4.505966710661949,92.53240863732839,81.14330309886016
83,74,Proposed fairness greedy (lambda=1),10,sensor01→gatewayA;sensor02→gatewayC;sensor03→gatewayC;sensor04→gatewayA;sensor05→gatewayA;sensor06→gatewayA;sensor07→gatewayA;sensor08→gatewayA;sensor09→gatewayA;sensor10→gatewayC,d53238027e5c,68.10613204500537,17.333499005964214,-14.893867954994633,-56.666500994035786,15,15,15,1.0691090313645275,4.623613769485479,92.64450689912206,81.14330309886016
83,74,Multi-cover greedy,10,sensor01→gatewayA;sensor02→gatewayC;sensor03→gatewayC;sensor04→gatewayA;sensor05→gatewayA;sensor06→gatewayA;sensor07→gatewayA;sensor08→gatewayA;sensor09→gatewayA;sensor10→gatewayA,d708670db0b5,66.88799038921111,17.333499005964214,-16.11200961078889,-56.666500994035786,15,15,15,1.1407644228818365,4.623613769485479,92.53240863732839,81.14330309886016
83,75,Proposed fairness greedy (lambda=1),10,sensor01→gatewayA;sensor02→gatewayC;sensor03→gatewayC;sensor04→gatewayA;sensor05→gatewayA;sensor06→gatewayA;sensor07→gatewayA;sensor08→gatewayA;sensor09→gatewayA;sensor10→gatewayC,d53238027e5c,68.10613204500537,17.333499005964214,-14.893867954994633,-57.666500994035786,15,15,15,1.0691090313645275,4.741260828309008,92.64450689912206,81.14330309886016
83,75,Multi-cover greedy,10,sensor01→gatewayA;sensor02→gatewayC;sensor03→gatewayC;sensor04→gatewayA;sensor05→gatewayA;sensor06→gatewayA;sensor07→gatewayA;sensor08→gatewayA;sensor09→gatewayA;sensor10→gatewayA,d708670db0b5,66.88799038921111,17.333499005964214,-16.11200961078889,-57.666500994035786,15,15,15,1.1407644228818365,4.741260828309008,92.53240863732839,81.14330309886016
83,76,Proposed fairness greedy (lambda=1),10,sensor01→gatewayA;sensor02→gatewayC;sensor03→gatewayC;sensor04→gatewayA;sensor05→gatewayA;sensor06→gatewayA;sensor07→gatewayA;sensor08→gatewayA;sensor09→gatewayA;sensor10→gatewayC,d53238027e5c,68.10613204500537,17.333499005964214,-14.893867954994633,-58.666500994035786,15,15,15,1.0691090313645275,4.8589078871325375,92.64450689912206,81.14330309886016
83,76,Multi-cover greedy,10,sensor01→gatewayA;sensor02→gatewayC;sensor03→gatewayC;sensor04→gatewayA;sensor05→gatewayA;sensor06→gatewayA;sensor07→gatewayA;sensor08→gatewayA;sensor09→gatewayA;sensor10→gatewayA,d708670db0b5,66.88799038921111,17.333499005964214,-16.11200961078889,-58.666500994035786,15,15,15,1.1407644228818365,4.8589078871325375,92.53240863732839,81.14330309886016
83,77,Proposed fairness greedy (lambda=1),10,sensor01→gatewayA;sensor02→gatewayC;sensor03→gatewayC;sensor04→gatewayA;sensor05→gatewayA;sensor06→gatewayA;sensor07→gatewayA;sensor08→gatewayA;sensor09→gatewayA;sensor10→gatewayC,d53238027e5c,68.10613204500537,17.333499005964214,-14.893867954994633,-59.666500994035786,15,15,15,1.0691090313645275,4.9765549459560665,92.64450689912206,81.14330309886016
83,77,Multi-cover greedy,10,sensor01→gatewayA;sensor02→gatewayC;sensor03→gatewayC;sensor04→gatewayA;sensor05→gatewayA;sensor06→gatewayA;sensor07→gatewayA;sensor08→gatewayA;sensor09→gatewayA;sensor10→gatewayA,d708670db0b5,66.88799038921111,17.333499005964214,-16.11200961078889,-59.666500994035786,15,15,15,1.1407644228818365,4.9765549459560665,92.53240863732839,81.14330309886016
83,89,Proposed fairness greedy (lambda=1),12,sensor01→gatewayA;sensor01→gatewayC;sensor02→gatewayC;sensor03→gatewayC;sensor04→gatewayA;sensor04→gatewayC;sensor05→gatewayA;sensor06→gatewayA;sensor07→gatewayA;sensor08→gatewayA;sensor09→gatewayA;sensor10→gatewayC,fba66e5cdf8c,78.5242788678904,17.333499005964214,-4.475721132109598,-71.66650099403579,15,12,12,0.4262249318148911,6.64206402885783,95.30868439399289,84.31997339445302
83,89,Multi-cover greedy,12,sensor01→gatewayA;sensor01→gatewayB;sensor02→gatewayC;sensor03→gatewayC;sensor04→gatewayA;sensor04→gatewayC;sensor05→gatewayA;sensor06→gatewayA;sensor07→gatewayA;sensor08→gatewayA;sensor09→gatewayA;sensor10→gatewayC,1857c34ccaa1,74.07283014480772,17.333499005964214,-8.927169855192275,-71.66650099403579,15,8,8,0.6952747991025682,7.0949621683777915,94.15400091545355,82.67847276683732
83,91,Proposed fairness greedy (lambda=1),14,sensor01→gatewayA;sensor01→gatewayC;sensor02→gatewayC;sensor03→gatewayC;sensor04→gatewayA;sensor04→gatewayC;sensor05→gatewayA;sensor06→gatewayA;sensor07→gatewayA;sensor07→gatewayC;sensor08→gatewayA;sensor08→gatewayB;sensor09→gatewayA;sensor10→gatewayC,ba7836f47dfe,81.05742110584855,17.333499005964214,-1.9425788941514526,-73.66650099403579,16,14,14,0.11426934671479133,6.483755642410328,97.23834709357982,89.23134868455652
83,91,Multi-cover greedy,14,sensor01→gatewayA;sensor01→gatewayC;sensor02→gatewayC;sensor03→gatewayC;sensor04→gatewayA;sensor04→gatewayC;sensor05→gatewayA;sensor06→gatewayA;sensor07→gatewayA;sensor07→gatewayB;sensor08→gatewayA;sensor08→gatewayB;sensor09→gatewayA;sensor10→gatewayC,7d0409742162,80.99223032302699,17.333499005964214,-2.0077696769730125,-73.66650099403579,16,11,11,0.11810409864547132,7.005931362090352,96.43474975762871,86.58389421375502
83,92,Proposed fairness greedy (lambda=1),14,sensor01→gatewayA;sensor01→gatewayC;sensor02→gatewayC;sensor03→gatewayC;sensor04→gatewayA;sensor04→gatewayC;sensor05→gatewayA;sensor06→gatewayA;sensor07→gatewayA;sensor07→gatewayC;sensor08→gatewayA;sensor08→gatewayB;sensor09→gatewayA;sensor10→gatewayC,ba7836f47dfe,81.05742110584855,17.333499005964214,-1.9425788941514526,-74.66650099403579,16,14,14,0.11426934671479133,6.660226230645622,97.23834709357982,89.23134868455652
83,92,Multi-cover greedy,14,sensor01→gatewayA;sensor01→gatewayC;sensor02→gatewayC;sensor03→gatewayC;sensor04→gatewayA;sensor04→gatewayC;sensor05→gatewayA;sensor06→gatewayA;sensor07→gatewayA;sensor07→gatewayB;sensor08→gatewayA;sensor08→gatewayB;sensor09→gatewayA;sensor10→gatewayC,7d0409742162,80.99223032302699,17.333499005964214,-2.0077696769730125,-74.66650099403579,16,10,10,0.11810409864547132,7.417269307087821,96.43474975762871,86.58389421375502
83,95,Proposed fairness greedy (lambda=1),17,sensor01→gatewayA;sensor01→gatewayC;sensor02→gatewayA;sensor02→gatewayC;sensor03→gatewayA;sensor03→gatewayC;sensor04→gatewayA;sensor04→gatewayC;sensor05→gatewayA;sensor05→gatewayC;sensor06→gatewayA;sensor07→gatewayA;sensor07→gatewayC;sensor08→gatewayA;sensor08→gatewayB;sensor09→gatewayA;sensor10→gatewayC,126ff9a6f407,92.6020177489569,60.10386612810156,9.602017748956897,-34.89613387189844,17,15,15,0.0,2.0666735145595405,99.1281265199174,94.76426136423231
83,95,Multi-cover greedy,17,sensor01→gatewayA;sensor01→gatewayC;sensor02→gatewayA;sensor02→gatewayC;sensor03→gatewayA;sensor03→gatewayC;sensor04→gatewayA;sensor04→gatewayC;sensor05→gatewayA;sensor05→gatewayB;sensor06→gatewayA;sensor07→gatewayA;sensor07→gatewayC;sensor08→gatewayA;sensor08→gatewayB;sensor09→gatewayA;sensor10→gatewayC,4deb1457865a,88.66211101494581,60.10386612810156,5.662111014945808,-34.89613387189844,17,15,15,0.0,2.0666735145595405,98.62758524078373,94.41404901090611
84,50,Proposed fairness greedy (lambda=1),10,sensor01→gatewayA;sensor02→gatewayC;sensor03→gatewayC;sensor04→gatewayA;sensor05→gatewayA;sensor06→gatewayA;sensor07→gatewayA;sensor08→gatewayA;sensor09→gatewayA;sensor10→gatewayC,d53238027e5c,68.10613204500537,17.333499005964214,-15.893867954994633,-32.666500994035786,15,16,15,1.186756090188057,1.921558882002105,92.64450689912206,81.14330309886016
84,50,Multi-cover greedy,10,sensor01→gatewayA;sensor02→gatewayC;sensor03→gatewayC;sensor04→gatewayA;sensor05→gatewayA;sensor06→gatewayA;sensor07→gatewayA;sensor08→gatewayA;sensor09→gatewayA;sensor10→gatewayA,d708670db0b5,66.88799038921111,17.333499005964214,-17.11200961078889,-32.666500994035786,15,16,15,1.258411481705366,1.921558882002105,92.53240863732839,81.14330309886016
84,51,Proposed fairness greedy (lambda=1),10,sensor01→gatewayA;sensor02→gatewayC;sensor03→gatewayC;sensor04→gatewayA;sensor05→gatewayA;sensor06→gatewayA;sensor07→gatewayA;sensor08→gatewayA;sensor09→gatewayA;sensor10→gatewayC,d53238027e5c,68.10613204500537,17.333499005964214,-15.893867954994633,-33.666500994035786,15,16,15,1.186756090188057,1.9803824114138697,92.64450689912206,81.14330309886016
84,51,Multi-cover greedy,10,sensor01→gatewayA;sensor02→gatewayC;sensor03→gatewayC;sensor04→gatewayA;sensor05→gatewayA;sensor06→gatewayA;sensor07→gatewayA;sensor08→gatewayA;sensor09→gatewayA;sensor10→gatewayA,d708670db0b5,66.88799038921111,17.333499005964214,-17.11200961078889,-33.666500994035786,15,16,15,1.258411481705366,1.9803824114138697,92.53240863732839,81.14330309886016
84,52,Proposed fairness greedy (lambda=1),10,sensor01→gatewayA;sensor02→gatewayC;sensor03→gatewayC;sensor04→gatewayA;sensor05→gatewayA;sensor06→gatewayA;sensor07→gatewayA;sensor08→gatewayA;sensor09→gatewayA;sensor10→gatewayC,d53238027e5c,68.10613204500537,17.333499005964214,-15.893867954994633,-34.666500994035786,15,16,15,1.186756090188057,2.0392059408256347,92.64450689912206,81.14330309886016
84,52,Multi-cover greedy,10,sensor01→gatewayA;sensor02→gatewayC;sensor03→gatewayC;sensor04→gatewayA;sensor05→gatewayA;sensor06→gatewayA;sensor07→gatewayA;sensor08→gatewayA;sensor09→gatewayA;sensor10→gatewayA,d708670db0b5,66.88799038921111,17.333499005964214,-17.11200961078889,-34.666500994035786,15,16,15,1.258411481705366,2.0392059408256347,92.53240863732839,81.14330309886016
84,53,Proposed fairness greedy (lambda=1),10,sensor01→gatewayA;sensor02→gatewayC;sensor03→gatewayC;sensor04→gatewayA;sensor05→gatewayA;sensor06→gatewayA;sensor07→gatewayA;sensor08→gatewayA;sensor09→gatewayA;sensor10→gatewayC,d53238027e5c,68.10613204500537,17.333499005964214,-15.893867954994633,-35.666500994035786,15,15,15,1.186756090188057,2.153025534191361,92.64450689912206,81.14330309886016
84,53,Multi-cover greedy,10,sensor01→gatewayA;sensor02→gatewayC;sensor03→gatewayC;sensor04→gatewayA;sensor05→gatewayA;sensor06→gatewayA;sensor07→gatewayA;sensor08→gatewayA;sensor09→gatewayA;sensor10→gatewayA,d708670db0b5,66.88799038921111,17.333499005964214,-17.11200961078889,-35.666500994035786,15,15,15,1.258411481705366,2.153025534191361,92.53240863732839,81.14330309886016
84,54,Proposed fairness greedy (lambda=1),10,sensor01→gatewayA;sensor02→gatewayC;sensor03→gatewayC;sensor04→gatewayA;sensor05→gatewayA;sensor06→gatewayA;sensor07→gatewayA;sensor08→gatewayA;sensor09→gatewayA;sensor10→gatewayC,d53238027e5c,68.10613204500537,17.333499005964214,-15.893867954994633,-36.666500994035786,15,15,15,1.186756090188057,2.2706725930148903,92.64450689912206,81.14330309886016
84,54,Multi-cover greedy,10,sensor01→gatewayA;sensor02→gatewayC;sensor03→gatewayC;sensor04→gatewayA;sensor05→gatewayA;sensor06→gatewayA;sensor07→gatewayA;sensor08→gatewayA;sensor09→gatewayA;sensor10→gatewayA,d708670db0b5,66.88799038921111,17.333499005964214,-17.11200961078889,-36.666500994035786,15,15,15,1.258411481705366,2.2706725930148903,92.53240863732839,81.14330309886016
84,55,Proposed fairness greedy (lambda=1),10,sensor01→gatewayA;sensor02→gatewayC;sensor03→gatewayC;sensor04→gatewayA;sensor05→gatewayA;sensor06→gatewayA;sensor07→gatewayA;sensor08→gatewayA;sensor09→gatewayA;sensor10→gatewayC,d53238027e5c,68.10613204500537,17.333499005964214,-15.893867954994633,-37.666500994035786,15,15,15,1.186756090188057,2.3883196518384198,92.64450689912206,81.14330309886016
84,55,Multi-cover greedy,10,sensor01→gatewayA;sensor02→gatewayC;sensor03→gatewayC;sensor04→gatewayA;sensor05→gatewayA;sensor06→gatewayA;sensor07→gatewayA;sensor08→gatewayA;sensor09→gatewayA;sensor10→gatewayA,d708670db0b5,66.88799038921111,17.333499005964214,-17.11200961078889,-37.666500994035786,15,15,15,1.258411481705366,2.3883196518384198,92.53240863732839,81.14330309886016
84,56,Proposed fairness greedy (lambda=1),10,sensor01→gatewayA;sensor02→gatewayC;sensor03→gatewayC;sensor04→gatewayA;sensor05→gatewayA;sensor06→gatewayA;sensor07→gatewayA;sensor08→gatewayA;sensor09→gatewayA;sensor10→gatewayC,d53238027e5c,68.10613204500537,17.333499005964214,-15.893867954994633,-38.666500994035786,15,15,15,1.186756090188057,2.505966710661949,92.64450689912206,81.14330309886016
84,56,Multi-cover greedy,10,sensor01→gatewayA;sensor02→gatewayC;sensor03→gatewayC;sensor04→gatewayA;sensor05→gatewayA;sensor06→gatewayA;sensor07→gatewayA;sensor08→gatewayA;sensor09→gatewayA;sensor10→gatewayA,d708670db0b5,66.88799038921111,17.333499005964214,-17.11200961078889,-38.666500994035786,15,15,15,1.258411481705366,2.505966710661949,92.53240863732839,81.14330309886016
84,57,Proposed fairness greedy (lambda=1),10,sensor01→gatewayA;sensor02→gatewayC;sensor03→gatewayC;sensor04→gatewayA;sensor05→gatewayA;sensor06→gatewayA;sensor07→gatewayA;sensor08→gatewayA;sensor09→gatewayA;sensor10→gatewayC,d53238027e5c,68.10613204500537,17.333499005964214,-15.893867954994633,-39.666500994035786,15,15,15,1.186756090188057,2.6236137694854786,92.64450689912206,81.14330309886016
84,57,Multi-cover greedy,10,sensor01→gatewayA;sensor02→gatewayC;sensor03→gatewayC;sensor04→gatewayA;sensor05→gatewayA;sensor06→gatewayA;sensor07→gatewayA;sensor08→gatewayA;sensor09→gatewayA;sensor10→gatewayA,d708670db0b5,66.88799038921111,17.333499005964214,-17.11200961078889,-39.666500994035786,15,15,15,1.258411481705366,2.6236137694854786,92.53240863732839,81.14330309886016
84,58,Proposed fairness greedy (lambda=1),10,sensor01→gatewayA;sensor02→gatewayC;sensor03→gatewayC;sensor04→gatewayA;sensor05→gatewayA;sensor06→gatewayA;sensor07→gatewayA;sensor08→gatewayA;sensor09→gatewayA;sensor10→gatewayC,d53238027e5c,68.10613204500537,17.333499005964214,-15.893867954994633,-40.666500994035786,15,15,15,1.186756090188057,2.741260828309008,92.64450689912206,81.14330309886016
84,58,Multi-cover greedy,10,sensor01→gatewayA;sensor02→gatewayC;sensor03→gatewayC;sensor04→gatewayA;sensor05→gatewayA;sensor06→gatewayA;sensor07→gatewayA;sensor08→gatewayA;sensor09→gatewayA;sensor10→gatewayA,d708670db0b5,66.88799038921111,17.333499005964214,-17.11200961078889,-40.666500994035786,15,15,15,1.258411481705366,2.741260828309008,92.53240863732839,81.14330309886016
84,59,Proposed fairness greedy (lambda=1),10,sensor01→gatewayA;sensor02→gatewayC;sensor03→gatewayC;sensor04→gatewayA;sensor05→gatewayA;sensor06→gatewayA;sensor07→gatewayA;sensor08→gatewayA;sensor09→gatewayA;sensor10→gatewayC,d53238027e5c,68.10613204500537,17.333499005964214,-15.893867954994633,-41.666500994035786,15,15,15,1.186756090188057,2.8589078871325375,92.64450689912206,81.14330309886016
84,59,Multi-cover greedy,10,sensor01→gatewayA;sensor02→gatewayC;sensor03→gatewayC;sensor04→gatewayA;sensor05→gatewayA;sensor06→gatewayA;sensor07→gatewayA;sensor08→gatewayA;sensor09→gatewayA;sensor10→gatewayA,d708670db0b5,66.88799038921111,17.333499005964214,-17.11200961078889,-41.666500994035786,15,15,15,1.258411481705366,2.8589078871325375,92.53240863732839,81.14330309886016
84,60,Proposed fairness greedy (lambda=1),10,sensor01→gatewayA;sensor02→gatewayC;sensor03→gatewayC;sensor04→gatewayA;sensor05→gatewayA;sensor06→gatewayA;sensor07→gatewayA;sensor08→gatewayA;sensor09→gatewayA;sensor10→gatewayC,d53238027e5c,68.10613204500537,17.333499005964214,-15.893867954994633,-42.666500994035786,15,15,15,1.186756090188057,2.976554945956067,92.64450689912206,81.14330309886016
84,60,Multi-cover greedy,10,sensor01→gatewayA;sensor02→gatewayC;sensor03→gatewayC;sensor04→gatewayA;sensor05→gatewayA;sensor06→gatewayA;sensor07→gatewayA;sensor08→gatewayA;sensor09→gatewayA;sensor10→gatewayA,d708670db0b5,66.88799038921111,17.333499005964214,-17.11200961078889,-42.666500994035786,15,15,15,1.258411481705366,2.976554945956067,92.53240863732839,81.14330309886016
84,61,Proposed fairness greedy (lambda=1),10,sensor01→gatewayA;sensor02→gatewayC;sensor03→gatewayC;sensor04→gatewayA;sensor05→gatewayA;sensor06→gatewayA;sensor07→gatewayA;sensor08→gatewayA;sensor09→gatewayA;sensor10→gatewayC,d53238027e5c,68.10613204500537,17.333499005964214,-15.893867954994633,-43.666500994035786,15,15,15,1.186756090188057,3.0942020047795964,92.64450689912206,81.14330309886016
84,61,Multi-cover greedy,10,sensor01→gatewayA;sensor02→gatewayC;sensor03→gatewayC;sensor04→gatewayA;sensor05→gatewayA;sensor06→gatewayA;sensor07→gatewayA;sensor08→gatewayA;sensor09→gatewayA;sensor10→gatewayA,d708670db0b5,66.88799038921111,17.333499005964214,-17.11200961078889,-43.666500994035786,15,15,15,1.258411481705366,3.0942020047795964,92.53240863732839,81.14330309886016
84,62,Proposed fairness greedy (lambda=1),10,sensor01→gatewayA;sensor02→gatewayC;sensor03→gatewayC;sensor04→gatewayA;sensor05→gatewayA;sensor06→gatewayA;sensor07→gatewayA;sensor08→gatewayA;sensor09→gatewayA;sensor10→gatewayC,d53238027e5c,68.10613204500537,17.333499005964214,-15.893867954994633,-44.666500994035786,15,15,15,1.186756090188057,3.211849063603126,92.64450689912206,81.14330309886016
84,62,Multi-cover greedy,10,sensor01→gatewayA;sensor02→gatewayC;sensor03→gatewayC;sensor04→gatewayA;sensor05→gatewayA;sensor06→gatewayA;sensor07→gatewayA;sensor08→gatewayA;sensor09→gatewayA;sensor10→gatewayA,d708670db0b5,66.88799038921111,17.333499005964214,-17.11200961078889,-44.666500994035786,15,15,15,1.258411481705366,3.211849063603126,92.53240863732839,81.14330309886016
84,63,Proposed fairness greedy (lambda=1),10,sensor01→gatewayA;sensor02→gatewayC;sensor03→gatewayC;sensor04→gatewayA;sensor05→gatewayA;sensor06→gatewayA;sensor07→gatewayA;sensor08→gatewayA;sensor09→gatewayA;sensor10→gatewayC,d53238027e5c,68.10613204500537,17.333499005964214,-15.893867954994633,-45.666500994035786,15,15,15,1.186756090188057,3.3294961224266553,92.64450689912206,81.14330309886016
84,63,Multi-cover greedy,10,sensor01→gatewayA;sensor02→gatewayC;sensor03→gatewayC;sensor04→gatewayA;sensor05→gatewayA;sensor06→gatewayA;sensor07→gatewayA;sensor08→gatewayA;sensor09→gatewayA;sensor10→gatewayA,d708670db0b5,66.88799038921111,17.333499005964214,-17.11200961078889,-45.666500994035786,15,15,15,1.258411481705366,3.3294961224266553,92.53240863732839,81.14330309886016
84,64,Proposed fairness greedy (lambda=1),10,sensor01→gatewayA;sensor02→gatewayC;sensor03→gatewayC;sensor04→gatewayA;sensor05→gatewayA;sensor06→gatewayA;sensor07→gatewayA;sensor08→gatewayA;sensor09→gatewayA;sensor10→gatewayC,d53238027e5c,68.10613204500537,17.333499005964214,-15.893867954994633,-46.666500994035786,15,15,15,1.186756090188057,3.4471431812501847,92.64450689912206,81.14330309886016
84,64,Multi-cover greedy,10,sensor01→gatewayA;sensor02→gatewayC;sensor03→gatewayC;sensor04→gatewayA;sensor05→gatewayA;sensor06→gatewayA;sensor07→gatewayA;sensor08→gatewayA;sensor09→gatewayA;sensor10→gatewayA,d708670db0b5,66.88799038921111,17.333499005964214,-17.11200961078889,-46.666500994035786,15,15,15,1.258411481705366,3.4471431812501847,92.53240863732839,81.14330309886016
84,65,Proposed fairness greedy (lambda=1),10,sensor01→gatewayA;sensor02→gatewayC;sensor03→gatewayC;sensor04→gatewayA;sensor05→gatewayA;sensor06→gatewayA;sensor07→gatewayA;sensor08→gatewayA;sensor09→gatewayA;sensor10→gatewayC,d53238027e5c,68.10613204500537,17.333499005964214,-15.893867954994633,-47.666500994035786,15,15,15,1.186756090188057,3.564790240073714,92.64450689912206,81.14330309886016
84,65,Multi-cover greedy,10,sensor01→gatewayA;sensor02→gatewayC;sensor03→gatewayC;sensor04→gatewayA;sensor05→gatewayA;sensor06→gatewayA;sensor07→gatewayA;sensor08→gatewayA;sensor09→gatewayA;sensor10→gatewayA,d708670db0b5,66.88799038921111,17.333499005964214,-17.11200961078889,-47.666500994035786,15,15,15,1.258411481705366,3.564790240073714,92.53240863732839,81.14330309886016
84,66,Proposed fairness greedy (lambda=1),10,sensor01→gatewayA;sensor02→gatewayC;sensor03→gatewayC;sensor04→gatewayA;sensor05→gatewayA;sensor06→gatewayA;sensor07→gatewayA;sensor08→gatewayA;sensor09→gatewayA;sensor10→gatewayC,d53238027e5c,68.10613204500537,17.333499005964214,-15.893867954994633,-48.666500994035786,15,15,15,1.186756090188057,3.6824372988972436,92.64450689912206,81.14330309886016
84,66,Multi-cover greedy,10,sensor01→gatewayA;sensor02→gatewayC;sensor03→gatewayC;sensor04→gatewayA;sensor05→gatewayA;sensor06→gatewayA;sensor07→gatewayA;sensor08→gatewayA;sensor09→gatewayA;sensor10→gatewayA,d708670db0b5,66.88799038921111,17.333499005964214,-17.11200961078889,-48.666500994035786,15,15,15,1.258411481705366,3.6824372988972436,92.53240863732839,81.14330309886016
84,67,Proposed fairness greedy (lambda=1),10,sensor01→gatewayA;sensor02→gatewayC;sensor03→gatewayC;sensor04→gatewayA;sensor05→gatewayA;sensor06→gatewayA;sensor07→gatewayA;sensor08→gatewayA;sensor09→gatewayA;sensor10→gatewayC,d53238027e5c,68.10613204500537,17.333499005964214,-15.893867954994633,-49.666500994035786,15,15,15,1.186756090188057,3.8000843577207726,92.64450689912206,81.14330309886016
84,67,Multi-cover greedy,10,sensor01→gatewayA;sensor02→gatewayC;sensor03→gatewayC;sensor04→gatewayA;sensor05→gatewayA;sensor06→gatewayA;sensor07→gatewayA;sensor08→gatewayA;sensor09→gatewayA;sensor10→gatewayA,d708670db0b5,66.88799038921111,17.333499005964214,-17.11200961078889,-49.666500994035786,15,15,15,1.258411481705366,3.8000843577207726,92.53240863732839,81.14330309886016
84,68,Proposed fairness greedy (lambda=1),10,sensor01→gatewayA;sensor02→gatewayC;sensor03→gatewayC;sensor04→gatewayA;sensor05→gatewayA;sensor06→gatewayA;sensor07→gatewayA;sensor08→gatewayA;sensor09→gatewayA;sensor10→gatewayC,d53238027e5c,68.10613204500537,17.333499005964214,-15.893867954994633,-50.666500994035786,15,15,15,1.186756090188057,3.917731416544302,92.64450689912206,81.14330309886016
84,68,Multi-cover greedy,10,sensor01→gatewayA;sensor02→gatewayC;sensor03→gatewayC;sensor04→gatewayA;sensor05→gatewayA;sensor06→gatewayA;sensor07→gatewayA;sensor08→gatewayA;sensor09→gatewayA;sensor10→gatewayA,d708670db0b5,66.88799038921111,17.333499005964214,-17.11200961078889,-50.666500994035786,15,15,15,1.258411481705366,3.917731416544302,92.53240863732839,81.14330309886016
84,69,Proposed fairness greedy (lambda=1),10,sensor01→gatewayA;sensor02→gatewayC;sensor03→gatewayC;sensor04→gatewayA;sensor05→gatewayA;sensor06→gatewayA;sensor07→gatewayA;sensor08→gatewayA;sensor09→gatewayA;sensor10→gatewayC,d53238027e5c,68.10613204500537,17.333499005964214,-15.893867954994633,-51.666500994035786,15,15,15,1.186756090188057,4.035378475367831,92.64450689912206,81.14330309886016
84,69,Multi-cover greedy,10,sensor01→gatewayA;sensor02→gatewayC;sensor03→gatewayC;sensor04→gatewayA;sensor05→gatewayA;sensor06→gatewayA;sensor07→gatewayA;sensor08→gatewayA;sensor09→gatewayA;sensor10→gatewayA,d708670db0b5,66.88799038921111,17.333499005964214,-17.11200961078889,-51.666500994035786,15,15,15,1.258411481705366,4.035378475367831,92.53240863732839,81.14330309886016
84,70,Proposed fairness greedy (lambda=1),10,sensor01→gatewayA;sensor02→gatewayC;sensor03→gatewayC;sensor04→gatewayA;sensor05→gatewayA;sensor06→gatewayA;sensor07→gatewayA;sensor08→gatewayA;sensor09→gatewayA;sensor10→gatewayC,d53238027e5c,68.10613204500537,17.333499005964214,-15.893867954994633,-52.666500994035786,15,15,15,1.186756090188057,4.153025534191361,92.64450689912206,81.14330309886016
84,70,Multi-cover greedy,10,sensor01→gatewayA;sensor02→gatewayC;sensor03→gatewayC;sensor04→gatewayA;sensor05→gatewayA;sensor06→gatewayA;sensor07→gatewayA;sensor08→gatewayA;sensor09→gatewayA;sensor10→gatewayA,d708670db0b5,66.88799038921111,17.333499005964214,-17.11200961078889,-52.666500994035786,15,15,15,1.258411481705366,4.153025534191361,92.53240863732839,81.14330309886016
84,71,Proposed fairness greedy (lambda=1),10,sensor01→gatewayA;sensor02→gatewayC;sensor03→gatewayC;sensor04→gatewayA;sensor05→gatewayA;sensor06→gatewayA;sensor07→gatewayA;sensor08→gatewayA;sensor09→gatewayA;sensor10→gatewayC,d53238027e5c,68.10613204500537,17.333499005964214,-15.893867954994633,-53.666500994035786,15,15,15,1.186756090188057,4.27067259301489,92.64450689912206,81.14330309886016
84,71,Multi-cover greedy,10,sensor01→gatewayA;sensor02→gatewayC;sensor03→gatewayC;sensor04→gatewayA;sensor05→gatewayA;sensor06→gatewayA;sensor07→gatewayA;sensor08→gatewayA;sensor09→gatewayA;sensor10→gatewayA,d708670db0b5,66.88799038921111,17.333499005964214,-17.11200961078889,-53.666500994035786,15,15,15,1.258411481705366,4.27067259301489,92.53240863732839,81.14330309886016
84,72,Proposed fairness greedy (lambda=1),10,sensor01→gatewayA;sensor02→gatewayC;sensor03→gatewayC;sensor04→gatewayA;sensor05→gatewayA;sensor06→gatewayA;sensor07→gatewayA;sensor08→gatewayA;sensor09→gatewayA;sensor10→gatewayC,d53238027e5c,68.10613204500537,17.333499005964214,-15.893867954994633,-54.666500994035786,15,15,15,1.186756090188057,4.38831965183842,92.64450689912206,81.14330309886016
84,72,Multi-cover greedy,10,sensor01→gatewayA;sensor02→gatewayC;sensor03→gatewayC;sensor04→gatewayA;sensor05→gatewayA;sensor06→gatewayA;sensor07→gatewayA;sensor08→gatewayA;sensor09→gatewayA;sensor10→gatewayA,d708670db0b5,66.88799038921111,17.333499005964214,-17.11200961078889,-54.666500994035786,15,15,15,1.258411481705366,4.38831965183842,92.53240863732839,81.14330309886016
84,73,Proposed fairness greedy (lambda=1),10,sensor01→gatewayA;sensor02→gatewayC;sensor03→gatewayC;sensor04→gatewayA;sensor05→gatewayA;sensor06→gatewayA;sensor07→gatewayA;sensor08→gatewayA;sensor09→gatewayA;sensor10→gatewayC,d53238027e5c,68.10613204500537,17.333499005964214,-15.893867954994633,-55.666500994035786,15,15,15,1.186756090188057,4.505966710661949,92.64450689912206,81.14330309886016
84,73,Multi-cover greedy,10,sensor01→gatewayA;sensor02→gatewayC;sensor03→gatewayC;sensor04→gatewayA;sensor05→gatewayA;sensor06→gatewayA;sensor07→gatewayA;sensor08→gatewayA;sensor09→gatewayA;sensor10→gatewayA,d708670db0b5,66.88799038921111,17.333499005964214,-17.11200961078889,-55.666500994035786,15,15,15,1.258411481705366,4.505966710661949,92.53240863732839,81.14330309886016
84,74,Proposed fairness greedy (lambda=1),10,sensor01→gatewayA;sensor02→gatewayC;sensor03→gatewayC;sensor04→gatewayA;sensor05→gatewayA;sensor06→gatewayA;sensor07→gatewayA;sensor08→gatewayA;sensor09→gatewayA;sensor10→gatewayC,d53238027e5c,68.10613204500537,17.333499005964214,-15.893867954994633,-56.666500994035786,15,15,15,1.186756090188057,4.623613769485479,92.64450689912206,81.14330309886016
84,74,Multi-cover greedy,10,sensor01→gatewayA;sensor02→gatewayC;sensor03→gatewayC;sensor04→gatewayA;sensor05→gatewayA;sensor06→gatewayA;sensor07→gatewayA;sensor08→gatewayA;sensor09→gatewayA;sensor10→gatewayA,d708670db0b5,66.88799038921111,17.333499005964214,-17.11200961078889,-56.666500994035786,15,15,15,1.258411481705366,4.623613769485479,92.53240863732839,81.14330309886016
84,75,Proposed fairness greedy (lambda=1),10,sensor01→gatewayA;sensor02→gatewayC;sensor03→gatewayC;sensor04→gatewayA;sensor05→gatewayA;sensor06→gatewayA;sensor07→gatewayA;sensor08→gatewayA;sensor09→gatewayA;sensor10→gatewayC,d53238027e5c,68.10613204500537,17.333499005964214,-15.893867954994633,-57.666500994035786,15,15,15,1.186756090188057,4.741260828309008,92.64450689912206,81.14330309886016
84,75,Multi-cover greedy,10,sensor01→gatewayA;sensor02→gatewayC;sensor03→gatewayC;sensor04→gatewayA;sensor05→gatewayA;sensor06→gatewayA;sensor07→gatewayA;sensor08→gatewayA;sensor09→gatewayA;sensor10→gatewayA,d708670db0b5,66.88799038921111,17.333499005964214,-17.11200961078889,-57.666500994035786,15,15,15,1.258411481705366,4.741260828309008,92.53240863732839,81.14330309886016
84,76,Proposed fairness greedy (lambda=1),10,sensor01→gatewayA;sensor02→gatewayC;sensor03→gatewayC;sensor04→gatewayA;sensor05→gatewayA;sensor06→gatewayA;sensor07→gatewayA;sensor08→gatewayA;sensor09→gatewayA;sensor10→gatewayC,d53238027e5c,68.10613204500537,17.333499005964214,-15.893867954994633,-58.666500994035786,15,15,15,1.186756090188057,4.8589078871325375,92.64450689912206,81.14330309886016
84,76,Multi-cover greedy,10,sensor01→gatewayA;sensor02→gatewayC;sensor03→gatewayC;sensor04→gatewayA;sensor05→gatewayA;sensor06→gatewayA;sensor07→gatewayA;sensor08→gatewayA;sensor09→gatewayA;sensor10→gatewayA,d708670db0b5,66.88799038921111,17.333499005964214,-17.11200961078889,-58.666500994035786,15,15,15,1.258411481705366,4.8589078871325375,92.53240863732839,81.14330309886016
84,77,Proposed fairness greedy (lambda=1),10,sensor01→gatewayA;sensor02→gatewayC;sensor03→gatewayC;sensor04→gatewayA;sensor05→gatewayA;sensor06→gatewayA;sensor07→gatewayA;sensor08→gatewayA;sensor09→gatewayA;sensor10→gatewayC,d53238027e5c,68.10613204500537,17.333499005964214,-15.893867954994633,-59.666500994035786,15,15,15,1.186756090188057,4.9765549459560665,92.64450689912206,81.14330309886016
84,77,Multi-cover greedy,10,sensor01→gatewayA;sensor02→gatewayC;sensor03→gatewayC;sensor04→gatewayA;sensor05→gatewayA;sensor06→gatewayA;sensor07→gatewayA;sensor08→gatewayA;sensor09→gatewayA;sensor10→gatewayA,d708670db0b5,66.88799038921111,17.333499005964214,-17.11200961078889,-59.666500994035786,15,15,15,1.258411481705366,4.9765549459560665,92.53240863732839,81.14330309886016
84,89,Proposed fairness greedy (lambda=1),12,sensor01→gatewayA;sensor01→gatewayC;sensor02→gatewayC;sensor03→gatewayC;sensor04→gatewayA;sensor04→gatewayC;sensor05→gatewayA;sensor06→gatewayA;sensor07→gatewayA;sensor08→gatewayA;sensor09→gatewayA;sensor10→gatewayC,fba66e5cdf8c,78.5242788678904,17.333499005964214,-5.475721132109598,-71.66650099403579,15,12,12,0.5438719906384205,6.64206402885783,95.30868439399289,84.31997339445302
84,89,Multi-cover greedy,12,sensor01→gatewayA;sensor01→gatewayB;sensor02→gatewayC;sensor03→gatewayC;sensor04→gatewayA;sensor04→gatewayC;sensor05→gatewayA;sensor06→gatewayA;sensor07→gatewayA;sensor08→gatewayA;sensor09→gatewayA;sensor10→gatewayC,1857c34ccaa1,74.07283014480772,17.333499005964214,-9.927169855192275,-71.66650099403579,15,8,8,0.8129218579260976,7.0949621683777915,94.15400091545355,82.67847276683732
84,91,Proposed fairness greedy (lambda=1),14,sensor01→gatewayA;sensor01→gatewayC;sensor02→gatewayC;sensor03→gatewayC;sensor04→gatewayA;sensor04→gatewayC;sensor05→gatewayA;sensor06→gatewayA;sensor07→gatewayA;sensor07→gatewayC;sensor08→gatewayA;sensor08→gatewayB;sensor09→gatewayA;sensor10→gatewayC,ba7836f47dfe,81.05742110584855,17.333499005964214,-2.9425788941514526,-73.66650099403579,16,14,14,0.17309287612655602,6.483755642410328,97.23834709357982,89.23134868455652
84,91,Multi-cover greedy,14,sensor01→gatewayA;sensor01→gatewayC;sensor02→gatewayC;sensor03→gatewayC;sensor04→gatewayA;sensor04→gatewayC;sensor05→gatewayA;sensor06→gatewayA;sensor07→gatewayA;sensor07→gatewayB;sensor08→gatewayA;sensor08→gatewayB;sensor09→gatewayA;sensor10→gatewayC,7d0409742162,80.99223032302699,17.333499005964214,-3.0077696769730125,-73.66650099403579,16,11,11,0.17692762805723602,7.005931362090352,96.43474975762871,86.58389421375502
84,92,Proposed fairness greedy (lambda=1),14,sensor01→gatewayA;sensor01→gatewayC;sensor02→gatewayC;sensor03→gatewayC;sensor04→gatewayA;sensor04→gatewayC;sensor05→gatewayA;sensor06→gatewayA;sensor07→gatewayA;sensor07→gatewayC;sensor08→gatewayA;sensor08→gatewayB;sensor09→gatewayA;sensor10→gatewayC,ba7836f47dfe,81.05742110584855,17.333499005964214,-2.9425788941514526,-74.66650099403579,16,14,14,0.17309287612655602,6.660226230645622,97.23834709357982,89.23134868455652
84,92,Multi-cover greedy,14,sensor01→gatewayA;sensor01→gatewayC;sensor02→gatewayC;sensor03→gatewayC;sensor04→gatewayA;sensor04→gatewayC;sensor05→gatewayA;sensor06→gatewayA;sensor07→gatewayA;sensor07→gatewayB;sensor08→gatewayA;sensor08→gatewayB;sensor09→gatewayA;sensor10→gatewayC,7d0409742162,80.99223032302699,17.333499005964214,-3.0077696769730125,-74.66650099403579,16,10,10,0.17692762805723602,7.417269307087821,96.43474975762871,86.58389421375502
84,95,Proposed fairness greedy (lambda=1),17,sensor01→gatewayA;sensor01→gatewayC;sensor02→gatewayA;sensor02→gatewayC;sensor03→gatewayA;sensor03→gatewayC;sensor04→gatewayA;sensor04→gatewayC;sensor05→gatewayA;sensor05→gatewayC;sensor06→gatewayA;sensor07→gatewayA;sensor07→gatewayC;sensor08→gatewayA;sensor08→gatewayB;sensor09→gatewayA;sensor10→gatewayC,126ff9a6f407,92.6020177489569,60.10386612810156,8.602017748956897,-34.89613387189844,17,15,15,0.0,2.0666735145595405,99.1281265199174,94.76426136423231
84,95,Multi-cover greedy,17,sensor01→gatewayA;sensor01→gatewayC;sensor02→gatewayA;sensor02→gatewayC;sensor03→gatewayA;sensor03→gatewayC;sensor04→gatewayA;sensor04→gatewayC;sensor05→gatewayA;sensor05→gatewayB;sensor06→gatewayA;sensor07→gatewayA;sensor07→gatewayC;sensor08→gatewayA;sensor08→gatewayB;sensor09→gatewayA;sensor10→gatewayC,4deb1457865a,88.66211101494581,60.10386612810156,4.662111014945808,-34.89613387189844,17,15,15,0.0,2.0666735145595405,98.62758524078373,94.41404901090611
85,50,Proposed fairness greedy (lambda=1),10,sensor01→gatewayA;sensor02→gatewayC;sensor03→gatewayC;sensor04→gatewayA;sensor05→gatewayA;sensor06→gatewayA;sensor07→gatewayA;sensor08→gatewayA;sensor09→gatewayA;sensor10→gatewayC,d53238027e5c,68.10613204500537,17.333499005964214,-16.893867954994633,-32.666500994035786,15,16,15,1.3044031490115862,1.921558882002105,92.64450689912206,81.14330309886016
85,50,Multi-cover greedy,10,sensor01→gatewayA;sensor02→gatewayC;sensor03→gatewayC;sensor04→gatewayA;sensor05→gatewayA;sensor06→gatewayA;sensor07→gatewayA;sensor08→gatewayA;sensor09→gatewayA;sensor10→gatewayA,d708670db0b5,66.88799038921111,17.333499005964214,-18.11200961078889,-32.666500994035786,15,16,15,1.3760585405288954,1.921558882002105,92.53240863732839,81.14330309886016
85,51,Proposed fairness greedy (lambda=1),10,sensor01→gatewayA;sensor02→gatewayC;sensor03→gatewayC;sensor04→gatewayA;sensor05→gatewayA;sensor06→gatewayA;sensor07→gatewayA;sensor08→gatewayA;sensor09→gatewayA;sensor10→gatewayC,d53238027e5c,68.10613204500537,17.333499005964214,-16.893867954994633,-33.666500994035786,15,16,15,1.3044031490115862,1.9803824114138697,92.64450689912206,81.14330309886016
85,51,Multi-cover greedy,10,sensor01→gatewayA;sensor02→gatewayC;sensor03→gatewayC;sensor04→gatewayA;sensor05→gatewayA;sensor06→gatewayA;sensor07→gatewayA;sensor08→gatewayA;sensor09→gatewayA;sensor10→gatewayA,d708670db0b5,66.88799038921111,17.333499005964214,-18.11200961078889,-33.666500994035786,15,16,15,1.3760585405288954,1.9803824114138697,92.53240863732839,81.14330309886016
85,52,Proposed fairness greedy (lambda=1),10,sensor01→gatewayA;sensor02→gatewayC;sensor03→gatewayC;sensor04→gatewayA;sensor05→gatewayA;sensor06→gatewayA;sensor07→gatewayA;sensor08→gatewayA;sensor09→gatewayA;sensor10→gatewayC,d53238027e5c,68.10613204500537,17.333499005964214,-16.893867954994633,-34.666500994035786,15,16,15,1.3044031490115862,2.0392059408256347,92.64450689912206,81.14330309886016
85,52,Multi-cover greedy,10,sensor01→gatewayA;sensor02→gatewayC;sensor03→gatewayC;sensor04→gatewayA;sensor05→gatewayA;sensor06→gatewayA;sensor07→gatewayA;sensor08→gatewayA;sensor09→gatewayA;sensor10→gatewayA,d708670db0b5,66.88799038921111,17.333499005964214,-18.11200961078889,-34.666500994035786,15,16,15,1.3760585405288954,2.0392059408256347,92.53240863732839,81.14330309886016
85,53,Proposed fairness greedy (lambda=1),10,sensor01→gatewayA;sensor02→gatewayC;sensor03→gatewayC;sensor04→gatewayA;sensor05→gatewayA;sensor06→gatewayA;sensor07→gatewayA;sensor08→gatewayA;sensor09→gatewayA;sensor10→gatewayC,d53238027e5c,68.10613204500537,17.333499005964214,-16.893867954994633,-35.666500994035786,15,15,15,1.3044031490115862,2.153025534191361,92.64450689912206,81.14330309886016
85,53,Multi-cover greedy,10,sensor01→gatewayA;sensor02→gatewayC;sensor03→gatewayC;sensor04→gatewayA;sensor05→gatewayA;sensor06→gatewayA;sensor07→gatewayA;sensor08→gatewayA;sensor09→gatewayA;sensor10→gatewayA,d708670db0b5,66.88799038921111,17.333499005964214,-18.11200961078889,-35.666500994035786,15,15,15,1.3760585405288954,2.153025534191361,92.53240863732839,81.14330309886016
85,54,Proposed fairness greedy (lambda=1),10,sensor01→gatewayA;sensor02→gatewayC;sensor03→gatewayC;sensor04→gatewayA;sensor05→gatewayA;sensor06→gatewayA;sensor07→gatewayA;sensor08→gatewayA;sensor09→gatewayA;sensor10→gatewayC,d53238027e5c,68.10613204500537,17.333499005964214,-16.893867954994633,-36.666500994035786,15,15,15,1.3044031490115862,2.2706725930148903,92.64450689912206,81.14330309886016
85,54,Multi-cover greedy,10,sensor01→gatewayA;sensor02→gatewayC;sensor03→gatewayC;sensor04→gatewayA;sensor05→gatewayA;sensor06→gatewayA;sensor07→gatewayA;sensor08→gatewayA;sensor09→gatewayA;sensor10→gatewayA,d708670db0b5,66.88799038921111,17.333499005964214,-18.11200961078889,-36.666500994035786,15,15,15,1.3760585405288954,2.2706725930148903,92.53240863732839,81.14330309886016
85,55,Proposed fairness greedy (lambda=1),10,sensor01→gatewayA;sensor02→gatewayC;sensor03→gatewayC;sensor04→gatewayA;sensor05→gatewayA;sensor06→gatewayA;sensor07→gatewayA;sensor08→gatewayA;sensor09→gatewayA;sensor10→gatewayC,d53238027e5c,68.10613204500537,17.333499005964214,-16.893867954994633,-37.666500994035786,15,15,15,1.3044031490115862,2.3883196518384198,92.64450689912206,81.14330309886016
85,55,Multi-cover greedy,10,sensor01→gatewayA;sensor02→gatewayC;sensor03→gatewayC;sensor04→gatewayA;sensor05→gatewayA;sensor06→gatewayA;sensor07→gatewayA;sensor08→gatewayA;sensor09→gatewayA;sensor10→gatewayA,d708670db0b5,66.88799038921111,17.333499005964214,-18.11200961078889,-37.666500994035786,15,15,15,1.3760585405288954,2.3883196518384198,92.53240863732839,81.14330309886016
85,56,Proposed fairness greedy (lambda=1),10,sensor01→gatewayA;sensor02→gatewayC;sensor03→gatewayC;sensor04→gatewayA;sensor05→gatewayA;sensor06→gatewayA;sensor07→gatewayA;sensor08→gatewayA;sensor09→gatewayA;sensor10→gatewayC,d53238027e5c,68.10613204500537,17.333499005964214,-16.893867954994633,-38.666500994035786,15,15,15,1.3044031490115862,2.505966710661949,92.64450689912206,81.14330309886016
85,56,Multi-cover greedy,10,sensor01→gatewayA;sensor02→gatewayC;sensor03→gatewayC;sensor04→gatewayA;sensor05→gatewayA;sensor06→gatewayA;sensor07→gatewayA;sensor08→gatewayA;sensor09→gatewayA;sensor10→gatewayA,d708670db0b5,66.88799038921111,17.333499005964214,-18.11200961078889,-38.666500994035786,15,15,15,1.3760585405288954,2.505966710661949,92.53240863732839,81.14330309886016
85,57,Proposed fairness greedy (lambda=1),10,sensor01→gatewayA;sensor02→gatewayC;sensor03→gatewayC;sensor04→gatewayA;sensor05→gatewayA;sensor06→gatewayA;sensor07→gatewayA;sensor08→gatewayA;sensor09→gatewayA;sensor10→gatewayC,d53238027e5c,68.10613204500537,17.333499005964214,-16.893867954994633,-39.666500994035786,15,15,15,1.3044031490115862,2.6236137694854786,92.64450689912206,81.14330309886016
85,57,Multi-cover greedy,10,sensor01→gatewayA;sensor02→gatewayC;sensor03→gatewayC;sensor04→gatewayA;sensor05→gatewayA;sensor06→gatewayA;sensor07→gatewayA;sensor08→gatewayA;sensor09→gatewayA;sensor10→gatewayA,d708670db0b5,66.88799038921111,17.333499005964214,-18.11200961078889,-39.666500994035786,15,15,15,1.3760585405288954,2.6236137694854786,92.53240863732839,81.14330309886016
85,58,Proposed fairness greedy (lambda=1),10,sensor01→gatewayA;sensor02→gatewayC;sensor03→gatewayC;sensor04→gatewayA;sensor05→gatewayA;sensor06→gatewayA;sensor07→gatewayA;sensor08→gatewayA;sensor09→gatewayA;sensor10→gatewayC,d53238027e5c,68.10613204500537,17.333499005964214,-16.893867954994633,-40.666500994035786,15,15,15,1.3044031490115862,2.741260828309008,92.64450689912206,81.14330309886016
85,58,Multi-cover greedy,10,sensor01→gatewayA;sensor02→gatewayC;sensor03→gatewayC;sensor04→gatewayA;sensor05→gatewayA;sensor06→gatewayA;sensor07→gatewayA;sensor08→gatewayA;sensor09→gatewayA;sensor10→gatewayA,d708670db0b5,66.88799038921111,17.333499005964214,-18.11200961078889,-40.666500994035786,15,15,15,1.3760585405288954,2.741260828309008,92.53240863732839,81.14330309886016
85,59,Proposed fairness greedy (lambda=1),10,sensor01→gatewayA;sensor02→gatewayC;sensor03→gatewayC;sensor04→gatewayA;sensor05→gatewayA;sensor06→gatewayA;sensor07→gatewayA;sensor08→gatewayA;sensor09→gatewayA;sensor10→gatewayC,d53238027e5c,68.10613204500537,17.333499005964214,-16.893867954994633,-41.666500994035786,15,15,15,1.3044031490115862,2.8589078871325375,92.64450689912206,81.14330309886016
85,59,Multi-cover greedy,10,sensor01→gatewayA;sensor02→gatewayC;sensor03→gatewayC;sensor04→gatewayA;sensor05→gatewayA;sensor06→gatewayA;sensor07→gatewayA;sensor08→gatewayA;sensor09→gatewayA;sensor10→gatewayA,d708670db0b5,66.88799038921111,17.333499005964214,-18.11200961078889,-41.666500994035786,15,15,15,1.3760585405288954,2.8589078871325375,92.53240863732839,81.14330309886016
85,60,Proposed fairness greedy (lambda=1),10,sensor01→gatewayA;sensor02→gatewayC;sensor03→gatewayC;sensor04→gatewayA;sensor05→gatewayA;sensor06→gatewayA;sensor07→gatewayA;sensor08→gatewayA;sensor09→gatewayA;sensor10→gatewayC,d53238027e5c,68.10613204500537,17.333499005964214,-16.893867954994633,-42.666500994035786,15,15,15,1.3044031490115862,2.976554945956067,92.64450689912206,81.14330309886016
85,60,Multi-cover greedy,10,sensor01→gatewayA;sensor02→gatewayC;sensor03→gatewayC;sensor04→gatewayA;sensor05→gatewayA;sensor06→gatewayA;sensor07→gatewayA;sensor08→gatewayA;sensor09→gatewayA;sensor10→gatewayA,d708670db0b5,66.88799038921111,17.333499005964214,-18.11200961078889,-42.666500994035786,15,15,15,1.3760585405288954,2.976554945956067,92.53240863732839,81.14330309886016
85,61,Proposed fairness greedy (lambda=1),10,sensor01→gatewayA;sensor02→gatewayC;sensor03→gatewayC;sensor04→gatewayA;sensor05→gatewayA;sensor06→gatewayA;sensor07→gatewayA;sensor08→gatewayA;sensor09→gatewayA;sensor10→gatewayC,d53238027e5c,68.10613204500537,17.333499005964214,-16.893867954994633,-43.666500994035786,15,15,15,1.3044031490115862,3.0942020047795964,92.64450689912206,81.14330309886016
85,61,Multi-cover greedy,10,sensor01→gatewayA;sensor02→gatewayC;sensor03→gatewayC;sensor04→gatewayA;sensor05→gatewayA;sensor06→gatewayA;sensor07→gatewayA;sensor08→gatewayA;sensor09→gatewayA;sensor10→gatewayA,d708670db0b5,66.88799038921111,17.333499005964214,-18.11200961078889,-43.666500994035786,15,15,15,1.3760585405288954,3.0942020047795964,92.53240863732839,81.14330309886016
85,62,Proposed fairness greedy (lambda=1),10,sensor01→gatewayA;sensor02→gatewayC;sensor03→gatewayC;sensor04→gatewayA;sensor05→gatewayA;sensor06→gatewayA;sensor07→gatewayA;sensor08→gatewayA;sensor09→gatewayA;sensor10→gatewayC,d53238027e5c,68.10613204500537,17.333499005964214,-16.893867954994633,-44.666500994035786,15,15,15,1.3044031490115862,3.211849063603126,92.64450689912206,81.14330309886016
85,62,Multi-cover greedy,10,sensor01→gatewayA;sensor02→gatewayC;sensor03→gatewayC;sensor04→gatewayA;sensor05→gatewayA;sensor06→gatewayA;sensor07→gatewayA;sensor08→gatewayA;sensor09→gatewayA;sensor10→gatewayA,d708670db0b5,66.88799038921111,17.333499005964214,-18.11200961078889,-44.666500994035786,15,15,15,1.3760585405288954,3.211849063603126,92.53240863732839,81.14330309886016
85,63,Proposed fairness greedy (lambda=1),10,sensor01→gatewayA;sensor02→gatewayC;sensor03→gatewayC;sensor04→gatewayA;sensor05→gatewayA;sensor06→gatewayA;sensor07→gatewayA;sensor08→gatewayA;sensor09→gatewayA;sensor10→gatewayC,d53238027e5c,68.10613204500537,17.333499005964214,-16.893867954994633,-45.666500994035786,15,15,15,1.3044031490115862,3.3294961224266553,92.64450689912206,81.14330309886016
85,63,Multi-cover greedy,10,sensor01→gatewayA;sensor02→gatewayC;sensor03→gatewayC;sensor04→gatewayA;sensor05→gatewayA;sensor06→gatewayA;sensor07→gatewayA;sensor08→gatewayA;sensor09→gatewayA;sensor10→gatewayA,d708670db0b5,66.88799038921111,17.333499005964214,-18.11200961078889,-45.666500994035786,15,15,15,1.3760585405288954,3.3294961224266553,92.53240863732839,81.14330309886016
85,64,Proposed fairness greedy (lambda=1),10,sensor01→gatewayA;sensor02→gatewayC;sensor03→gatewayC;sensor04→gatewayA;sensor05→gatewayA;sensor06→gatewayA;sensor07→gatewayA;sensor08→gatewayA;sensor09→gatewayA;sensor10→gatewayC,d53238027e5c,68.10613204500537,17.333499005964214,-16.893867954994633,-46.666500994035786,15,15,15,1.3044031490115862,3.4471431812501847,92.64450689912206,81.14330309886016
85,64,Multi-cover greedy,10,sensor01→gatewayA;sensor02→gatewayC;sensor03→gatewayC;sensor04→gatewayA;sensor05→gatewayA;sensor06→gatewayA;sensor07→gatewayA;sensor08→gatewayA;sensor09→gatewayA;sensor10→gatewayA,d708670db0b5,66.88799038921111,17.333499005964214,-18.11200961078889,-46.666500994035786,15,15,15,1.3760585405288954,3.4471431812501847,92.53240863732839,81.14330309886016
85,65,Proposed fairness greedy (lambda=1),10,sensor01→gatewayA;sensor02→gatewayC;sensor03→gatewayC;sensor04→gatewayA;sensor05→gatewayA;sensor06→gatewayA;sensor07→gatewayA;sensor08→gatewayA;sensor09→gatewayA;sensor10→gatewayC,d53238027e5c,68.10613204500537,17.333499005964214,-16.893867954994633,-47.666500994035786,15,15,15,1.3044031490115862,3.564790240073714,92.64450689912206,81.14330309886016
85,65,Multi-cover greedy,10,sensor01→gatewayA;sensor02→gatewayC;sensor03→gatewayC;sensor04→gatewayA;sensor05→gatewayA;sensor06→gatewayA;sensor07→gatewayA;sensor08→gatewayA;sensor09→gatewayA;sensor10→gatewayA,d708670db0b5,66.88799038921111,17.333499005964214,-18.11200961078889,-47.666500994035786,15,15,15,1.3760585405288954,3.564790240073714,92.53240863732839,81.14330309886016
85,66,Proposed fairness greedy (lambda=1),10,sensor01→gatewayA;sensor02→gatewayC;sensor03→gatewayC;sensor04→gatewayA;sensor05→gatewayA;sensor06→gatewayA;sensor07→gatewayA;sensor08→gatewayA;sensor09→gatewayA;sensor10→gatewayC,d53238027e5c,68.10613204500537,17.333499005964214,-16.893867954994633,-48.666500994035786,15,15,15,1.3044031490115862,3.6824372988972436,92.64450689912206,81.14330309886016
85,66,Multi-cover greedy,10,sensor01→gatewayA;sensor02→gatewayC;sensor03→gatewayC;sensor04→gatewayA;sensor05→gatewayA;sensor06→gatewayA;sensor07→gatewayA;sensor08→gatewayA;sensor09→gatewayA;sensor10→gatewayA,d708670db0b5,66.88799038921111,17.333499005964214,-18.11200961078889,-48.666500994035786,15,15,15,1.3760585405288954,3.6824372988972436,92.53240863732839,81.14330309886016
85,67,Proposed fairness greedy (lambda=1),10,sensor01→gatewayA;sensor02→gatewayC;sensor03→gatewayC;sensor04→gatewayA;sensor05→gatewayA;sensor06→gatewayA;sensor07→gatewayA;sensor08→gatewayA;sensor09→gatewayA;sensor10→gatewayC,d53238027e5c,68.10613204500537,17.333499005964214,-16.893867954994633,-49.666500994035786,15,15,15,1.3044031490115862,3.8000843577207726,92.64450689912206,81.14330309886016
85,67,Multi-cover greedy,10,sensor01→gatewayA;sensor02→gatewayC;sensor03→gatewayC;sensor04→gatewayA;sensor05→gatewayA;sensor06→gatewayA;sensor07→gatewayA;sensor08→gatewayA;sensor09→gatewayA;sensor10→gatewayA,d708670db0b5,66.88799038921111,17.333499005964214,-18.11200961078889,-49.666500994035786,15,15,15,1.3760585405288954,3.8000843577207726,92.53240863732839,81.14330309886016
85,68,Proposed fairness greedy (lambda=1),10,sensor01→gatewayA;sensor02→gatewayC;sensor03→gatewayC;sensor04→gatewayA;sensor05→gatewayA;sensor06→gatewayA;sensor07→gatewayA;sensor08→gatewayA;sensor09→gatewayA;sensor10→gatewayC,d53238027e5c,68.10613204500537,17.333499005964214,-16.893867954994633,-50.666500994035786,15,15,15,1.3044031490115862,3.917731416544302,92.64450689912206,81.14330309886016
85,68,Multi-cover greedy,10,sensor01→gatewayA;sensor02→gatewayC;sensor03→gatewayC;sensor04→gatewayA;sensor05→gatewayA;sensor06→gatewayA;sensor07→gatewayA;sensor08→gatewayA;sensor09→gatewayA;sensor10→gatewayA,d708670db0b5,66.88799038921111,17.333499005964214,-18.11200961078889,-50.666500994035786,15,15,15,1.3760585405288954,3.917731416544302,92.53240863732839,81.14330309886016
85,69,Proposed fairness greedy (lambda=1),10,sensor01→gatewayA;sensor02→gatewayC;sensor03→gatewayC;sensor04→gatewayA;sensor05→gatewayA;sensor06→gatewayA;sensor07→gatewayA;sensor08→gatewayA;sensor09→gatewayA;sensor10→gatewayC,d53238027e5c,68.10613204500537,17.333499005964214,-16.893867954994633,-51.666500994035786,15,15,15,1.3044031490115862,4.035378475367831,92.64450689912206,81.14330309886016
85,69,Multi-cover greedy,10,sensor01→gatewayA;sensor02→gatewayC;sensor03→gatewayC;sensor04→gatewayA;sensor05→gatewayA;sensor06→gatewayA;sensor07→gatewayA;sensor08→gatewayA;sensor09→gatewayA;sensor10→gatewayA,d708670db0b5,66.88799038921111,17.333499005964214,-18.11200961078889,-51.666500994035786,15,15,15,1.3760585405288954,4.035378475367831,92.53240863732839,81.14330309886016
85,70,Proposed fairness greedy (lambda=1),10,sensor01→gatewayA;sensor02→gatewayC;sensor03→gatewayC;sensor04→gatewayA;sensor05→gatewayA;sensor06→gatewayA;sensor07→gatewayA;sensor08→gatewayA;sensor09→gatewayA;sensor10→gatewayC,d53238027e5c,68.10613204500537,17.333499005964214,-16.893867954994633,-52.666500994035786,15,15,15,1.3044031490115862,4.153025534191361,92.64450689912206,81.14330309886016
85,70,Multi-cover greedy,10,sensor01→gatewayA;sensor02→gatewayC;sensor03→gatewayC;sensor04→gatewayA;sensor05→gatewayA;sensor06→gatewayA;sensor07→gatewayA;sensor08→gatewayA;sensor09→gatewayA;sensor10→gatewayA,d708670db0b5,66.88799038921111,17.333499005964214,-18.11200961078889,-52.666500994035786,15,15,15,1.3760585405288954,4.153025534191361,92.53240863732839,81.14330309886016
85,71,Proposed fairness greedy (lambda=1),10,sensor01→gatewayA;sensor02→gatewayC;sensor03→gatewayC;sensor04→gatewayA;sensor05→gatewayA;sensor06→gatewayA;sensor07→gatewayA;sensor08→gatewayA;sensor09→gatewayA;sensor10→gatewayC,d53238027e5c,68.10613204500537,17.333499005964214,-16.893867954994633,-53.666500994035786,15,15,15,1.3044031490115862,4.27067259301489,92.64450689912206,81.14330309886016
85,71,Multi-cover greedy,10,sensor01→gatewayA;sensor02→gatewayC;sensor03→gatewayC;sensor04→gatewayA;sensor05→gatewayA;sensor06→gatewayA;sensor07→gatewayA;sensor08→gatewayA;sensor09→gatewayA;sensor10→gatewayA,d708670db0b5,66.88799038921111,17.333499005964214,-18.11200961078889,-53.666500994035786,15,15,15,1.3760585405288954,4.27067259301489,92.53240863732839,81.14330309886016
85,72,Proposed fairness greedy (lambda=1),10,sensor01→gatewayA;sensor02→gatewayC;sensor03→gatewayC;sensor04→gatewayA;sensor05→gatewayA;sensor06→gatewayA;sensor07→gatewayA;sensor08→gatewayA;sensor09→gatewayA;sensor10→gatewayC,d53238027e5c,68.10613204500537,17.333499005964214,-16.893867954994633,-54.666500994035786,15,15,15,1.3044031490115862,4.38831965183842,92.64450689912206,81.14330309886016
85,72,Multi-cover greedy,10,sensor01→gatewayA;sensor02→gatewayC;sensor03→gatewayC;sensor04→gatewayA;sensor05→gatewayA;sensor06→gatewayA;sensor07→gatewayA;sensor08→gatewayA;sensor09→gatewayA;sensor10→gatewayA,d708670db0b5,66.88799038921111,17.333499005964214,-18.11200961078889,-54.666500994035786,15,15,15,1.3760585405288954,4.38831965183842,92.53240863732839,81.14330309886016
85,73,Proposed fairness greedy (lambda=1),10,sensor01→gatewayA;sensor02→gatewayC;sensor03→gatewayC;sensor04→gatewayA;sensor05→gatewayA;sensor06→gatewayA;sensor07→gatewayA;sensor08→gatewayA;sensor09→gatewayA;sensor10→gatewayC,d53238027e5c,68.10613204500537,17.333499005964214,-16.893867954994633,-55.666500994035786,15,15,15,1.3044031490115862,4.505966710661949,92.64450689912206,81.14330309886016
85,73,Multi-cover greedy,10,sensor01→gatewayA;sensor02→gatewayC;sensor03→gatewayC;sensor04→gatewayA;sensor05→gatewayA;sensor06→gatewayA;sensor07→gatewayA;sensor08→gatewayA;sensor09→gatewayA;sensor10→gatewayA,d708670db0b5,66.88799038921111,17.333499005964214,-18.11200961078889,-55.666500994035786,15,15,15,1.3760585405288954,4.505966710661949,92.53240863732839,81.14330309886016
85,74,Proposed fairness greedy (lambda=1),10,sensor01→gatewayA;sensor02→gatewayC;sensor03→gatewayC;sensor04→gatewayA;sensor05→gatewayA;sensor06→gatewayA;sensor07→gatewayA;sensor08→gatewayA;sensor09→gatewayA;sensor10→gatewayC,d53238027e5c,68.10613204500537,17.333499005964214,-16.893867954994633,-56.666500994035786,15,15,15,1.3044031490115862,4.623613769485479,92.64450689912206,81.14330309886016
85,74,Multi-cover greedy,10,sensor01→gatewayA;sensor02→gatewayC;sensor03→gatewayC;sensor04→gatewayA;sensor05→gatewayA;sensor06→gatewayA;sensor07→gatewayA;sensor08→gatewayA;sensor09→gatewayA;sensor10→gatewayA,d708670db0b5,66.88799038921111,17.333499005964214,-18.11200961078889,-56.666500994035786,15,15,15,1.3760585405288954,4.623613769485479,92.53240863732839,81.14330309886016
85,75,Proposed fairness greedy (lambda=1),10,sensor01→gatewayA;sensor02→gatewayC;sensor03→gatewayC;sensor04→gatewayA;sensor05→gatewayA;sensor06→gatewayA;sensor07→gatewayA;sensor08→gatewayA;sensor09→gatewayA;sensor10→gatewayC,d53238027e5c,68.10613204500537,17.333499005964214,-16.893867954994633,-57.666500994035786,15,15,15,1.3044031490115862,4.741260828309008,92.64450689912206,81.14330309886016
85,75,Multi-cover greedy,10,sensor01→gatewayA;sensor02→gatewayC;sensor03→gatewayC;sensor04→gatewayA;sensor05→gatewayA;sensor06→gatewayA;sensor07→gatewayA;sensor08→gatewayA;sensor09→gatewayA;sensor10→gatewayA,d708670db0b5,66.88799038921111,17.333499005964214,-18.11200961078889,-57.666500994035786,15,15,15,1.3760585405288954,4.741260828309008,92.53240863732839,81.14330309886016
85,76,Proposed fairness greedy (lambda=1),10,sensor01→gatewayA;sensor02→gatewayC;sensor03→gatewayC;sensor04→gatewayA;sensor05→gatewayA;sensor06→gatewayA;sensor07→gatewayA;sensor08→gatewayA;sensor09→gatewayA;sensor10→gatewayC,d53238027e5c,68.10613204500537,17.333499005964214,-16.893867954994633,-58.666500994035786,15,15,15,1.3044031490115862,4.8589078871325375,92.64450689912206,81.14330309886016
85,76,Multi-cover greedy,10,sensor01→gatewayA;sensor02→gatewayC;sensor03→gatewayC;sensor04→gatewayA;sensor05→gatewayA;sensor06→gatewayA;sensor07→gatewayA;sensor08→gatewayA;sensor09→gatewayA;sensor10→gatewayA,d708670db0b5,66.88799038921111,17.333499005964214,-18.11200961078889,-58.666500994035786,15,15,15,1.3760585405288954,4.8589078871325375,92.53240863732839,81.14330309886016
85,77,Proposed fairness greedy (lambda=1),10,sensor01→gatewayA;sensor02→gatewayC;sensor03→gatewayC;sensor04→gatewayA;sensor05→gatewayA;sensor06→gatewayA;sensor07→gatewayA;sensor08→gatewayA;sensor09→gatewayA;sensor10→gatewayC,d53238027e5c,68.10613204500537,17.333499005964214,-16.893867954994633,-59.666500994035786,15,15,15,1.3044031490115862,4.9765549459560665,92.64450689912206,81.14330309886016
85,77,Multi-cover greedy,10,sensor01→gatewayA;sensor02→gatewayC;sensor03→gatewayC;sensor04→gatewayA;sensor05→gatewayA;sensor06→gatewayA;sensor07→gatewayA;sensor08→gatewayA;sensor09→gatewayA;sensor10→gatewayA,d708670db0b5,66.88799038921111,17.333499005964214,-18.11200961078889,-59.666500994035786,15,15,15,1.3760585405288954,4.9765549459560665,92.53240863732839,81.14330309886016
85,89,Proposed fairness greedy (lambda=1),12,sensor01→gatewayA;sensor01→gatewayC;sensor02→gatewayC;sensor03→gatewayC;sensor04→gatewayA;sensor04→gatewayC;sensor05→gatewayA;sensor06→gatewayA;sensor07→gatewayA;sensor08→gatewayA;sensor09→gatewayA;sensor10→gatewayC,fba66e5cdf8c,78.5242788678904,17.333499005964214,-6.475721132109598,-71.66650099403579,15,12,12,0.66151904946195,6.64206402885783,95.30868439399289,84.31997339445302
85,89,Multi-cover greedy,12,sensor01→gatewayA;sensor01→gatewayB;sensor02→gatewayC;sensor03→gatewayC;sensor04→gatewayA;sensor04→gatewayC;sensor05→gatewayA;sensor06→gatewayA;sensor07→gatewayA;sensor08→gatewayA;sensor09→gatewayA;sensor10→gatewayC,1857c34ccaa1,74.07283014480772,17.333499005964214,-10.927169855192275,-71.66650099403579,15,8,8,0.930568916749627,7.0949621683777915,94.15400091545355,82.67847276683732
85,91,Proposed fairness greedy (lambda=1),14,sensor01→gatewayA;sensor01→gatewayC;sensor02→gatewayC;sensor03→gatewayC;sensor04→gatewayA;sensor04→gatewayC;sensor05→gatewayA;sensor06→gatewayA;sensor07→gatewayA;sensor07→gatewayC;sensor08→gatewayA;sensor08→gatewayB;sensor09→gatewayA;sensor10→gatewayC,ba7836f47dfe,81.05742110584855,17.333499005964214,-3.9425788941514526,-73.66650099403579,16,14,14,0.23191640553832074,6.483755642410328,97.23834709357982,89.23134868455652
85,91,Multi-cover greedy,14,sensor01→gatewayA;sensor01→gatewayC;sensor02→gatewayC;sensor03→gatewayC;sensor04→gatewayA;sensor04→gatewayC;sensor05→gatewayA;sensor06→gatewayA;sensor07→gatewayA;sensor07→gatewayB;sensor08→gatewayA;sensor08→gatewayB;sensor09→gatewayA;sensor10→gatewayC,7d0409742162,80.99223032302699,17.333499005964214,-4.0077696769730125,-73.66650099403579,15,11,11,0.2912251962571354,7.005931362090352,96.43474975762871,86.58389421375502
85,92,Proposed fairness greedy (lambda=1),14,sensor01→gatewayA;sensor01→gatewayC;sensor02→gatewayC;sensor03→gatewayC;sensor04→gatewayA;sensor04→gatewayC;sensor05→gatewayA;sensor06→gatewayA;sensor07→gatewayA;sensor07→gatewayC;sensor08→gatewayA;sensor08→gatewayB;sensor09→gatewayA;sensor10→gatewayC,ba7836f47dfe,81.05742110584855,17.333499005964214,-3.9425788941514526,-74.66650099403579,16,14,14,0.23191640553832074,6.660226230645622,97.23834709357982,89.23134868455652
85,92,Multi-cover greedy,14,sensor01→gatewayA;sensor01→gatewayC;sensor02→gatewayC;sensor03→gatewayC;sensor04→gatewayA;sensor04→gatewayC;sensor05→gatewayA;sensor06→gatewayA;sensor07→gatewayA;sensor07→gatewayB;sensor08→gatewayA;sensor08→gatewayB;sensor09→gatewayA;sensor10→gatewayC,7d0409742162,80.99223032302699,17.333499005964214,-4.0077696769730125,-74.66650099403579,15,10,10,0.2912251962571354,7.417269307087821,96.43474975762871,86.58389421375502
85,95,Proposed fairness greedy (lambda=1),17,sensor01→gatewayA;sensor01→gatewayC;sensor02→gatewayA;sensor02→gatewayC;sensor03→gatewayA;sensor03→gatewayC;sensor04→gatewayA;sensor04→gatewayC;sensor05→gatewayA;sensor05→gatewayC;sensor06→gatewayA;sensor07→gatewayA;sensor07→gatewayC;sensor08→gatewayA;sensor08→gatewayB;sensor09→gatewayA;sensor10→gatewayC,126ff9a6f407,92.6020177489569,60.10386612810156,7.6020177489568965,-34.89613387189844,17,15,15,0.0,2.0666735145595405,99.1281265199174,94.76426136423231
85,95,Multi-cover greedy,17,sensor01→gatewayA;sensor01→gatewayC;sensor02→gatewayA;sensor02→gatewayC;sensor03→gatewayA;sensor03→gatewayC;sensor04→gatewayA;sensor04→gatewayC;sensor05→gatewayA;sensor05→gatewayB;sensor06→gatewayA;sensor07→gatewayA;sensor07→gatewayC;sensor08→gatewayA;sensor08→gatewayB;sensor09→gatewayA;sensor10→gatewayC,4deb1457865a,88.66211101494581,60.10386612810156,3.6621110149458076,-34.89613387189844,17,15,15,0.0,2.0666735145595405,98.62758524078373,94.41404901090611
86,50,Proposed fairness greedy (lambda=1),10,sensor01→gatewayA;sensor02→gatewayC;sensor03→gatewayC;sensor04→gatewayA;sensor05→gatewayA;sensor06→gatewayA;sensor07→gatewayA;sensor08→gatewayA;sensor09→gatewayA;sensor10→gatewayC,d53238027e5c,68.10613204500537,17.333499005964214,-17.893867954994633,-32.666500994035786,15,16,15,1.4220502078351156,1.921558882002105,92.64450689912206,81.14330309886016
86,50,Multi-cover greedy,10,sensor01→gatewayA;sensor02→gatewayC;sensor03→gatewayC;sensor04→gatewayA;sensor05→gatewayA;sensor06→gatewayA;sensor07→gatewayA;sensor08→gatewayA;sensor09→gatewayA;sensor10→gatewayA,d708670db0b5,66.88799038921111,17.333499005964214,-19.11200961078889,-32.666500994035786,15,16,15,1.4937055993524249,1.921558882002105,92.53240863732839,81.14330309886016
86,51,Proposed fairness greedy (lambda=1),10,sensor01→gatewayA;sensor02→gatewayC;sensor03→gatewayC;sensor04→gatewayA;sensor05→gatewayA;sensor06→gatewayA;sensor07→gatewayA;sensor08→gatewayA;sensor09→gatewayA;sensor10→gatewayC,d53238027e5c,68.10613204500537,17.333499005964214,-17.893867954994633,-33.666500994035786,15,16,15,1.4220502078351156,1.9803824114138697,92.64450689912206,81.14330309886016
86,51,Multi-cover greedy,10,sensor01→gatewayA;sensor02→gatewayC;sensor03→gatewayC;sensor04→gatewayA;sensor05→gatewayA;sensor06→gatewayA;sensor07→gatewayA;sensor08→gatewayA;sensor09→gatewayA;sensor10→gatewayA,d708670db0b5,66.88799038921111,17.333499005964214,-19.11200961078889,-33.666500994035786,15,16,15,1.4937055993524249,1.9803824114138697,92.53240863732839,81.14330309886016
86,52,Proposed fairness greedy (lambda=1),10,sensor01→gatewayA;sensor02→gatewayC;sensor03→gatewayC;sensor04→gatewayA;sensor05→gatewayA;sensor06→gatewayA;sensor07→gatewayA;sensor08→gatewayA;sensor09→gatewayA;sensor10→gatewayC,d53238027e5c,68.10613204500537,17.333499005964214,-17.893867954994633,-34.666500994035786,15,16,15,1.4220502078351156,2.0392059408256347,92.64450689912206,81.14330309886016
86,52,Multi-cover greedy,10,sensor01→gatewayA;sensor02→gatewayC;sensor03→gatewayC;sensor04→gatewayA;sensor05→gatewayA;sensor06→gatewayA;sensor07→gatewayA;sensor08→gatewayA;sensor09→gatewayA;sensor10→gatewayA,d708670db0b5,66.88799038921111,17.333499005964214,-19.11200961078889,-34.666500994035786,15,16,15,1.4937055993524249,2.0392059408256347,92.53240863732839,81.14330309886016
86,53,Proposed fairness greedy (lambda=1),10,sensor01→gatewayA;sensor02→gatewayC;sensor03→gatewayC;sensor04→gatewayA;sensor05→gatewayA;sensor06→gatewayA;sensor07→gatewayA;sensor08→gatewayA;sensor09→gatewayA;sensor10→gatewayC,d53238027e5c,68.10613204500537,17.333499005964214,-17.893867954994633,-35.666500994035786,15,15,15,1.4220502078351156,2.153025534191361,92.64450689912206,81.14330309886016
86,53,Multi-cover greedy,10,sensor01→gatewayA;sensor02→gatewayC;sensor03→gatewayC;sensor04→gatewayA;sensor05→gatewayA;sensor06→gatewayA;sensor07→gatewayA;sensor08→gatewayA;sensor09→gatewayA;sensor10→gatewayA,d708670db0b5,66.88799038921111,17.333499005964214,-19.11200961078889,-35.666500994035786,15,15,15,1.4937055993524249,2.153025534191361,92.53240863732839,81.14330309886016
86,54,Proposed fairness greedy (lambda=1),10,sensor01→gatewayA;sensor02→gatewayC;sensor03→gatewayC;sensor04→gatewayA;sensor05→gatewayA;sensor06→gatewayA;sensor07→gatewayA;sensor08→gatewayA;sensor09→gatewayA;sensor10→gatewayC,d53238027e5c,68.10613204500537,17.333499005964214,-17.893867954994633,-36.666500994035786,15,15,15,1.4220502078351156,2.2706725930148903,92.64450689912206,81.14330309886016
86,54,Multi-cover greedy,10,sensor01→gatewayA;sensor02→gatewayC;sensor03→gatewayC;sensor04→gatewayA;sensor05→gatewayA;sensor06→gatewayA;sensor07→gatewayA;sensor08→gatewayA;sensor09→gatewayA;sensor10→gatewayA,d708670db0b5,66.88799038921111,17.333499005964214,-19.11200961078889,-36.666500994035786,15,15,15,1.4937055993524249,2.2706725930148903,92.53240863732839,81.14330309886016
86,55,Proposed fairness greedy (lambda=1),10,sensor01→gatewayA;sensor02→gatewayC;sensor03→gatewayC;sensor04→gatewayA;sensor05→gatewayA;sensor06→gatewayA;sensor07→gatewayA;sensor08→gatewayA;sensor09→gatewayA;sensor10→gatewayC,d53238027e5c,68.10613204500537,17.333499005964214,-17.893867954994633,-37.666500994035786,15,15,15,1.4220502078351156,2.3883196518384198,92.64450689912206,81.14330309886016
86,55,Multi-cover greedy,10,sensor01→gatewayA;sensor02→gatewayC;sensor03→gatewayC;sensor04→gatewayA;sensor05→gatewayA;sensor06→gatewayA;sensor07→gatewayA;sensor08→gatewayA;sensor09→gatewayA;sensor10→gatewayA,d708670db0b5,66.88799038921111,17.333499005964214,-19.11200961078889,-37.666500994035786,15,15,15,1.4937055993524249,2.3883196518384198,92.53240863732839,81.14330309886016
86,56,Proposed fairness greedy (lambda=1),10,sensor01→gatewayA;sensor02→gatewayC;sensor03→gatewayC;sensor04→gatewayA;sensor05→gatewayA;sensor06→gatewayA;sensor07→gatewayA;sensor08→gatewayA;sensor09→gatewayA;sensor10→gatewayC,d53238027e5c,68.10613204500537,17.333499005964214,-17.893867954994633,-38.666500994035786,15,15,15,1.4220502078351156,2.505966710661949,92.64450689912206,81.14330309886016
86,56,Multi-cover greedy,10,sensor01→gatewayA;sensor02→gatewayC;sensor03→gatewayC;sensor04→gatewayA;sensor05→gatewayA;sensor06→gatewayA;sensor07→gatewayA;sensor08→gatewayA;sensor09→gatewayA;sensor10→gatewayA,d708670db0b5,66.88799038921111,17.333499005964214,-19.11200961078889,-38.666500994035786,15,15,15,1.4937055993524249,2.505966710661949,92.53240863732839,81.14330309886016
86,57,Proposed fairness greedy (lambda=1),10,sensor01→gatewayA;sensor02→gatewayC;sensor03→gatewayC;sensor04→gatewayA;sensor05→gatewayA;sensor06→gatewayA;sensor07→gatewayA;sensor08→gatewayA;sensor09→gatewayA;sensor10→gatewayC,d53238027e5c,68.10613204500537,17.333499005964214,-17.893867954994633,-39.666500994035786,15,15,15,1.4220502078351156,2.6236137694854786,92.64450689912206,81.14330309886016
86,57,Multi-cover greedy,10,sensor01→gatewayA;sensor02→gatewayC;sensor03→gatewayC;sensor04→gatewayA;sensor05→gatewayA;sensor06→gatewayA;sensor07→gatewayA;sensor08→gatewayA;sensor09→gatewayA;sensor10→gatewayA,d708670db0b5,66.88799038921111,17.333499005964214,-19.11200961078889,-39.666500994035786,15,15,15,1.4937055993524249,2.6236137694854786,92.53240863732839,81.14330309886016
86,58,Proposed fairness greedy (lambda=1),10,sensor01→gatewayA;sensor02→gatewayC;sensor03→gatewayC;sensor04→gatewayA;sensor05→gatewayA;sensor06→gatewayA;sensor07→gatewayA;sensor08→gatewayA;sensor09→gatewayA;sensor10→gatewayC,d53238027e5c,68.10613204500537,17.333499005964214,-17.893867954994633,-40.666500994035786,15,15,15,1.4220502078351156,2.741260828309008,92.64450689912206,81.14330309886016
86,58,Multi-cover greedy,10,sensor01→gatewayA;sensor02→gatewayC;sensor03→gatewayC;sensor04→gatewayA;sensor05→gatewayA;sensor06→gatewayA;sensor07→gatewayA;sensor08→gatewayA;sensor09→gatewayA;sensor10→gatewayA,d708670db0b5,66.88799038921111,17.333499005964214,-19.11200961078889,-40.666500994035786,15,15,15,1.4937055993524249,2.741260828309008,92.53240863732839,81.14330309886016
86,59,Proposed fairness greedy (lambda=1),10,sensor01→gatewayA;sensor02→gatewayC;sensor03→gatewayC;sensor04→gatewayA;sensor05→gatewayA;sensor06→gatewayA;sensor07→gatewayA;sensor08→gatewayA;sensor09→gatewayA;sensor10→gatewayC,d53238027e5c,68.10613204500537,17.333499005964214,-17.893867954994633,-41.666500994035786,15,15,15,1.4220502078351156,2.8589078871325375,92.64450689912206,81.14330309886016
86,59,Multi-cover greedy,10,sensor01→gatewayA;sensor02→gatewayC;sensor03→gatewayC;sensor04→gatewayA;sensor05→gatewayA;sensor06→gatewayA;sensor07→gatewayA;sensor08→gatewayA;sensor09→gatewayA;sensor10→gatewayA,d708670db0b5,66.88799038921111,17.333499005964214,-19.11200961078889,-41.666500994035786,15,15,15,1.4937055993524249,2.8589078871325375,92.53240863732839,81.14330309886016
86,60,Proposed fairness greedy (lambda=1),10,sensor01→gatewayA;sensor02→gatewayC;sensor03→gatewayC;sensor04→gatewayA;sensor05→gatewayA;sensor06→gatewayA;sensor07→gatewayA;sensor08→gatewayA;sensor09→gatewayA;sensor10→gatewayC,d53238027e5c,68.10613204500537,17.333499005964214,-17.893867954994633,-42.666500994035786,15,15,15,1.4220502078351156,2.976554945956067,92.64450689912206,81.14330309886016
86,60,Multi-cover greedy,10,sensor01→gatewayA;sensor02→gatewayC;sensor03→gatewayC;sensor04→gatewayA;sensor05→gatewayA;sensor06→gatewayA;sensor07→gatewayA;sensor08→gatewayA;sensor09→gatewayA;sensor10→gatewayA,d708670db0b5,66.88799038921111,17.333499005964214,-19.11200961078889,-42.666500994035786,15,15,15,1.4937055993524249,2.976554945956067,92.53240863732839,81.14330309886016
86,61,Proposed fairness greedy (lambda=1),10,sensor01→gatewayA;sensor02→gatewayC;sensor03→gatewayC;sensor04→gatewayA;sensor05→gatewayA;sensor06→gatewayA;sensor07→gatewayA;sensor08→gatewayA;sensor09→gatewayA;sensor10→gatewayC,d53238027e5c,68.10613204500537,17.333499005964214,-17.893867954994633,-43.666500994035786,15,15,15,1.4220502078351156,3.0942020047795964,92.64450689912206,81.14330309886016
86,61,Multi-cover greedy,10,sensor01→gatewayA;sensor02→gatewayC;sensor03→gatewayC;sensor04→gatewayA;sensor05→gatewayA;sensor06→gatewayA;sensor07→gatewayA;sensor08→gatewayA;sensor09→gatewayA;sensor10→gatewayA,d708670db0b5,66.88799038921111,17.333499005964214,-19.11200961078889,-43.666500994035786,15,15,15,1.4937055993524249,3.0942020047795964,92.53240863732839,81.14330309886016
86,62,Proposed fairness greedy (lambda=1),10,sensor01→gatewayA;sensor02→gatewayC;sensor03→gatewayC;sensor04→gatewayA;sensor05→gatewayA;sensor06→gatewayA;sensor07→gatewayA;sensor08→gatewayA;sensor09→gatewayA;sensor10→gatewayC,d53238027e5c,68.10613204500537,17.333499005964214,-17.893867954994633,-44.666500994035786,15,15,15,1.4220502078351156,3.211849063603126,92.64450689912206,81.14330309886016
86,62,Multi-cover greedy,10,sensor01→gatewayA;sensor02→gatewayC;sensor03→gatewayC;sensor04→gatewayA;sensor05→gatewayA;sensor06→gatewayA;sensor07→gatewayA;sensor08→gatewayA;sensor09→gatewayA;sensor10→gatewayA,d708670db0b5,66.88799038921111,17.333499005964214,-19.11200961078889,-44.666500994035786,15,15,15,1.4937055993524249,3.211849063603126,92.53240863732839,81.14330309886016
86,63,Proposed fairness greedy (lambda=1),10,sensor01→gatewayA;sensor02→gatewayC;sensor03→gatewayC;sensor04→gatewayA;sensor05→gatewayA;sensor06→gatewayA;sensor07→gatewayA;sensor08→gatewayA;sensor09→gatewayA;sensor10→gatewayC,d53238027e5c,68.10613204500537,17.333499005964214,-17.893867954994633,-45.666500994035786,15,15,15,1.4220502078351156,3.3294961224266553,92.64450689912206,81.14330309886016
86,63,Multi-cover greedy,10,sensor01→gatewayA;sensor02→gatewayC;sensor03→gatewayC;sensor04→gatewayA;sensor05→gatewayA;sensor06→gatewayA;sensor07→gatewayA;sensor08→gatewayA;sensor09→gatewayA;sensor10→gatewayA,d708670db0b5,66.88799038921111,17.333499005964214,-19.11200961078889,-45.666500994035786,15,15,15,1.4937055993524249,3.3294961224266553,92.53240863732839,81.14330309886016
86,64,Proposed fairness greedy (lambda=1),10,sensor01→gatewayA;sensor02→gatewayC;sensor03→gatewayC;sensor04→gatewayA;sensor05→gatewayA;sensor06→gatewayA;sensor07→gatewayA;sensor08→gatewayA;sensor09→gatewayA;sensor10→gatewayC,d53238027e5c,68.10613204500537,17.333499005964214,-17.893867954994633,-46.666500994035786,15,15,15,1.4220502078351156,3.4471431812501847,92.64450689912206,81.14330309886016
86,64,Multi-cover greedy,10,sensor01→gatewayA;sensor02→gatewayC;sensor03→gatewayC;sensor04→gatewayA;sensor05→gatewayA;sensor06→gatewayA;sensor07→gatewayA;sensor08→gatewayA;sensor09→gatewayA;sensor10→gatewayA,d708670db0b5,66.88799038921111,17.333499005964214,-19.11200961078889,-46.666500994035786,15,15,15,1.4937055993524249,3.4471431812501847,92.53240863732839,81.14330309886016
86,65,Proposed fairness greedy (lambda=1),10,sensor01→gatewayA;sensor02→gatewayC;sensor03→gatewayC;sensor04→gatewayA;sensor05→gatewayA;sensor06→gatewayA;sensor07→gatewayA;sensor08→gatewayA;sensor09→gatewayA;sensor10→gatewayC,d53238027e5c,68.10613204500537,17.333499005964214,-17.893867954994633,-47.666500994035786,15,15,15,1.4220502078351156,3.564790240073714,92.64450689912206,81.14330309886016
86,65,Multi-cover greedy,10,sensor01→gatewayA;sensor02→gatewayC;sensor03→gatewayC;sensor04→gatewayA;sensor05→gatewayA;sensor06→gatewayA;sensor07→gatewayA;sensor08→gatewayA;sensor09→gatewayA;sensor10→gatewayA,d708670db0b5,66.88799038921111,17.333499005964214,-19.11200961078889,-47.666500994035786,15,15,15,1.4937055993524249,3.564790240073714,92.53240863732839,81.14330309886016
86,66,Proposed fairness greedy (lambda=1),10,sensor01→gatewayA;sensor02→gatewayC;sensor03→gatewayC;sensor04→gatewayA;sensor05→gatewayA;sensor06→gatewayA;sensor07→gatewayA;sensor08→gatewayA;sensor09→gatewayA;sensor10→gatewayC,d53238027e5c,68.10613204500537,17.333499005964214,-17.893867954994633,-48.666500994035786,15,15,15,1.4220502078351156,3.6824372988972436,92.64450689912206,81.14330309886016
86,66,Multi-cover greedy,10,sensor01→gatewayA;sensor02→gatewayC;sensor03→gatewayC;sensor04→gatewayA;sensor05→gatewayA;sensor06→gatewayA;sensor07→gatewayA;sensor08→gatewayA;sensor09→gatewayA;sensor10→gatewayA,d708670db0b5,66.88799038921111,17.333499005964214,-19.11200961078889,-48.666500994035786,15,15,15,1.4937055993524249,3.6824372988972436,92.53240863732839,81.14330309886016
86,67,Proposed fairness greedy (lambda=1),10,sensor01→gatewayA;sensor02→gatewayC;sensor03→gatewayC;sensor04→gatewayA;sensor05→gatewayA;sensor06→gatewayA;sensor07→gatewayA;sensor08→gatewayA;sensor09→gatewayA;sensor10→gatewayC,d53238027e5c,68.10613204500537,17.333499005964214,-17.893867954994633,-49.666500994035786,15,15,15,1.4220502078351156,3.8000843577207726,92.64450689912206,81.14330309886016
86,67,Multi-cover greedy,10,sensor01→gatewayA;sensor02→gatewayC;sensor03→gatewayC;sensor04→gatewayA;sensor05→gatewayA;sensor06→gatewayA;sensor07→gatewayA;sensor08→gatewayA;sensor09→gatewayA;sensor10→gatewayA,d708670db0b5,66.88799038921111,17.333499005964214,-19.11200961078889,-49.666500994035786,15,15,15,1.4937055993524249,3.8000843577207726,92.53240863732839,81.14330309886016
86,68,Proposed fairness greedy (lambda=1),10,sensor01→gatewayA;sensor02→gatewayC;sensor03→gatewayC;sensor04→gatewayA;sensor05→gatewayA;sensor06→gatewayA;sensor07→gatewayA;sensor08→gatewayA;sensor09→gatewayA;sensor10→gatewayC,d53238027e5c,68.10613204500537,17.333499005964214,-17.893867954994633,-50.666500994035786,15,15,15,1.4220502078351156,3.917731416544302,92.64450689912206,81.14330309886016
86,68,Multi-cover greedy,10,sensor01→gatewayA;sensor02→gatewayC;sensor03→gatewayC;sensor04→gatewayA;sensor05→gatewayA;sensor06→gatewayA;sensor07→gatewayA;sensor08→gatewayA;sensor09→gatewayA;sensor10→gatewayA,d708670db0b5,66.88799038921111,17.333499005964214,-19.11200961078889,-50.666500994035786,15,15,15,1.4937055993524249,3.917731416544302,92.53240863732839,81.14330309886016
86,69,Proposed fairness greedy (lambda=1),10,sensor01→gatewayA;sensor02→gatewayC;sensor03→gatewayC;sensor04→gatewayA;sensor05→gatewayA;sensor06→gatewayA;sensor07→gatewayA;sensor08→gatewayA;sensor09→gatewayA;sensor10→gatewayC,d53238027e5c,68.10613204500537,17.333499005964214,-17.893867954994633,-51.666500994035786,15,15,15,1.4220502078351156,4.035378475367831,92.64450689912206,81.14330309886016
86,69,Multi-cover greedy,10,sensor01→gatewayA;sensor02→gatewayC;sensor03→gatewayC;sensor04→gatewayA;sensor05→gatewayA;sensor06→gatewayA;sensor07→gatewayA;sensor08→gatewayA;sensor09→gatewayA;sensor10→gatewayA,d708670db0b5,66.88799038921111,17.333499005964214,-19.11200961078889,-51.666500994035786,15,15,15,1.4937055993524249,4.035378475367831,92.53240863732839,81.14330309886016
86,70,Proposed fairness greedy (lambda=1),10,sensor01→gatewayA;sensor02→gatewayC;sensor03→gatewayC;sensor04→gatewayA;sensor05→gatewayA;sensor06→gatewayA;sensor07→gatewayA;sensor08→gatewayA;sensor09→gatewayA;sensor10→gatewayC,d53238027e5c,68.10613204500537,17.333499005964214,-17.893867954994633,-52.666500994035786,15,15,15,1.4220502078351156,4.153025534191361,92.64450689912206,81.14330309886016
86,70,Multi-cover greedy,10,sensor01→gatewayA;sensor02→gatewayC;sensor03→gatewayC;sensor04→gatewayA;sensor05→gatewayA;sensor06→gatewayA;sensor07→gatewayA;sensor08→gatewayA;sensor09→gatewayA;sensor10→gatewayA,d708670db0b5,66.88799038921111,17.333499005964214,-19.11200961078889,-52.666500994035786,15,15,15,1.4937055993524249,4.153025534191361,92.53240863732839,81.14330309886016
86,71,Proposed fairness greedy (lambda=1),10,sensor01→gatewayA;sensor02→gatewayC;sensor03→gatewayC;sensor04→gatewayA;sensor05→gatewayA;sensor06→gatewayA;sensor07→gatewayA;sensor08→gatewayA;sensor09→gatewayA;sensor10→gatewayC,d53238027e5c,68.10613204500537,17.333499005964214,-17.893867954994633,-53.666500994035786,15,15,15,1.4220502078351156,4.27067259301489,92.64450689912206,81.14330309886016
86,71,Multi-cover greedy,10,sensor01→gatewayA;sensor02→gatewayC;sensor03→gatewayC;sensor04→gatewayA;sensor05→gatewayA;sensor06→gatewayA;sensor07→gatewayA;sensor08→gatewayA;sensor09→gatewayA;sensor10→gatewayA,d708670db0b5,66.88799038921111,17.333499005964214,-19.11200961078889,-53.666500994035786,15,15,15,1.4937055993524249,4.27067259301489,92.53240863732839,81.14330309886016
86,72,Proposed fairness greedy (lambda=1),10,sensor01→gatewayA;sensor02→gatewayC;sensor03→gatewayC;sensor04→gatewayA;sensor05→gatewayA;sensor06→gatewayA;sensor07→gatewayA;sensor08→gatewayA;sensor09→gatewayA;sensor10→gatewayC,d53238027e5c,68.10613204500537,17.333499005964214,-17.893867954994633,-54.666500994035786,15,15,15,1.4220502078351156,4.38831965183842,92.64450689912206,81.14330309886016
86,72,Multi-cover greedy,10,sensor01→gatewayA;sensor02→gatewayC;sensor03→gatewayC;sensor04→gatewayA;sensor05→gatewayA;sensor06→gatewayA;sensor07→gatewayA;sensor08→gatewayA;sensor09→gatewayA;sensor10→gatewayA,d708670db0b5,66.88799038921111,17.333499005964214,-19.11200961078889,-54.666500994035786,15,15,15,1.4937055993524249,4.38831965183842,92.53240863732839,81.14330309886016
86,73,Proposed fairness greedy (lambda=1),10,sensor01→gatewayA;sensor02→gatewayC;sensor03→gatewayC;sensor04→gatewayA;sensor05→gatewayA;sensor06→gatewayA;sensor07→gatewayA;sensor08→gatewayA;sensor09→gatewayA;sensor10→gatewayC,d53238027e5c,68.10613204500537,17.333499005964214,-17.893867954994633,-55.666500994035786,15,15,15,1.4220502078351156,4.505966710661949,92.64450689912206,81.14330309886016
86,73,Multi-cover greedy,10,sensor01→gatewayA;sensor02→gatewayC;sensor03→gatewayC;sensor04→gatewayA;sensor05→gatewayA;sensor06→gatewayA;sensor07→gatewayA;sensor08→gatewayA;sensor09→gatewayA;sensor10→gatewayA,d708670db0b5,66.88799038921111,17.333499005964214,-19.11200961078889,-55.666500994035786,15,15,15,1.4937055993524249,4.505966710661949,92.53240863732839,81.14330309886016
86,74,Proposed fairness greedy (lambda=1),10,sensor01→gatewayA;sensor02→gatewayC;sensor03→gatewayC;sensor04→gatewayA;sensor05→gatewayA;sensor06→gatewayA;sensor07→gatewayA;sensor08→gatewayA;sensor09→gatewayA;sensor10→gatewayC,d53238027e5c,68.10613204500537,17.333499005964214,-17.893867954994633,-56.666500994035786,15,15,15,1.4220502078351156,4.623613769485479,92.64450689912206,81.14330309886016
86,74,Multi-cover greedy,10,sensor01→gatewayA;sensor02→gatewayC;sensor03→gatewayC;sensor04→gatewayA;sensor05→gatewayA;sensor06→gatewayA;sensor07→gatewayA;sensor08→gatewayA;sensor09→gatewayA;sensor10→gatewayA,d708670db0b5,66.88799038921111,17.333499005964214,-19.11200961078889,-56.666500994035786,15,15,15,1.4937055993524249,4.623613769485479,92.53240863732839,81.14330309886016
86,75,Proposed fairness greedy (lambda=1),10,sensor01→gatewayA;sensor02→gatewayC;sensor03→gatewayC;sensor04→gatewayA;sensor05→gatewayA;sensor06→gatewayA;sensor07→gatewayA;sensor08→gatewayA;sensor09→gatewayA;sensor10→gatewayC,d53238027e5c,68.10613204500537,17.333499005964214,-17.893867954994633,-57.666500994035786,15,15,15,1.4220502078351156,4.741260828309008,92.64450689912206,81.14330309886016
86,75,Multi-cover greedy,10,sensor01→gatewayA;sensor02→gatewayC;sensor03→gatewayC;sensor04→gatewayA;sensor05→gatewayA;sensor06→gatewayA;sensor07→gatewayA;sensor08→gatewayA;sensor09→gatewayA;sensor10→gatewayA,d708670db0b5,66.88799038921111,17.333499005964214,-19.11200961078889,-57.666500994035786,15,15,15,1.4937055993524249,4.741260828309008,92.53240863732839,81.14330309886016
86,76,Proposed fairness greedy (lambda=1),10,sensor01→gatewayA;sensor02→gatewayC;sensor03→gatewayC;sensor04→gatewayA;sensor05→gatewayA;sensor06→gatewayA;sensor07→gatewayA;sensor08→gatewayA;sensor09→gatewayA;sensor10→gatewayC,d53238027e5c,68.10613204500537,17.333499005964214,-17.893867954994633,-58.666500994035786,15,15,15,1.4220502078351156,4.8589078871325375,92.64450689912206,81.14330309886016
86,76,Multi-cover greedy,10,sensor01→gatewayA;sensor02→gatewayC;sensor03→gatewayC;sensor04→gatewayA;sensor05→gatewayA;sensor06→gatewayA;sensor07→gatewayA;sensor08→gatewayA;sensor09→gatewayA;sensor10→gatewayA,d708670db0b5,66.88799038921111,17.333499005964214,-19.11200961078889,-58.666500994035786,15,15,15,1.4937055993524249,4.8589078871325375,92.53240863732839,81.14330309886016
86,77,Proposed fairness greedy (lambda=1),10,sensor01→gatewayA;sensor02→gatewayC;sensor03→gatewayC;sensor04→gatewayA;sensor05→gatewayA;sensor06→gatewayA;sensor07→gatewayA;sensor08→gatewayA;sensor09→gatewayA;sensor10→gatewayC,d53238027e5c,68.10613204500537,17.333499005964214,-17.893867954994633,-59.666500994035786,15,15,15,1.4220502078351156,4.9765549459560665,92.64450689912206,81.14330309886016
86,77,Multi-cover greedy,10,sensor01→gatewayA;sensor02→gatewayC;sensor03→gatewayC;sensor04→gatewayA;sensor05→gatewayA;sensor06→gatewayA;sensor07→gatewayA;sensor08→gatewayA;sensor09→gatewayA;sensor10→gatewayA,d708670db0b5,66.88799038921111,17.333499005964214,-19.11200961078889,-59.666500994035786,15,15,15,1.4937055993524249,4.9765549459560665,92.53240863732839,81.14330309886016
86,89,Proposed fairness greedy (lambda=1),12,sensor01→gatewayA;sensor01→gatewayC;sensor02→gatewayC;sensor03→gatewayC;sensor04→gatewayA;sensor04→gatewayC;sensor05→gatewayA;sensor06→gatewayA;sensor07→gatewayA;sensor08→gatewayA;sensor09→gatewayA;sensor10→gatewayC,fba66e5cdf8c,78.5242788678904,17.333499005964214,-7.475721132109598,-71.66650099403579,15,12,12,0.7791661082854793,6.64206402885783,95.30868439399289,84.31997339445302
86,89,Multi-cover greedy,12,sensor01→gatewayA;sensor01→gatewayB;sensor02→gatewayC;sensor03→gatewayC;sensor04→gatewayA;sensor04→gatewayC;sensor05→gatewayA;sensor06→gatewayA;sensor07→gatewayA;sensor08→gatewayA;sensor09→gatewayA;sensor10→gatewayC,1857c34ccaa1,74.07283014480772,17.333499005964214,-11.927169855192275,-71.66650099403579,15,8,8,1.0482159755731564,7.0949621683777915,94.15400091545355,82.67847276683732
86,91,Proposed fairness greedy (lambda=1),14,sensor01→gatewayA;sensor01→gatewayC;sensor02→gatewayC;sensor03→gatewayC;sensor04→gatewayA;sensor04→gatewayC;sensor05→gatewayA;sensor06→gatewayA;sensor07→gatewayA;sensor07→gatewayC;sensor08→gatewayA;sensor08→gatewayB;sensor09→gatewayA;sensor10→gatewayC,ba7836f47dfe,81.05742110584855,17.333499005964214,-4.942578894151453,-73.66650099403579,16,14,14,0.29073993495008543,6.483755642410328,97.23834709357982,89.23134868455652
86,91,Multi-cover greedy,14,sensor01→gatewayA;sensor01→gatewayC;sensor02→gatewayC;sensor03→gatewayC;sensor04→gatewayA;sensor04→gatewayC;sensor05→gatewayA;sensor06→gatewayA;sensor07→gatewayA;sensor07→gatewayB;sensor08→gatewayA;sensor08→gatewayB;sensor09→gatewayA;sensor10→gatewayC,7d0409742162,80.99223032302699,17.333499005964214,-5.0077696769730125,-73.66650099403579,15,11,11,0.4088722550806648,7.005931362090352,96.43474975762871,86.58389421375502
86,92,Proposed fairness greedy (lambda=1),14,sensor01→gatewayA;sensor01→gatewayC;sensor02→gatewayC;sensor03→gatewayC;sensor04→gatewayA;sensor04→gatewayC;sensor05→gatewayA;sensor06→gatewayA;sensor07→gatewayA;sensor07→gatewayC;sensor08→gatewayA;sensor08→gatewayB;sensor09→gatewayA;sensor10→gatewayC,ba7836f47dfe,81.05742110584855,17.333499005964214,-4.942578894151453,-74.66650099403579,16,14,14,0.29073993495008543,6.660226230645622,97.23834709357982,89.23134868455652
86,92,Multi-cover greedy,14,sensor01→gatewayA;sensor01→gatewayC;sensor02→gatewayC;sensor03→gatewayC;sensor04→gatewayA;sensor04→gatewayC;sensor05→gatewayA;sensor06→gatewayA;sensor07→gatewayA;sensor07→gatewayB;sensor08→gatewayA;sensor08→gatewayB;sensor09→gatewayA;sensor10→gatewayC,7d0409742162,80.99223032302699,17.333499005964214,-5.0077696769730125,-74.66650099403579,15,10,10,0.4088722550806648,7.417269307087821,96.43474975762871,86.58389421375502
86,95,Proposed fairness greedy (lambda=1),17,sensor01→gatewayA;sensor01→gatewayC;sensor02→gatewayA;sensor02→gatewayC;sensor03→gatewayA;sensor03→gatewayC;sensor04→gatewayA;sensor04→gatewayC;sensor05→gatewayA;sensor05→gatewayC;sensor06→gatewayA;sensor07→gatewayA;sensor07→gatewayC;sensor08→gatewayA;sensor08→gatewayB;sensor09→gatewayA;sensor10→gatewayC,126ff9a6f407,92.6020177489569,60.10386612810156,6.6020177489568965,-34.89613387189844,17,15,15,0.0,2.0666735145595405,99.1281265199174,94.76426136423231
86,95,Multi-cover greedy,17,sensor01→gatewayA;sensor01→gatewayC;sensor02→gatewayA;sensor02→gatewayC;sensor03→gatewayA;sensor03→gatewayC;sensor04→gatewayA;sensor04→gatewayC;sensor05→gatewayA;sensor05→gatewayB;sensor06→gatewayA;sensor07→gatewayA;sensor07→gatewayC;sensor08→gatewayA;sensor08→gatewayB;sensor09→gatewayA;sensor10→gatewayC,4deb1457865a,88.66211101494581,60.10386612810156,2.6621110149458076,-34.89613387189844,17,15,15,0.0,2.0666735145595405,98.62758524078373,94.41404901090611
87,50,Proposed fairness greedy (lambda=1),10,sensor01→gatewayA;sensor02→gatewayC;sensor03→gatewayC;sensor04→gatewayA;sensor05→gatewayA;sensor06→gatewayA;sensor07→gatewayA;sensor08→gatewayA;sensor09→gatewayA;sensor10→gatewayC,d53238027e5c,68.10613204500537,17.333499005964214,-18.893867954994633,-32.666500994035786,15,16,15,1.539697266658645,1.921558882002105,92.64450689912206,81.14330309886016
87,50,Multi-cover greedy,10,sensor01→gatewayA;sensor02→gatewayC;sensor03→gatewayC;sensor04→gatewayA;sensor05→gatewayA;sensor06→gatewayA;sensor07→gatewayA;sensor08→gatewayA;sensor09→gatewayA;sensor10→gatewayA,d708670db0b5,66.88799038921111,17.333499005964214,-20.11200961078889,-32.666500994035786,15,16,15,1.6113526581759543,1.921558882002105,92.53240863732839,81.14330309886016
87,51,Proposed fairness greedy (lambda=1),10,sensor01→gatewayA;sensor02→gatewayC;sensor03→gatewayC;sensor04→gatewayA;sensor05→gatewayA;sensor06→gatewayA;sensor07→gatewayA;sensor08→gatewayA;sensor09→gatewayA;sensor10→gatewayC,d53238027e5c,68.10613204500537,17.333499005964214,-18.893867954994633,-33.666500994035786,15,16,15,1.539697266658645,1.9803824114138697,92.64450689912206,81.14330309886016
87,51,Multi-cover greedy,10,sensor01→gatewayA;sensor02→gatewayC;sensor03→gatewayC;sensor04→gatewayA;sensor05→gatewayA;sensor06→gatewayA;sensor07→gatewayA;sensor08→gatewayA;sensor09→gatewayA;sensor10→gatewayA,d708670db0b5,66.88799038921111,17.333499005964214,-20.11200961078889,-33.666500994035786,15,16,15,1.6113526581759543,1.9803824114138697,92.53240863732839,81.14330309886016
87,52,Proposed fairness greedy (lambda=1),10,sensor01→gatewayA;sensor02→gatewayC;sensor03→gatewayC;sensor04→gatewayA;sensor05→gatewayA;sensor06→gatewayA;sensor07→gatewayA;sensor08→gatewayA;sensor09→gatewayA;sensor10→gatewayC,d53238027e5c,68.10613204500537,17.333499005964214,-18.893867954994633,-34.666500994035786,15,16,15,1.539697266658645,2.0392059408256347,92.64450689912206,81.14330309886016
87,52,Multi-cover greedy,10,sensor01→gatewayA;sensor02→gatewayC;sensor03→gatewayC;sensor04→gatewayA;sensor05→gatewayA;sensor06→gatewayA;sensor07→gatewayA;sensor08→gatewayA;sensor09→gatewayA;sensor10→gatewayA,d708670db0b5,66.88799038921111,17.333499005964214,-20.11200961078889,-34.666500994035786,15,16,15,1.6113526581759543,2.0392059408256347,92.53240863732839,81.14330309886016
87,53,Proposed fairness greedy (lambda=1),10,sensor01→gatewayA;sensor02→gatewayC;sensor03→gatewayC;sensor04→gatewayA;sensor05→gatewayA;sensor06→gatewayA;sensor07→gatewayA;sensor08→gatewayA;sensor09→gatewayA;sensor10→gatewayC,d53238027e5c,68.10613204500537,17.333499005964214,-18.893867954994633,-35.666500994035786,15,15,15,1.539697266658645,2.153025534191361,92.64450689912206,81.14330309886016
87,53,Multi-cover greedy,10,sensor01→gatewayA;sensor02→gatewayC;sensor03→gatewayC;sensor04→gatewayA;sensor05→gatewayA;sensor06→gatewayA;sensor07→gatewayA;sensor08→gatewayA;sensor09→gatewayA;sensor10→gatewayA,d708670db0b5,66.88799038921111,17.333499005964214,-20.11200961078889,-35.666500994035786,15,15,15,1.6113526581759543,2.153025534191361,92.53240863732839,81.14330309886016
87,54,Proposed fairness greedy (lambda=1),10,sensor01→gatewayA;sensor02→gatewayC;sensor03→gatewayC;sensor04→gatewayA;sensor05→gatewayA;sensor06→gatewayA;sensor07→gatewayA;sensor08→gatewayA;sensor09→gatewayA;sensor10→gatewayC,d53238027e5c,68.10613204500537,17.333499005964214,-18.893867954994633,-36.666500994035786,15,15,15,1.539697266658645,2.2706725930148903,92.64450689912206,81.14330309886016
87,54,Multi-cover greedy,10,sensor01→gatewayA;sensor02→gatewayC;sensor03→gatewayC;sensor04→gatewayA;sensor05→gatewayA;sensor06→gatewayA;sensor07→gatewayA;sensor08→gatewayA;sensor09→gatewayA;sensor10→gatewayA,d708670db0b5,66.88799038921111,17.333499005964214,-20.11200961078889,-36.666500994035786,15,15,15,1.6113526581759543,2.2706725930148903,92.53240863732839,81.14330309886016
87,55,Proposed fairness greedy (lambda=1),10,sensor01→gatewayA;sensor02→gatewayC;sensor03→gatewayC;sensor04→gatewayA;sensor05→gatewayA;sensor06→gatewayA;sensor07→gatewayA;sensor08→gatewayA;sensor09→gatewayA;sensor10→gatewayC,d53238027e5c,68.10613204500537,17.333499005964214,-18.893867954994633,-37.666500994035786,15,15,15,1.539697266658645,2.3883196518384198,92.64450689912206,81.14330309886016
87,55,Multi-cover greedy,10,sensor01→gatewayA;sensor02→gatewayC;sensor03→gatewayC;sensor04→gatewayA;sensor05→gatewayA;sensor06→gatewayA;sensor07→gatewayA;sensor08→gatewayA;sensor09→gatewayA;sensor10→gatewayA,d708670db0b5,66.88799038921111,17.333499005964214,-20.11200961078889,-37.666500994035786,15,15,15,1.6113526581759543,2.3883196518384198,92.53240863732839,81.14330309886016
87,56,Proposed fairness greedy (lambda=1),10,sensor01→gatewayA;sensor02→gatewayC;sensor03→gatewayC;sensor04→gatewayA;sensor05→gatewayA;sensor06→gatewayA;sensor07→gatewayA;sensor08→gatewayA;sensor09→gatewayA;sensor10→gatewayC,d53238027e5c,68.10613204500537,17.333499005964214,-18.893867954994633,-38.666500994035786,15,15,15,1.539697266658645,2.505966710661949,92.64450689912206,81.14330309886016
87,56,Multi-cover greedy,10,sensor01→gatewayA;sensor02→gatewayC;sensor03→gatewayC;sensor04→gatewayA;sensor05→gatewayA;sensor06→gatewayA;sensor07→gatewayA;sensor08→gatewayA;sensor09→gatewayA;sensor10→gatewayA,d708670db0b5,66.88799038921111,17.333499005964214,-20.11200961078889,-38.666500994035786,15,15,15,1.6113526581759543,2.505966710661949,92.53240863732839,81.14330309886016
87,57,Proposed fairness greedy (lambda=1),10,sensor01→gatewayA;sensor02→gatewayC;sensor03→gatewayC;sensor04→gatewayA;sensor05→gatewayA;sensor06→gatewayA;sensor07→gatewayA;sensor08→gatewayA;sensor09→gatewayA;sensor10→gatewayC,d53238027e5c,68.10613204500537,17.333499005964214,-18.893867954994633,-39.666500994035786,15,15,15,1.539697266658645,2.6236137694854786,92.64450689912206,81.14330309886016
87,57,Multi-cover greedy,10,sensor01→gatewayA;sensor02→gatewayC;sensor03→gatewayC;sensor04→gatewayA;sensor05→gatewayA;sensor06→gatewayA;sensor07→gatewayA;sensor08→gatewayA;sensor09→gatewayA;sensor10→gatewayA,d708670db0b5,66.88799038921111,17.333499005964214,-20.11200961078889,-39.666500994035786,15,15,15,1.6113526581759543,2.6236137694854786,92.53240863732839,81.14330309886016
87,58,Proposed fairness greedy (lambda=1),10,sensor01→gatewayA;sensor02→gatewayC;sensor03→gatewayC;sensor04→gatewayA;sensor05→gatewayA;sensor06→gatewayA;sensor07→gatewayA;sensor08→gatewayA;sensor09→gatewayA;sensor10→gatewayC,d53238027e5c,68.10613204500537,17.333499005964214,-18.893867954994633,-40.666500994035786,15,15,15,1.539697266658645,2.741260828309008,92.64450689912206,81.14330309886016
87,58,Multi-cover greedy,10,sensor01→gatewayA;sensor02→gatewayC;sensor03→gatewayC;sensor04→gatewayA;sensor05→gatewayA;sensor06→gatewayA;sensor07→gatewayA;sensor08→gatewayA;sensor09→gatewayA;sensor10→gatewayA,d708670db0b5,66.88799038921111,17.333499005964214,-20.11200961078889,-40.666500994035786,15,15,15,1.6113526581759543,2.741260828309008,92.53240863732839,81.14330309886016
87,59,Proposed fairness greedy (lambda=1),10,sensor01→gatewayA;sensor02→gatewayC;sensor03→gatewayC;sensor04→gatewayA;sensor05→gatewayA;sensor06→gatewayA;sensor07→gatewayA;sensor08→gatewayA;sensor09→gatewayA;sensor10→gatewayC,d53238027e5c,68.10613204500537,17.333499005964214,-18.893867954994633,-41.666500994035786,15,15,15,1.539697266658645,2.8589078871325375,92.64450689912206,81.14330309886016
87,59,Multi-cover greedy,10,sensor01→gatewayA;sensor02→gatewayC;sensor03→gatewayC;sensor04→gatewayA;sensor05→gatewayA;sensor06→gatewayA;sensor07→gatewayA;sensor08→gatewayA;sensor09→gatewayA;sensor10→gatewayA,d708670db0b5,66.88799038921111,17.333499005964214,-20.11200961078889,-41.666500994035786,15,15,15,1.6113526581759543,2.8589078871325375,92.53240863732839,81.14330309886016
87,60,Proposed fairness greedy (lambda=1),10,sensor01→gatewayA;sensor02→gatewayC;sensor03→gatewayC;sensor04→gatewayA;sensor05→gatewayA;sensor06→gatewayA;sensor07→gatewayA;sensor08→gatewayA;sensor09→gatewayA;sensor10→gatewayC,d53238027e5c,68.10613204500537,17.333499005964214,-18.893867954994633,-42.666500994035786,15,15,15,1.539697266658645,2.976554945956067,92.64450689912206,81.14330309886016
87,60,Multi-cover greedy,10,sensor01→gatewayA;sensor02→gatewayC;sensor03→gatewayC;sensor04→gatewayA;sensor05→gatewayA;sensor06→gatewayA;sensor07→gatewayA;sensor08→gatewayA;sensor09→gatewayA;sensor10→gatewayA,d708670db0b5,66.88799038921111,17.333499005964214,-20.11200961078889,-42.666500994035786,15,15,15,1.6113526581759543,2.976554945956067,92.53240863732839,81.14330309886016
87,61,Proposed fairness greedy (lambda=1),10,sensor01→gatewayA;sensor02→gatewayC;sensor03→gatewayC;sensor04→gatewayA;sensor05→gatewayA;sensor06→gatewayA;sensor07→gatewayA;sensor08→gatewayA;sensor09→gatewayA;sensor10→gatewayC,d53238027e5c,68.10613204500537,17.333499005964214,-18.893867954994633,-43.666500994035786,15,15,15,1.539697266658645,3.0942020047795964,92.64450689912206,81.14330309886016
87,61,Multi-cover greedy,10,sensor01→gatewayA;sensor02→gatewayC;sensor03→gatewayC;sensor04→gatewayA;sensor05→gatewayA;sensor06→gatewayA;sensor07→gatewayA;sensor08→gatewayA;sensor09→gatewayA;sensor10→gatewayA,d708670db0b5,66.88799038921111,17.333499005964214,-20.11200961078889,-43.666500994035786,15,15,15,1.6113526581759543,3.0942020047795964,92.53240863732839,81.14330309886016
87,62,Proposed fairness greedy (lambda=1),10,sensor01→gatewayA;sensor02→gatewayC;sensor03→gatewayC;sensor04→gatewayA;sensor05→gatewayA;sensor06→gatewayA;sensor07→gatewayA;sensor08→gatewayA;sensor09→gatewayA;sensor10→gatewayC,d53238027e5c,68.10613204500537,17.333499005964214,-18.893867954994633,-44.666500994035786,15,15,15,1.539697266658645,3.211849063603126,92.64450689912206,81.14330309886016
87,62,Multi-cover greedy,10,sensor01→gatewayA;sensor02→gatewayC;sensor03→gatewayC;sensor04→gatewayA;sensor05→gatewayA;sensor06→gatewayA;sensor07→gatewayA;sensor08→gatewayA;sensor09→gatewayA;sensor10→gatewayA,d708670db0b5,66.88799038921111,17.333499005964214,-20.11200961078889,-44.666500994035786,15,15,15,1.6113526581759543,3.211849063603126,92.53240863732839,81.14330309886016
87,63,Proposed fairness greedy (lambda=1),10,sensor01→gatewayA;sensor02→gatewayC;sensor03→gatewayC;sensor04→gatewayA;sensor05→gatewayA;sensor06→gatewayA;sensor07→gatewayA;sensor08→gatewayA;sensor09→gatewayA;sensor10→gatewayC,d53238027e5c,68.10613204500537,17.333499005964214,-18.893867954994633,-45.666500994035786,15,15,15,1.539697266658645,3.3294961224266553,92.64450689912206,81.14330309886016
87,63,Multi-cover greedy,10,sensor01→gatewayA;sensor02→gatewayC;sensor03→gatewayC;sensor04→gatewayA;sensor05→gatewayA;sensor06→gatewayA;sensor07→gatewayA;sensor08→gatewayA;sensor09→gatewayA;sensor10→gatewayA,d708670db0b5,66.88799038921111,17.333499005964214,-20.11200961078889,-45.666500994035786,15,15,15,1.6113526581759543,3.3294961224266553,92.53240863732839,81.14330309886016
87,64,Proposed fairness greedy (lambda=1),10,sensor01→gatewayA;sensor02→gatewayC;sensor03→gatewayC;sensor04→gatewayA;sensor05→gatewayA;sensor06→gatewayA;sensor07→gatewayA;sensor08→gatewayA;sensor09→gatewayA;sensor10→gatewayC,d53238027e5c,68.10613204500537,17.333499005964214,-18.893867954994633,-46.666500994035786,15,15,15,1.539697266658645,3.4471431812501847,92.64450689912206,81.14330309886016
87,64,Multi-cover greedy,10,sensor01→gatewayA;sensor02→gatewayC;sensor03→gatewayC;sensor04→gatewayA;sensor05→gatewayA;sensor06→gatewayA;sensor07→gatewayA;sensor08→gatewayA;sensor09→gatewayA;sensor10→gatewayA,d708670db0b5,66.88799038921111,17.333499005964214,-20.11200961078889,-46.666500994035786,15,15,15,1.6113526581759543,3.4471431812501847,92.53240863732839,81.14330309886016
87,65,Proposed fairness greedy (lambda=1),10,sensor01→gatewayA;sensor02→gatewayC;sensor03→gatewayC;sensor04→gatewayA;sensor05→gatewayA;sensor06→gatewayA;sensor07→gatewayA;sensor08→gatewayA;sensor09→gatewayA;sensor10→gatewayC,d53238027e5c,68.10613204500537,17.333499005964214,-18.893867954994633,-47.666500994035786,15,15,15,1.539697266658645,3.564790240073714,92.64450689912206,81.14330309886016
87,65,Multi-cover greedy,10,sensor01→gatewayA;sensor02→gatewayC;sensor03→gatewayC;sensor04→gatewayA;sensor05→gatewayA;sensor06→gatewayA;sensor07→gatewayA;sensor08→gatewayA;sensor09→gatewayA;sensor10→gatewayA,d708670db0b5,66.88799038921111,17.333499005964214,-20.11200961078889,-47.666500994035786,15,15,15,1.6113526581759543,3.564790240073714,92.53240863732839,81.14330309886016
87,66,Proposed fairness greedy (lambda=1),10,sensor01→gatewayA;sensor02→gatewayC;sensor03→gatewayC;sensor04→gatewayA;sensor05→gatewayA;sensor06→gatewayA;sensor07→gatewayA;sensor08→gatewayA;sensor09→gatewayA;sensor10→gatewayC,d53238027e5c,68.10613204500537,17.333499005964214,-18.893867954994633,-48.666500994035786,15,15,15,1.539697266658645,3.6824372988972436,92.64450689912206,81.14330309886016
87,66,Multi-cover greedy,10,sensor01→gatewayA;sensor02→gatewayC;sensor03→gatewayC;sensor04→gatewayA;sensor05→gatewayA;sensor06→gatewayA;sensor07→gatewayA;sensor08→gatewayA;sensor09→gatewayA;sensor10→gatewayA,d708670db0b5,66.88799038921111,17.333499005964214,-20.11200961078889,-48.666500994035786,15,15,15,1.6113526581759543,3.6824372988972436,92.53240863732839,81.14330309886016
87,67,Proposed fairness greedy (lambda=1),10,sensor01→gatewayA;sensor02→gatewayC;sensor03→gatewayC;sensor04→gatewayA;sensor05→gatewayA;sensor06→gatewayA;sensor07→gatewayA;sensor08→gatewayA;sensor09→gatewayA;sensor10→gatewayC,d53238027e5c,68.10613204500537,17.333499005964214,-18.893867954994633,-49.666500994035786,15,15,15,1.539697266658645,3.8000843577207726,92.64450689912206,81.14330309886016
87,67,Multi-cover greedy,10,sensor01→gatewayA;sensor02→gatewayC;sensor03→gatewayC;sensor04→gatewayA;sensor05→gatewayA;sensor06→gatewayA;sensor07→gatewayA;sensor08→gatewayA;sensor09→gatewayA;sensor10→gatewayA,d708670db0b5,66.88799038921111,17.333499005964214,-20.11200961078889,-49.666500994035786,15,15,15,1.6113526581759543,3.8000843577207726,92.53240863732839,81.14330309886016
87,68,Proposed fairness greedy (lambda=1),10,sensor01→gatewayA;sensor02→gatewayC;sensor03→gatewayC;sensor04→gatewayA;sensor05→gatewayA;sensor06→gatewayA;sensor07→gatewayA;sensor08→gatewayA;sensor09→gatewayA;sensor10→gatewayC,d53238027e5c,68.10613204500537,17.333499005964214,-18.893867954994633,-50.666500994035786,15,15,15,1.539697266658645,3.917731416544302,92.64450689912206,81.14330309886016
87,68,Multi-cover greedy,10,sensor01→gatewayA;sensor02→gatewayC;sensor03→gatewayC;sensor04→gatewayA;sensor05→gatewayA;sensor06→gatewayA;sensor07→gatewayA;sensor08→gatewayA;sensor09→gatewayA;sensor10→gatewayA,d708670db0b5,66.88799038921111,17.333499005964214,-20.11200961078889,-50.666500994035786,15,15,15,1.6113526581759543,3.917731416544302,92.53240863732839,81.14330309886016
87,69,Proposed fairness greedy (lambda=1),10,sensor01→gatewayA;sensor02→gatewayC;sensor03→gatewayC;sensor04→gatewayA;sensor05→gatewayA;sensor06→gatewayA;sensor07→gatewayA;sensor08→gatewayA;sensor09→gatewayA;sensor10→gatewayC,d53238027e5c,68.10613204500537,17.333499005964214,-18.893867954994633,-51.666500994035786,15,15,15,1.539697266658645,4.035378475367831,92.64450689912206,81.14330309886016
87,69,Multi-cover greedy,10,sensor01→gatewayA;sensor02→gatewayC;sensor03→gatewayC;sensor04→gatewayA;sensor05→gatewayA;sensor06→gatewayA;sensor07→gatewayA;sensor08→gatewayA;sensor09→gatewayA;sensor10→gatewayA,d708670db0b5,66.88799038921111,17.333499005964214,-20.11200961078889,-51.666500994035786,15,15,15,1.6113526581759543,4.035378475367831,92.53240863732839,81.14330309886016
87,70,Proposed fairness greedy (lambda=1),10,sensor01→gatewayA;sensor02→gatewayC;sensor03→gatewayC;sensor04→gatewayA;sensor05→gatewayA;sensor06→gatewayA;sensor07→gatewayA;sensor08→gatewayA;sensor09→gatewayA;sensor10→gatewayC,d53238027e5c,68.10613204500537,17.333499005964214,-18.893867954994633,-52.666500994035786,15,15,15,1.539697266658645,4.153025534191361,92.64450689912206,81.14330309886016
87,70,Multi-cover greedy,10,sensor01→gatewayA;sensor02→gatewayC;sensor03→gatewayC;sensor04→gatewayA;sensor05→gatewayA;sensor06→gatewayA;sensor07→gatewayA;sensor08→gatewayA;sensor09→gatewayA;sensor10→gatewayA,d708670db0b5,66.88799038921111,17.333499005964214,-20.11200961078889,-52.666500994035786,15,15,15,1.6113526581759543,4.153025534191361,92.53240863732839,81.14330309886016
87,71,Proposed fairness greedy (lambda=1),10,sensor01→gatewayA;sensor02→gatewayC;sensor03→gatewayC;sensor04→gatewayA;sensor05→gatewayA;sensor06→gatewayA;sensor07→gatewayA;sensor08→gatewayA;sensor09→gatewayA;sensor10→gatewayC,d53238027e5c,68.10613204500537,17.333499005964214,-18.893867954994633,-53.666500994035786,15,15,15,1.539697266658645,4.27067259301489,92.64450689912206,81.14330309886016
87,71,Multi-cover greedy,10,sensor01→gatewayA;sensor02→gatewayC;sensor03→gatewayC;sensor04→gatewayA;sensor05→gatewayA;sensor06→gatewayA;sensor07→gatewayA;sensor08→gatewayA;sensor09→gatewayA;sensor10→gatewayA,d708670db0b5,66.88799038921111,17.333499005964214,-20.11200961078889,-53.666500994035786,15,15,15,1.6113526581759543,4.27067259301489,92.53240863732839,81.14330309886016
87,72,Proposed fairness greedy (lambda=1),10,sensor01→gatewayA;sensor02→gatewayC;sensor03→gatewayC;sensor04→gatewayA;sensor05→gatewayA;sensor06→gatewayA;sensor07→gatewayA;sensor08→gatewayA;sensor09→gatewayA;sensor10→gatewayC,d53238027e5c,68.10613204500537,17.333499005964214,-18.893867954994633,-54.666500994035786,15,15,15,1.539697266658645,4.38831965183842,92.64450689912206,81.14330309886016
87,72,Multi-cover greedy,10,sensor01→gatewayA;sensor02→gatewayC;sensor03→gatewayC;sensor04→gatewayA;sensor05→gatewayA;sensor06→gatewayA;sensor07→gatewayA;sensor08→gatewayA;sensor09→gatewayA;sensor10→gatewayA,d708670db0b5,66.88799038921111,17.333499005964214,-20.11200961078889,-54.666500994035786,15,15,15,1.6113526581759543,4.38831965183842,92.53240863732839,81.14330309886016
87,73,Proposed fairness greedy (lambda=1),10,sensor01→gatewayA;sensor02→gatewayC;sensor03→gatewayC;sensor04→gatewayA;sensor05→gatewayA;sensor06→gatewayA;sensor07→gatewayA;sensor08→gatewayA;sensor09→gatewayA;sensor10→gatewayC,d53238027e5c,68.10613204500537,17.333499005964214,-18.893867954994633,-55.666500994035786,15,15,15,1.539697266658645,4.505966710661949,92.64450689912206,81.14330309886016
87,73,Multi-cover greedy,10,sensor01→gatewayA;sensor02→gatewayC;sensor03→gatewayC;sensor04→gatewayA;sensor05→gatewayA;sensor06→gatewayA;sensor07→gatewayA;sensor08→gatewayA;sensor09→gatewayA;sensor10→gatewayA,d708670db0b5,66.88799038921111,17.333499005964214,-20.11200961078889,-55.666500994035786,15,15,15,1.6113526581759543,4.505966710661949,92.53240863732839,81.14330309886016
87,74,Proposed fairness greedy (lambda=1),10,sensor01→gatewayA;sensor02→gatewayC;sensor03→gatewayC;sensor04→gatewayA;sensor05→gatewayA;sensor06→gatewayA;sensor07→gatewayA;sensor08→gatewayA;sensor09→gatewayA;sensor10→gatewayC,d53238027e5c,68.10613204500537,17.333499005964214,-18.893867954994633,-56.666500994035786,15,15,15,1.539697266658645,4.623613769485479,92.64450689912206,81.14330309886016
87,74,Multi-cover greedy,10,sensor01→gatewayA;sensor02→gatewayC;sensor03→gatewayC;sensor04→gatewayA;sensor05→gatewayA;sensor06→gatewayA;sensor07→gatewayA;sensor08→gatewayA;sensor09→gatewayA;sensor10→gatewayA,d708670db0b5,66.88799038921111,17.333499005964214,-20.11200961078889,-56.666500994035786,15,15,15,1.6113526581759543,4.623613769485479,92.53240863732839,81.14330309886016
87,75,Proposed fairness greedy (lambda=1),10,sensor01→gatewayA;sensor02→gatewayC;sensor03→gatewayC;sensor04→gatewayA;sensor05→gatewayA;sensor06→gatewayA;sensor07→gatewayA;sensor08→gatewayA;sensor09→gatewayA;sensor10→gatewayC,d53238027e5c,68.10613204500537,17.333499005964214,-18.893867954994633,-57.666500994035786,15,15,15,1.539697266658645,4.741260828309008,92.64450689912206,81.14330309886016
87,75,Multi-cover greedy,10,sensor01→gatewayA;sensor02→gatewayC;sensor03→gatewayC;sensor04→gatewayA;sensor05→gatewayA;sensor06→gatewayA;sensor07→gatewayA;sensor08→gatewayA;sensor09→gatewayA;sensor10→gatewayA,d708670db0b5,66.88799038921111,17.333499005964214,-20.11200961078889,-57.666500994035786,15,15,15,1.6113526581759543,4.741260828309008,92.53240863732839,81.14330309886016
87,76,Proposed fairness greedy (lambda=1),10,sensor01→gatewayA;sensor02→gatewayC;sensor03→gatewayC;sensor04→gatewayA;sensor05→gatewayA;sensor06→gatewayA;sensor07→gatewayA;sensor08→gatewayA;sensor09→gatewayA;sensor10→gatewayC,d53238027e5c,68.10613204500537,17.333499005964214,-18.893867954994633,-58.666500994035786,15,15,15,1.539697266658645,4.8589078871325375,92.64450689912206,81.14330309886016
87,76,Multi-cover greedy,10,sensor01→gatewayA;sensor02→gatewayC;sensor03→gatewayC;sensor04→gatewayA;sensor05→gatewayA;sensor06→gatewayA;sensor07→gatewayA;sensor08→gatewayA;sensor09→gatewayA;sensor10→gatewayA,d708670db0b5,66.88799038921111,17.333499005964214,-20.11200961078889,-58.666500994035786,15,15,15,1.6113526581759543,4.8589078871325375,92.53240863732839,81.14330309886016
87,77,Proposed fairness greedy (lambda=1),10,sensor01→gatewayA;sensor02→gatewayC;sensor03→gatewayC;sensor04→gatewayA;sensor05→gatewayA;sensor06→gatewayA;sensor07→gatewayA;sensor08→gatewayA;sensor09→gatewayA;sensor10→gatewayC,d53238027e5c,68.10613204500537,17.333499005964214,-18.893867954994633,-59.666500994035786,15,15,15,1.539697266658645,4.9765549459560665,92.64450689912206,81.14330309886016
87,77,Multi-cover greedy,10,sensor01→gatewayA;sensor02→gatewayC;sensor03→gatewayC;sensor04→gatewayA;sensor05→gatewayA;sensor06→gatewayA;sensor07→gatewayA;sensor08→gatewayA;sensor09→gatewayA;sensor10→gatewayA,d708670db0b5,66.88799038921111,17.333499005964214,-20.11200961078889,-59.666500994035786,15,15,15,1.6113526581759543,4.9765549459560665,92.53240863732839,81.14330309886016
87,89,Proposed fairness greedy (lambda=1),12,sensor01→gatewayA;sensor01→gatewayC;sensor02→gatewayC;sensor03→gatewayC;sensor04→gatewayA;sensor04→gatewayC;sensor05→gatewayA;sensor06→gatewayA;sensor07→gatewayA;sensor08→gatewayA;sensor09→gatewayA;sensor10→gatewayC,fba66e5cdf8c,78.5242788678904,17.333499005964214,-8.475721132109598,-71.66650099403579,15,12,12,0.8968131671090087,6.64206402885783,95.30868439399289,84.31997339445302
87,89,Multi-cover greedy,12,sensor01→gatewayA;sensor01→gatewayB;sensor02→gatewayC;sensor03→gatewayC;sensor04→gatewayA;sensor04→gatewayC;sensor05→gatewayA;sensor06→gatewayA;sensor07→gatewayA;sensor08→gatewayA;sensor09→gatewayA;sensor10→gatewayC,1857c34ccaa1,74.07283014480772,17.333499005964214,-12.927169855192275,-71.66650099403579,15,8,8,1.1658630343966858,7.0949621683777915,94.15400091545355,82.67847276683732
87,91,Proposed fairness greedy (lambda=1),14,sensor01→gatewayA;sensor01→gatewayC;sensor02→gatewayC;sensor03→gatewayC;sensor04→gatewayA;sensor04→gatewayC;sensor05→gatewayA;sensor06→gatewayA;sensor07→gatewayA;sensor07→gatewayC;sensor08→gatewayA;sensor08→gatewayB;sensor09→gatewayA;sensor10→gatewayC,ba7836f47dfe,81.05742110584855,17.333499005964214,-5.942578894151453,-73.66650099403579,16,14,14,0.34956346436185015,6.483755642410328,97.23834709357982,89.23134868455652
87,91,Multi-cover greedy,14,sensor01→gatewayA;sensor01→gatewayC;sensor02→gatewayC;sensor03→gatewayC;sensor04→gatewayA;sensor04→gatewayC;sensor05→gatewayA;sensor06→gatewayA;sensor07→gatewayA;sensor07→gatewayB;sensor08→gatewayA;sensor08→gatewayB;sensor09→gatewayA;sensor10→gatewayC,7d0409742162,80.99223032302699,17.333499005964214,-6.0077696769730125,-73.66650099403579,15,11,11,0.5265193139041943,7.005931362090352,96.43474975762871,86.58389421375502
87,92,Proposed fairness greedy (lambda=1),14,sensor01→gatewayA;sensor01→gatewayC;sensor02→gatewayC;sensor03→gatewayC;sensor04→gatewayA;sensor04→gatewayC;sensor05→gatewayA;sensor06→gatewayA;sensor07→gatewayA;sensor07→gatewayC;sensor08→gatewayA;sensor08→gatewayB;sensor09→gatewayA;sensor10→gatewayC,ba7836f47dfe,81.05742110584855,17.333499005964214,-5.942578894151453,-74.66650099403579,16,14,14,0.34956346436185015,6.660226230645622,97.23834709357982,89.23134868455652
87,92,Multi-cover greedy,14,sensor01→gatewayA;sensor01→gatewayC;sensor02→gatewayC;sensor03→gatewayC;sensor04→gatewayA;sensor04→gatewayC;sensor05→gatewayA;sensor06→gatewayA;sensor07→gatewayA;sensor07→gatewayB;sensor08→gatewayA;sensor08→gatewayB;sensor09→gatewayA;sensor10→gatewayC,7d0409742162,80.99223032302699,17.333499005964214,-6.0077696769730125,-74.66650099403579,15,10,10,0.5265193139041943,7.417269307087821,96.43474975762871,86.58389421375502
87,95,Proposed fairness greedy (lambda=1),17,sensor01→gatewayA;sensor01→gatewayC;sensor02→gatewayA;sensor02→gatewayC;sensor03→gatewayA;sensor03→gatewayC;sensor04→gatewayA;sensor04→gatewayC;sensor05→gatewayA;sensor05→gatewayC;sensor06→gatewayA;sensor07→gatewayA;sensor07→gatewayC;sensor08→gatewayA;sensor08→gatewayB;sensor09→gatewayA;sensor10→gatewayC,126ff9a6f407,92.6020177489569,60.10386612810156,5.6020177489568965,-34.89613387189844,17,15,15,0.0,2.0666735145595405,99.1281265199174,94.76426136423231
87,95,Multi-cover greedy,17,sensor01→gatewayA;sensor01→gatewayC;sensor02→gatewayA;sensor02→gatewayC;sensor03→gatewayA;sensor03→gatewayC;sensor04→gatewayA;sensor04→gatewayC;sensor05→gatewayA;sensor05→gatewayB;sensor06→gatewayA;sensor07→gatewayA;sensor07→gatewayC;sensor08→gatewayA;sensor08→gatewayB;sensor09→gatewayA;sensor10→gatewayC,4deb1457865a,88.66211101494581,60.10386612810156,1.6621110149458076,-34.89613387189844,17,15,15,0.0,2.0666735145595405,98.62758524078373,94.41404901090611
88,50,Proposed fairness greedy (lambda=1),10,sensor01→gatewayA;sensor02→gatewayC;sensor03→gatewayC;sensor04→gatewayA;sensor05→gatewayA;sensor06→gatewayA;sensor07→gatewayA;sensor08→gatewayA;sensor09→gatewayA;sensor10→gatewayC,d53238027e5c,68.10613204500537,17.333499005964214,-19.893867954994633,-32.666500994035786,15,16,15,1.6573443254821745,1.921558882002105,92.64450689912206,81.14330309886016
88,50,Multi-cover greedy,10,sensor01→gatewayA;sensor02→gatewayC;sensor03→gatewayC;sensor04→gatewayA;sensor05→gatewayA;sensor06→gatewayA;sensor07→gatewayA;sensor08→gatewayA;sensor09→gatewayA;sensor10→gatewayA,d708670db0b5,66.88799038921111,17.333499005964214,-21.11200961078889,-32.666500994035786,15,16,15,1.7289997169994837,1.921558882002105,92.53240863732839,81.14330309886016
88,51,Proposed fairness greedy (lambda=1),10,sensor01→gatewayA;sensor02→gatewayC;sensor03→gatewayC;sensor04→gatewayA;sensor05→gatewayA;sensor06→gatewayA;sensor07→gatewayA;sensor08→gatewayA;sensor09→gatewayA;sensor10→gatewayC,d53238027e5c,68.10613204500537,17.333499005964214,-19.893867954994633,-33.666500994035786,15,16,15,1.6573443254821745,1.9803824114138697,92.64450689912206,81.14330309886016
88,51,Multi-cover greedy,10,sensor01→gatewayA;sensor02→gatewayC;sensor03→gatewayC;sensor04→gatewayA;sensor05→gatewayA;sensor06→gatewayA;sensor07→gatewayA;sensor08→gatewayA;sensor09→gatewayA;sensor10→gatewayA,d708670db0b5,66.88799038921111,17.333499005964214,-21.11200961078889,-33.666500994035786,15,16,15,1.7289997169994837,1.9803824114138697,92.53240863732839,81.14330309886016
88,52,Proposed fairness greedy (lambda=1),10,sensor01→gatewayA;sensor02→gatewayC;sensor03→gatewayC;sensor04→gatewayA;sensor05→gatewayA;sensor06→gatewayA;sensor07→gatewayA;sensor08→gatewayA;sensor09→gatewayA;sensor10→gatewayC,d53238027e5c,68.10613204500537,17.333499005964214,-19.893867954994633,-34.666500994035786,15,16,15,1.6573443254821745,2.0392059408256347,92.64450689912206,81.14330309886016
88,52,Multi-cover greedy,10,sensor01→gatewayA;sensor02→gatewayC;sensor03→gatewayC;sensor04→gatewayA;sensor05→gatewayA;sensor06→gatewayA;sensor07→gatewayA;sensor08→gatewayA;sensor09→gatewayA;sensor10→gatewayA,d708670db0b5,66.88799038921111,17.333499005964214,-21.11200961078889,-34.666500994035786,15,16,15,1.7289997169994837,2.0392059408256347,92.53240863732839,81.14330309886016
88,53,Proposed fairness greedy (lambda=1),10,sensor01→gatewayA;sensor02→gatewayC;sensor03→gatewayC;sensor04→gatewayA;sensor05→gatewayA;sensor06→gatewayA;sensor07→gatewayA;sensor08→gatewayA;sensor09→gatewayA;sensor10→gatewayC,d53238027e5c,68.10613204500537,17.333499005964214,-19.893867954994633,-35.666500994035786,15,15,15,1.6573443254821745,2.153025534191361,92.64450689912206,81.14330309886016
88,53,Multi-cover greedy,10,sensor01→gatewayA;sensor02→gatewayC;sensor03→gatewayC;sensor04→gatewayA;sensor05→gatewayA;sensor06→gatewayA;sensor07→gatewayA;sensor08→gatewayA;sensor09→gatewayA;sensor10→gatewayA,d708670db0b5,66.88799038921111,17.333499005964214,-21.11200961078889,-35.666500994035786,15,15,15,1.7289997169994837,2.153025534191361,92.53240863732839,81.14330309886016
88,54,Proposed fairness greedy (lambda=1),10,sensor01→gatewayA;sensor02→gatewayC;sensor03→gatewayC;sensor04→gatewayA;sensor05→gatewayA;sensor06→gatewayA;sensor07→gatewayA;sensor08→gatewayA;sensor09→gatewayA;sensor10→gatewayC,d53238027e5c,68.10613204500537,17.333499005964214,-19.893867954994633,-36.666500994035786,15,15,15,1.6573443254821745,2.2706725930148903,92.64450689912206,81.14330309886016
88,54,Multi-cover greedy,10,sensor01→gatewayA;sensor02→gatewayC;sensor03→gatewayC;sensor04→gatewayA;sensor05→gatewayA;sensor06→gatewayA;sensor07→gatewayA;sensor08→gatewayA;sensor09→gatewayA;sensor10→gatewayA,d708670db0b5,66.88799038921111,17.333499005964214,-21.11200961078889,-36.666500994035786,15,15,15,1.7289997169994837,2.2706725930148903,92.53240863732839,81.14330309886016
88,55,Proposed fairness greedy (lambda=1),10,sensor01→gatewayA;sensor02→gatewayC;sensor03→gatewayC;sensor04→gatewayA;sensor05→gatewayA;sensor06→gatewayA;sensor07→gatewayA;sensor08→gatewayA;sensor09→gatewayA;sensor10→gatewayC,d53238027e5c,68.10613204500537,17.333499005964214,-19.893867954994633,-37.666500994035786,15,15,15,1.6573443254821745,2.3883196518384198,92.64450689912206,81.14330309886016
88,55,Multi-cover greedy,10,sensor01→gatewayA;sensor02→gatewayC;sensor03→gatewayC;sensor04→gatewayA;sensor05→gatewayA;sensor06→gatewayA;sensor07→gatewayA;sensor08→gatewayA;sensor09→gatewayA;sensor10→gatewayA,d708670db0b5,66.88799038921111,17.333499005964214,-21.11200961078889,-37.666500994035786,15,15,15,1.7289997169994837,2.3883196518384198,92.53240863732839,81.14330309886016
88,56,Proposed fairness greedy (lambda=1),10,sensor01→gatewayA;sensor02→gatewayC;sensor03→gatewayC;sensor04→gatewayA;sensor05→gatewayA;sensor06→gatewayA;sensor07→gatewayA;sensor08→gatewayA;sensor09→gatewayA;sensor10→gatewayC,d53238027e5c,68.10613204500537,17.333499005964214,-19.893867954994633,-38.666500994035786,15,15,15,1.6573443254821745,2.505966710661949,92.64450689912206,81.14330309886016
88,56,Multi-cover greedy,10,sensor01→gatewayA;sensor02→gatewayC;sensor03→gatewayC;sensor04→gatewayA;sensor05→gatewayA;sensor06→gatewayA;sensor07→gatewayA;sensor08→gatewayA;sensor09→gatewayA;sensor10→gatewayA,d708670db0b5,66.88799038921111,17.333499005964214,-21.11200961078889,-38.666500994035786,15,15,15,1.7289997169994837,2.505966710661949,92.53240863732839,81.14330309886016
88,57,Proposed fairness greedy (lambda=1),10,sensor01→gatewayA;sensor02→gatewayC;sensor03→gatewayC;sensor04→gatewayA;sensor05→gatewayA;sensor06→gatewayA;sensor07→gatewayA;sensor08→gatewayA;sensor09→gatewayA;sensor10→gatewayC,d53238027e5c,68.10613204500537,17.333499005964214,-19.893867954994633,-39.666500994035786,15,15,15,1.6573443254821745,2.6236137694854786,92.64450689912206,81.14330309886016
88,57,Multi-cover greedy,10,sensor01→gatewayA;sensor02→gatewayC;sensor03→gatewayC;sensor04→gatewayA;sensor05→gatewayA;sensor06→gatewayA;sensor07→gatewayA;sensor08→gatewayA;sensor09→gatewayA;sensor10→gatewayA,d708670db0b5,66.88799038921111,17.333499005964214,-21.11200961078889,-39.666500994035786,15,15,15,1.7289997169994837,2.6236137694854786,92.53240863732839,81.14330309886016
88,58,Proposed fairness greedy (lambda=1),10,sensor01→gatewayA;sensor02→gatewayC;sensor03→gatewayC;sensor04→gatewayA;sensor05→gatewayA;sensor06→gatewayA;sensor07→gatewayA;sensor08→gatewayA;sensor09→gatewayA;sensor10→gatewayC,d53238027e5c,68.10613204500537,17.333499005964214,-19.893867954994633,-40.666500994035786,15,15,15,1.6573443254821745,2.741260828309008,92.64450689912206,81.14330309886016
88,58,Multi-cover greedy,10,sensor01→gatewayA;sensor02→gatewayC;sensor03→gatewayC;sensor04→gatewayA;sensor05→gatewayA;sensor06→gatewayA;sensor07→gatewayA;sensor08→gatewayA;sensor09→gatewayA;sensor10→gatewayA,d708670db0b5,66.88799038921111,17.333499005964214,-21.11200961078889,-40.666500994035786,15,15,15,1.7289997169994837,2.741260828309008,92.53240863732839,81.14330309886016
88,59,Proposed fairness greedy (lambda=1),10,sensor01→gatewayA;sensor02→gatewayC;sensor03→gatewayC;sensor04→gatewayA;sensor05→gatewayA;sensor06→gatewayA;sensor07→gatewayA;sensor08→gatewayA;sensor09→gatewayA;sensor10→gatewayC,d53238027e5c,68.10613204500537,17.333499005964214,-19.893867954994633,-41.666500994035786,15,15,15,1.6573443254821745,2.8589078871325375,92.64450689912206,81.14330309886016
88,59,Multi-cover greedy,10,sensor01→gatewayA;sensor02→gatewayC;sensor03→gatewayC;sensor04→gatewayA;sensor05→gatewayA;sensor06→gatewayA;sensor07→gatewayA;sensor08→gatewayA;sensor09→gatewayA;sensor10→gatewayA,d708670db0b5,66.88799038921111,17.333499005964214,-21.11200961078889,-41.666500994035786,15,15,15,1.7289997169994837,2.8589078871325375,92.53240863732839,81.14330309886016
88,60,Proposed fairness greedy (lambda=1),10,sensor01→gatewayA;sensor02→gatewayC;sensor03→gatewayC;sensor04→gatewayA;sensor05→gatewayA;sensor06→gatewayA;sensor07→gatewayA;sensor08→gatewayA;sensor09→gatewayA;sensor10→gatewayC,d53238027e5c,68.10613204500537,17.333499005964214,-19.893867954994633,-42.666500994035786,15,15,15,1.6573443254821745,2.976554945956067,92.64450689912206,81.14330309886016
88,60,Multi-cover greedy,10,sensor01→gatewayA;sensor02→gatewayC;sensor03→gatewayC;sensor04→gatewayA;sensor05→gatewayA;sensor06→gatewayA;sensor07→gatewayA;sensor08→gatewayA;sensor09→gatewayA;sensor10→gatewayA,d708670db0b5,66.88799038921111,17.333499005964214,-21.11200961078889,-42.666500994035786,15,15,15,1.7289997169994837,2.976554945956067,92.53240863732839,81.14330309886016
88,61,Proposed fairness greedy (lambda=1),10,sensor01→gatewayA;sensor02→gatewayC;sensor03→gatewayC;sensor04→gatewayA;sensor05→gatewayA;sensor06→gatewayA;sensor07→gatewayA;sensor08→gatewayA;sensor09→gatewayA;sensor10→gatewayC,d53238027e5c,68.10613204500537,17.333499005964214,-19.893867954994633,-43.666500994035786,15,15,15,1.6573443254821745,3.0942020047795964,92.64450689912206,81.14330309886016
88,61,Multi-cover greedy,10,sensor01→gatewayA;sensor02→gatewayC;sensor03→gatewayC;sensor04→gatewayA;sensor05→gatewayA;sensor06→gatewayA;sensor07→gatewayA;sensor08→gatewayA;sensor09→gatewayA;sensor10→gatewayA,d708670db0b5,66.88799038921111,17.333499005964214,-21.11200961078889,-43.666500994035786,15,15,15,1.7289997169994837,3.0942020047795964,92.53240863732839,81.14330309886016
88,62,Proposed fairness greedy (lambda=1),10,sensor01→gatewayA;sensor02→gatewayC;sensor03→gatewayC;sensor04→gatewayA;sensor05→gatewayA;sensor06→gatewayA;sensor07→gatewayA;sensor08→gatewayA;sensor09→gatewayA;sensor10→gatewayC,d53238027e5c,68.10613204500537,17.333499005964214,-19.893867954994633,-44.666500994035786,15,15,15,1.6573443254821745,3.211849063603126,92.64450689912206,81.14330309886016
88,62,Multi-cover greedy,10,sensor01→gatewayA;sensor02→gatewayC;sensor03→gatewayC;sensor04→gatewayA;sensor05→gatewayA;sensor06→gatewayA;sensor07→gatewayA;sensor08→gatewayA;sensor09→gatewayA;sensor10→gatewayA,d708670db0b5,66.88799038921111,17.333499005964214,-21.11200961078889,-44.666500994035786,15,15,15,1.7289997169994837,3.211849063603126,92.53240863732839,81.14330309886016
88,63,Proposed fairness greedy (lambda=1),10,sensor01→gatewayA;sensor02→gatewayC;sensor03→gatewayC;sensor04→gatewayA;sensor05→gatewayA;sensor06→gatewayA;sensor07→gatewayA;sensor08→gatewayA;sensor09→gatewayA;sensor10→gatewayC,d53238027e5c,68.10613204500537,17.333499005964214,-19.893867954994633,-45.666500994035786,15,15,15,1.6573443254821745,3.3294961224266553,92.64450689912206,81.14330309886016
88,63,Multi-cover greedy,10,sensor01→gatewayA;sensor02→gatewayC;sensor03→gatewayC;sensor04→gatewayA;sensor05→gatewayA;sensor06→gatewayA;sensor07→gatewayA;sensor08→gatewayA;sensor09→gatewayA;sensor10→gatewayA,d708670db0b5,66.88799038921111,17.333499005964214,-21.11200961078889,-45.666500994035786,15,15,15,1.7289997169994837,3.3294961224266553,92.53240863732839,81.14330309886016
88,64,Proposed fairness greedy (lambda=1),10,sensor01→gatewayA;sensor02→gatewayC;sensor03→gatewayC;sensor04→gatewayA;sensor05→gatewayA;sensor06→gatewayA;sensor07→gatewayA;sensor08→gatewayA;sensor09→gatewayA;sensor10→gatewayC,d53238027e5c,68.10613204500537,17.333499005964214,-19.893867954994633,-46.666500994035786,15,15,15,1.6573443254821745,3.4471431812501847,92.64450689912206,81.14330309886016
88,64,Multi-cover greedy,10,sensor01→gatewayA;sensor02→gatewayC;sensor03→gatewayC;sensor04→gatewayA;sensor05→gatewayA;sensor06→gatewayA;sensor07→gatewayA;sensor08→gatewayA;sensor09→gatewayA;sensor10→gatewayA,d708670db0b5,66.88799038921111,17.333499005964214,-21.11200961078889,-46.666500994035786,15,15,15,1.7289997169994837,3.4471431812501847,92.53240863732839,81.14330309886016
88,65,Proposed fairness greedy (lambda=1),10,sensor01→gatewayA;sensor02→gatewayC;sensor03→gatewayC;sensor04→gatewayA;sensor05→gatewayA;sensor06→gatewayA;sensor07→gatewayA;sensor08→gatewayA;sensor09→gatewayA;sensor10→gatewayC,d53238027e5c,68.10613204500537,17.333499005964214,-19.893867954994633,-47.666500994035786,15,15,15,1.6573443254821745,3.564790240073714,92.64450689912206,81.14330309886016
88,65,Multi-cover greedy,10,sensor01→gatewayA;sensor02→gatewayC;sensor03→gatewayC;sensor04→gatewayA;sensor05→gatewayA;sensor06→gatewayA;sensor07→gatewayA;sensor08→gatewayA;sensor09→gatewayA;sensor10→gatewayA,d708670db0b5,66.88799038921111,17.333499005964214,-21.11200961078889,-47.666500994035786,15,15,15,1.7289997169994837,3.564790240073714,92.53240863732839,81.14330309886016
88,66,Proposed fairness greedy (lambda=1),10,sensor01→gatewayA;sensor02→gatewayC;sensor03→gatewayC;sensor04→gatewayA;sensor05→gatewayA;sensor06→gatewayA;sensor07→gatewayA;sensor08→gatewayA;sensor09→gatewayA;sensor10→gatewayC,d53238027e5c,68.10613204500537,17.333499005964214,-19.893867954994633,-48.666500994035786,15,15,15,1.6573443254821745,3.6824372988972436,92.64450689912206,81.14330309886016
88,66,Multi-cover greedy,10,sensor01→gatewayA;sensor02→gatewayC;sensor03→gatewayC;sensor04→gatewayA;sensor05→gatewayA;sensor06→gatewayA;sensor07→gatewayA;sensor08→gatewayA;sensor09→gatewayA;sensor10→gatewayA,d708670db0b5,66.88799038921111,17.333499005964214,-21.11200961078889,-48.666500994035786,15,15,15,1.7289997169994837,3.6824372988972436,92.53240863732839,81.14330309886016
88,67,Proposed fairness greedy (lambda=1),10,sensor01→gatewayA;sensor02→gatewayC;sensor03→gatewayC;sensor04→gatewayA;sensor05→gatewayA;sensor06→gatewayA;sensor07→gatewayA;sensor08→gatewayA;sensor09→gatewayA;sensor10→gatewayC,d53238027e5c,68.10613204500537,17.333499005964214,-19.893867954994633,-49.666500994035786,15,15,15,1.6573443254821745,3.8000843577207726,92.64450689912206,81.14330309886016
88,67,Multi-cover greedy,10,sensor01→gatewayA;sensor02→gatewayC;sensor03→gatewayC;sensor04→gatewayA;sensor05→gatewayA;sensor06→gatewayA;sensor07→gatewayA;sensor08→gatewayA;sensor09→gatewayA;sensor10→gatewayA,d708670db0b5,66.88799038921111,17.333499005964214,-21.11200961078889,-49.666500994035786,15,15,15,1.7289997169994837,3.8000843577207726,92.53240863732839,81.14330309886016
88,68,Proposed fairness greedy (lambda=1),10,sensor01→gatewayA;sensor02→gatewayC;sensor03→gatewayC;sensor04→gatewayA;sensor05→gatewayA;sensor06→gatewayA;sensor07→gatewayA;sensor08→gatewayA;sensor09→gatewayA;sensor10→gatewayC,d53238027e5c,68.10613204500537,17.333499005964214,-19.893867954994633,-50.666500994035786,15,15,15,1.6573443254821745,3.917731416544302,92.64450689912206,81.14330309886016
88,68,Multi-cover greedy,10,sensor01→gatewayA;sensor02→gatewayC;sensor03→gatewayC;sensor04→gatewayA;sensor05→gatewayA;sensor06→gatewayA;sensor07→gatewayA;sensor08→gatewayA;sensor09→gatewayA;sensor10→gatewayA,d708670db0b5,66.88799038921111,17.333499005964214,-21.11200961078889,-50.666500994035786,15,15,15,1.7289997169994837,3.917731416544302,92.53240863732839,81.14330309886016
88,69,Proposed fairness greedy (lambda=1),10,sensor01→gatewayA;sensor02→gatewayC;sensor03→gatewayC;sensor04→gatewayA;sensor05→gatewayA;sensor06→gatewayA;sensor07→gatewayA;sensor08→gatewayA;sensor09→gatewayA;sensor10→gatewayC,d53238027e5c,68.10613204500537,17.333499005964214,-19.893867954994633,-51.666500994035786,15,15,15,1.6573443254821745,4.035378475367831,92.64450689912206,81.14330309886016
88,69,Multi-cover greedy,10,sensor01→gatewayA;sensor02→gatewayC;sensor03→gatewayC;sensor04→gatewayA;sensor05→gatewayA;sensor06→gatewayA;sensor07→gatewayA;sensor08→gatewayA;sensor09→gatewayA;sensor10→gatewayA,d708670db0b5,66.88799038921111,17.333499005964214,-21.11200961078889,-51.666500994035786,15,15,15,1.7289997169994837,4.035378475367831,92.53240863732839,81.14330309886016
88,70,Proposed fairness greedy (lambda=1),10,sensor01→gatewayA;sensor02→gatewayC;sensor03→gatewayC;sensor04→gatewayA;sensor05→gatewayA;sensor06→gatewayA;sensor07→gatewayA;sensor08→gatewayA;sensor09→gatewayA;sensor10→gatewayC,d53238027e5c,68.10613204500537,17.333499005964214,-19.893867954994633,-52.666500994035786,15,15,15,1.6573443254821745,4.153025534191361,92.64450689912206,81.14330309886016
88,70,Multi-cover greedy,10,sensor01→gatewayA;sensor02→gatewayC;sensor03→gatewayC;sensor04→gatewayA;sensor05→gatewayA;sensor06→gatewayA;sensor07→gatewayA;sensor08→gatewayA;sensor09→gatewayA;sensor10→gatewayA,d708670db0b5,66.88799038921111,17.333499005964214,-21.11200961078889,-52.666500994035786,15,15,15,1.7289997169994837,4.153025534191361,92.53240863732839,81.14330309886016
88,71,Proposed fairness greedy (lambda=1),10,sensor01→gatewayA;sensor02→gatewayC;sensor03→gatewayC;sensor04→gatewayA;sensor05→gatewayA;sensor06→gatewayA;sensor07→gatewayA;sensor08→gatewayA;sensor09→gatewayA;sensor10→gatewayC,d53238027e5c,68.10613204500537,17.333499005964214,-19.893867954994633,-53.666500994035786,15,15,15,1.6573443254821745,4.27067259301489,92.64450689912206,81.14330309886016
88,71,Multi-cover greedy,10,sensor01→gatewayA;sensor02→gatewayC;sensor03→gatewayC;sensor04→gatewayA;sensor05→gatewayA;sensor06→gatewayA;sensor07→gatewayA;sensor08→gatewayA;sensor09→gatewayA;sensor10→gatewayA,d708670db0b5,66.88799038921111,17.333499005964214,-21.11200961078889,-53.666500994035786,15,15,15,1.7289997169994837,4.27067259301489,92.53240863732839,81.14330309886016
88,72,Proposed fairness greedy (lambda=1),10,sensor01→gatewayA;sensor02→gatewayC;sensor03→gatewayC;sensor04→gatewayA;sensor05→gatewayA;sensor06→gatewayA;sensor07→gatewayA;sensor08→gatewayA;sensor09→gatewayA;sensor10→gatewayC,d53238027e5c,68.10613204500537,17.333499005964214,-19.893867954994633,-54.666500994035786,15,15,15,1.6573443254821745,4.38831965183842,92.64450689912206,81.14330309886016
88,72,Multi-cover greedy,10,sensor01→gatewayA;sensor02→gatewayC;sensor03→gatewayC;sensor04→gatewayA;sensor05→gatewayA;sensor06→gatewayA;sensor07→gatewayA;sensor08→gatewayA;sensor09→gatewayA;sensor10→gatewayA,d708670db0b5,66.88799038921111,17.333499005964214,-21.11200961078889,-54.666500994035786,15,15,15,1.7289997169994837,4.38831965183842,92.53240863732839,81.14330309886016
88,73,Proposed fairness greedy (lambda=1),10,sensor01→gatewayA;sensor02→gatewayC;sensor03→gatewayC;sensor04→gatewayA;sensor05→gatewayA;sensor06→gatewayA;sensor07→gatewayA;sensor08→gatewayA;sensor09→gatewayA;sensor10→gatewayC,d53238027e5c,68.10613204500537,17.333499005964214,-19.893867954994633,-55.666500994035786,15,15,15,1.6573443254821745,4.505966710661949,92.64450689912206,81.14330309886016
88,73,Multi-cover greedy,10,sensor01→gatewayA;sensor02→gatewayC;sensor03→gatewayC;sensor04→gatewayA;sensor05→gatewayA;sensor06→gatewayA;sensor07→gatewayA;sensor08→gatewayA;sensor09→gatewayA;sensor10→gatewayA,d708670db0b5,66.88799038921111,17.333499005964214,-21.11200961078889,-55.666500994035786,15,15,15,1.7289997169994837,4.505966710661949,92.53240863732839,81.14330309886016
88,74,Proposed fairness greedy (lambda=1),10,sensor01→gatewayA;sensor02→gatewayC;sensor03→gatewayC;sensor04→gatewayA;sensor05→gatewayA;sensor06→gatewayA;sensor07→gatewayA;sensor08→gatewayA;sensor09→gatewayA;sensor10→gatewayC,d53238027e5c,68.10613204500537,17.333499005964214,-19.893867954994633,-56.666500994035786,15,15,15,1.6573443254821745,4.623613769485479,92.64450689912206,81.14330309886016
88,74,Multi-cover greedy,10,sensor01→gatewayA;sensor02→gatewayC;sensor03→gatewayC;sensor04→gatewayA;sensor05→gatewayA;sensor06→gatewayA;sensor07→gatewayA;sensor08→gatewayA;sensor09→gatewayA;sensor10→gatewayA,d708670db0b5,66.88799038921111,17.333499005964214,-21.11200961078889,-56.666500994035786,15,15,15,1.7289997169994837,4.623613769485479,92.53240863732839,81.14330309886016
88,75,Proposed fairness greedy (lambda=1),10,sensor01→gatewayA;sensor02→gatewayC;sensor03→gatewayC;sensor04→gatewayA;sensor05→gatewayA;sensor06→gatewayA;sensor07→gatewayA;sensor08→gatewayA;sensor09→gatewayA;sensor10→gatewayC,d53238027e5c,68.10613204500537,17.333499005964214,-19.893867954994633,-57.666500994035786,15,15,15,1.6573443254821745,4.741260828309008,92.64450689912206,81.14330309886016
88,75,Multi-cover greedy,10,sensor01→gatewayA;sensor02→gatewayC;sensor03→gatewayC;sensor04→gatewayA;sensor05→gatewayA;sensor06→gatewayA;sensor07→gatewayA;sensor08→gatewayA;sensor09→gatewayA;sensor10→gatewayA,d708670db0b5,66.88799038921111,17.333499005964214,-21.11200961078889,-57.666500994035786,15,15,15,1.7289997169994837,4.741260828309008,92.53240863732839,81.14330309886016
88,76,Proposed fairness greedy (lambda=1),10,sensor01→gatewayA;sensor02→gatewayC;sensor03→gatewayC;sensor04→gatewayA;sensor05→gatewayA;sensor06→gatewayA;sensor07→gatewayA;sensor08→gatewayA;sensor09→gatewayA;sensor10→gatewayC,d53238027e5c,68.10613204500537,17.333499005964214,-19.893867954994633,-58.666500994035786,15,15,15,1.6573443254821745,4.8589078871325375,92.64450689912206,81.14330309886016
88,76,Multi-cover greedy,10,sensor01→gatewayA;sensor02→gatewayC;sensor03→gatewayC;sensor04→gatewayA;sensor05→gatewayA;sensor06→gatewayA;sensor07→gatewayA;sensor08→gatewayA;sensor09→gatewayA;sensor10→gatewayA,d708670db0b5,66.88799038921111,17.333499005964214,-21.11200961078889,-58.666500994035786,15,15,15,1.7289997169994837,4.8589078871325375,92.53240863732839,81.14330309886016
88,77,Proposed fairness greedy (lambda=1),10,sensor01→gatewayA;sensor02→gatewayC;sensor03→gatewayC;sensor04→gatewayA;sensor05→gatewayA;sensor06→gatewayA;sensor07→gatewayA;sensor08→gatewayA;sensor09→gatewayA;sensor10→gatewayC,d53238027e5c,68.10613204500537,17.333499005964214,-19.893867954994633,-59.666500994035786,15,15,15,1.6573443254821745,4.9765549459560665,92.64450689912206,81.14330309886016
88,77,Multi-cover greedy,10,sensor01→gatewayA;sensor02→gatewayC;sensor03→gatewayC;sensor04→gatewayA;sensor05→gatewayA;sensor06→gatewayA;sensor07→gatewayA;sensor08→gatewayA;sensor09→gatewayA;sensor10→gatewayA,d708670db0b5,66.88799038921111,17.333499005964214,-21.11200961078889,-59.666500994035786,15,15,15,1.7289997169994837,4.9765549459560665,92.53240863732839,81.14330309886016
88,89,Proposed fairness greedy (lambda=1),12,sensor01→gatewayA;sensor01→gatewayC;sensor02→gatewayC;sensor03→gatewayC;sensor04→gatewayA;sensor04→gatewayC;sensor05→gatewayA;sensor06→gatewayA;sensor07→gatewayA;sensor08→gatewayA;sensor09→gatewayA;sensor10→gatewayC,fba66e5cdf8c,78.5242788678904,17.333499005964214,-9.475721132109598,-71.66650099403579,15,12,12,1.0144602259325382,6.64206402885783,95.30868439399289,84.31997339445302
88,89,Multi-cover greedy,12,sensor01→gatewayA;sensor01→gatewayB;sensor02→gatewayC;sensor03→gatewayC;sensor04→gatewayA;sensor04→gatewayC;sensor05→gatewayA;sensor06→gatewayA;sensor07→gatewayA;sensor08→gatewayA;sensor09→gatewayA;sensor10→gatewayC,1857c34ccaa1,74.07283014480772,17.333499005964214,-13.927169855192275,-71.66650099403579,15,8,8,1.2835100932202153,7.0949621683777915,94.15400091545355,82.67847276683732
88,91,Proposed fairness greedy (lambda=1),14,sensor01→gatewayA;sensor01→gatewayC;sensor02→gatewayC;sensor03→gatewayC;sensor04→gatewayA;sensor04→gatewayC;sensor05→gatewayA;sensor06→gatewayA;sensor07→gatewayA;sensor07→gatewayC;sensor08→gatewayA;sensor08→gatewayB;sensor09→gatewayA;sensor10→gatewayC,ba7836f47dfe,81.05742110584855,17.333499005964214,-6.942578894151453,-73.66650099403579,15,14,14,0.4273410986093283,6.483755642410328,97.23834709357982,89.23134868455652
88,91,Multi-cover greedy,14,sensor01→gatewayA;sensor01→gatewayC;sensor02→gatewayC;sensor03→gatewayC;sensor04→gatewayA;sensor04→gatewayC;sensor05→gatewayA;sensor06→gatewayA;sensor07→gatewayA;sensor07→gatewayB;sensor08→gatewayA;sensor08→gatewayB;sensor09→gatewayA;sensor10→gatewayC,7d0409742162,80.99223032302699,17.333499005964214,-7.0077696769730125,-73.66650099403579,15,11,11,0.6441663727277236,7.005931362090352,96.43474975762871,86.58389421375502
88,92,Proposed fairness greedy (lambda=1),14,sensor01→gatewayA;sensor01→gatewayC;sensor02→gatewayC;sensor03→gatewayC;sensor04→gatewayA;sensor04→gatewayC;sensor05→gatewayA;sensor06→gatewayA;sensor07→gatewayA;sensor07→gatewayC;sensor08→gatewayA;sensor08→gatewayB;sensor09→gatewayA;sensor10→gatewayC,ba7836f47dfe,81.05742110584855,17.333499005964214,-6.942578894151453,-74.66650099403579,15,14,14,0.4273410986093283,6.660226230645622,97.23834709357982,89.23134868455652
88,92,Multi-cover greedy,14,sensor01→gatewayA;sensor01→gatewayC;sensor02→gatewayC;sensor03→gatewayC;sensor04→gatewayA;sensor04→gatewayC;sensor05→gatewayA;sensor06→gatewayA;sensor07→gatewayA;sensor07→gatewayB;sensor08→gatewayA;sensor08→gatewayB;sensor09→gatewayA;sensor10→gatewayC,7d0409742162,80.99223032302699,17.333499005964214,-7.0077696769730125,-74.66650099403579,15,10,10,0.6441663727277236,7.417269307087821,96.43474975762871,86.58389421375502
88,95,Proposed fairness greedy (lambda=1),17,sensor01→gatewayA;sensor01→gatewayC;sensor02→gatewayA;sensor02→gatewayC;sensor03→gatewayA;sensor03→gatewayC;sensor04→gatewayA;sensor04→gatewayC;sensor05→gatewayA;sensor05→gatewayC;sensor06→gatewayA;sensor07→gatewayA;sensor07→gatewayC;sensor08→gatewayA;sensor08→gatewayB;sensor09→gatewayA;sensor10→gatewayC,126ff9a6f407,92.6020177489569,60.10386612810156,4.6020177489568965,-34.89613387189844,17,15,15,0.0,2.0666735145595405,99.1281265199174,94.76426136423231
88,95,Multi-cover greedy,17,sensor01→gatewayA;sensor01→gatewayC;sensor02→gatewayA;sensor02→gatewayC;sensor03→gatewayA;sensor03→gatewayC;sensor04→gatewayA;sensor04→gatewayC;sensor05→gatewayA;sensor05→gatewayB;sensor06→gatewayA;sensor07→gatewayA;sensor07→gatewayC;sensor08→gatewayA;sensor08→gatewayB;sensor09→gatewayA;sensor10→gatewayC,4deb1457865a,88.66211101494581,60.10386612810156,0.6621110149458076,-34.89613387189844,17,15,15,0.0,2.0666735145595405,98.62758524078373,94.41404901090611
89,50,Proposed fairness greedy (lambda=1),10,sensor01→gatewayA;sensor02→gatewayC;sensor03→gatewayC;sensor04→gatewayA;sensor05→gatewayA;sensor06→gatewayA;sensor07→gatewayA;sensor08→gatewayA;sensor09→gatewayA;sensor10→gatewayC,d53238027e5c,68.10613204500537,17.333499005964214,-20.893867954994633,-32.666500994035786,15,16,15,1.774991384305704,1.921558882002105,92.64450689912206,81.14330309886016
89,50,Multi-cover greedy,10,sensor01→gatewayA;sensor02→gatewayC;sensor03→gatewayC;sensor04→gatewayA;sensor05→gatewayA;sensor06→gatewayA;sensor07→gatewayA;sensor08→gatewayA;sensor09→gatewayA;sensor10→gatewayA,d708670db0b5,66.88799038921111,17.333499005964214,-22.11200961078889,-32.666500994035786,15,16,15,1.846646775823013,1.921558882002105,92.53240863732839,81.14330309886016
89,51,Proposed fairness greedy (lambda=1),10,sensor01→gatewayA;sensor02→gatewayC;sensor03→gatewayC;sensor04→gatewayA;sensor05→gatewayA;sensor06→gatewayA;sensor07→gatewayA;sensor08→gatewayA;sensor09→gatewayA;sensor10→gatewayC,d53238027e5c,68.10613204500537,17.333499005964214,-20.893867954994633,-33.666500994035786,15,16,15,1.774991384305704,1.9803824114138697,92.64450689912206,81.14330309886016
89,51,Multi-cover greedy,10,sensor01→gatewayA;sensor02→gatewayC;sensor03→gatewayC;sensor04→gatewayA;sensor05→gatewayA;sensor06→gatewayA;sensor07→gatewayA;sensor08→gatewayA;sensor09→gatewayA;sensor10→gatewayA,d708670db0b5,66.88799038921111,17.333499005964214,-22.11200961078889,-33.666500994035786,15,16,15,1.846646775823013,1.9803824114138697,92.53240863732839,81.14330309886016
89,52,Proposed fairness greedy (lambda=1),10,sensor01→gatewayA;sensor02→gatewayC;sensor03→gatewayC;sensor04→gatewayA;sensor05→gatewayA;sensor06→gatewayA;sensor07→gatewayA;sensor08→gatewayA;sensor09→gatewayA;sensor10→gatewayC,d53238027e5c,68.10613204500537,17.333499005964214,-20.893867954994633,-34.666500994035786,15,16,15,1.774991384305704,2.0392059408256347,92.64450689912206,81.14330309886016
89,52,Multi-cover greedy,10,sensor01→gatewayA;sensor02→gatewayC;sensor03→gatewayC;sensor04→gatewayA;sensor05→gatewayA;sensor06→gatewayA;sensor07→gatewayA;sensor08→gatewayA;sensor09→gatewayA;sensor10→gatewayA,d708670db0b5,66.88799038921111,17.333499005964214,-22.11200961078889,-34.666500994035786,15,16,15,1.846646775823013,2.0392059408256347,92.53240863732839,81.14330309886016
89,53,Proposed fairness greedy (lambda=1),10,sensor01→gatewayA;sensor02→gatewayC;sensor03→gatewayC;sensor04→gatewayA;sensor05→gatewayA;sensor06→gatewayA;sensor07→gatewayA;sensor08→gatewayA;sensor09→gatewayA;sensor10→gatewayC,d53238027e5c,68.10613204500537,17.333499005964214,-20.893867954994633,-35.666500994035786,15,15,15,1.774991384305704,2.153025534191361,92.64450689912206,81.14330309886016
89,53,Multi-cover greedy,10,sensor01→gatewayA;sensor02→gatewayC;sensor03→gatewayC;sensor04→gatewayA;sensor05→gatewayA;sensor06→gatewayA;sensor07→gatewayA;sensor08→gatewayA;sensor09→gatewayA;sensor10→gatewayA,d708670db0b5,66.88799038921111,17.333499005964214,-22.11200961078889,-35.666500994035786,15,15,15,1.846646775823013,2.153025534191361,92.53240863732839,81.14330309886016
89,54,Proposed fairness greedy (lambda=1),10,sensor01→gatewayA;sensor02→gatewayC;sensor03→gatewayC;sensor04→gatewayA;sensor05→gatewayA;sensor06→gatewayA;sensor07→gatewayA;sensor08→gatewayA;sensor09→gatewayA;sensor10→gatewayC,d53238027e5c,68.10613204500537,17.333499005964214,-20.893867954994633,-36.666500994035786,15,15,15,1.774991384305704,2.2706725930148903,92.64450689912206,81.14330309886016
89,54,Multi-cover greedy,10,sensor01→gatewayA;sensor02→gatewayC;sensor03→gatewayC;sensor04→gatewayA;sensor05→gatewayA;sensor06→gatewayA;sensor07→gatewayA;sensor08→gatewayA;sensor09→gatewayA;sensor10→gatewayA,d708670db0b5,66.88799038921111,17.333499005964214,-22.11200961078889,-36.666500994035786,15,15,15,1.846646775823013,2.2706725930148903,92.53240863732839,81.14330309886016
89,55,Proposed fairness greedy (lambda=1),10,sensor01→gatewayA;sensor02→gatewayC;sensor03→gatewayC;sensor04→gatewayA;sensor05→gatewayA;sensor06→gatewayA;sensor07→gatewayA;sensor08→gatewayA;sensor09→gatewayA;sensor10→gatewayC,d53238027e5c,68.10613204500537,17.333499005964214,-20.893867954994633,-37.666500994035786,15,15,15,1.774991384305704,2.3883196518384198,92.64450689912206,81.14330309886016
89,55,Multi-cover greedy,10,sensor01→gatewayA;sensor02→gatewayC;sensor03→gatewayC;sensor04→gatewayA;sensor05→gatewayA;sensor06→gatewayA;sensor07→gatewayA;sensor08→gatewayA;sensor09→gatewayA;sensor10→gatewayA,d708670db0b5,66.88799038921111,17.333499005964214,-22.11200961078889,-37.666500994035786,15,15,15,1.846646775823013,2.3883196518384198,92.53240863732839,81.14330309886016
89,56,Proposed fairness greedy (lambda=1),10,sensor01→gatewayA;sensor02→gatewayC;sensor03→gatewayC;sensor04→gatewayA;sensor05→gatewayA;sensor06→gatewayA;sensor07→gatewayA;sensor08→gatewayA;sensor09→gatewayA;sensor10→gatewayC,d53238027e5c,68.10613204500537,17.333499005964214,-20.893867954994633,-38.666500994035786,15,15,15,1.774991384305704,2.505966710661949,92.64450689912206,81.14330309886016
89,56,Multi-cover greedy,10,sensor01→gatewayA;sensor02→gatewayC;sensor03→gatewayC;sensor04→gatewayA;sensor05→gatewayA;sensor06→gatewayA;sensor07→gatewayA;sensor08→gatewayA;sensor09→gatewayA;sensor10→gatewayA,d708670db0b5,66.88799038921111,17.333499005964214,-22.11200961078889,-38.666500994035786,15,15,15,1.846646775823013,2.505966710661949,92.53240863732839,81.14330309886016
89,57,Proposed fairness greedy (lambda=1),10,sensor01→gatewayA;sensor02→gatewayC;sensor03→gatewayC;sensor04→gatewayA;sensor05→gatewayA;sensor06→gatewayA;sensor07→gatewayA;sensor08→gatewayA;sensor09→gatewayA;sensor10→gatewayC,d53238027e5c,68.10613204500537,17.333499005964214,-20.893867954994633,-39.666500994035786,15,15,15,1.774991384305704,2.6236137694854786,92.64450689912206,81.14330309886016
89,57,Multi-cover greedy,10,sensor01→gatewayA;sensor02→gatewayC;sensor03→gatewayC;sensor04→gatewayA;sensor05→gatewayA;sensor06→gatewayA;sensor07→gatewayA;sensor08→gatewayA;sensor09→gatewayA;sensor10→gatewayA,d708670db0b5,66.88799038921111,17.333499005964214,-22.11200961078889,-39.666500994035786,15,15,15,1.846646775823013,2.6236137694854786,92.53240863732839,81.14330309886016
89,58,Proposed fairness greedy (lambda=1),10,sensor01→gatewayA;sensor02→gatewayC;sensor03→gatewayC;sensor04→gatewayA;sensor05→gatewayA;sensor06→gatewayA;sensor07→gatewayA;sensor08→gatewayA;sensor09→gatewayA;sensor10→gatewayC,d53238027e5c,68.10613204500537,17.333499005964214,-20.893867954994633,-40.666500994035786,15,15,15,1.774991384305704,2.741260828309008,92.64450689912206,81.14330309886016
89,58,Multi-cover greedy,10,sensor01→gatewayA;sensor02→gatewayC;sensor03→gatewayC;sensor04→gatewayA;sensor05→gatewayA;sensor06→gatewayA;sensor07→gatewayA;sensor08→gatewayA;sensor09→gatewayA;sensor10→gatewayA,d708670db0b5,66.88799038921111,17.333499005964214,-22.11200961078889,-40.666500994035786,15,15,15,1.846646775823013,2.741260828309008,92.53240863732839,81.14330309886016
89,59,Proposed fairness greedy (lambda=1),10,sensor01→gatewayA;sensor02→gatewayC;sensor03→gatewayC;sensor04→gatewayA;sensor05→gatewayA;sensor06→gatewayA;sensor07→gatewayA;sensor08→gatewayA;sensor09→gatewayA;sensor10→gatewayC,d53238027e5c,68.10613204500537,17.333499005964214,-20.893867954994633,-41.666500994035786,15,15,15,1.774991384305704,2.8589078871325375,92.64450689912206,81.14330309886016
89,59,Multi-cover greedy,10,sensor01→gatewayA;sensor02→gatewayC;sensor03→gatewayC;sensor04→gatewayA;sensor05→gatewayA;sensor06→gatewayA;sensor07→gatewayA;sensor08→gatewayA;sensor09→gatewayA;sensor10→gatewayA,d708670db0b5,66.88799038921111,17.333499005964214,-22.11200961078889,-41.666500994035786,15,15,15,1.846646775823013,2.8589078871325375,92.53240863732839,81.14330309886016
89,60,Proposed fairness greedy (lambda=1),10,sensor01→gatewayA;sensor02→gatewayC;sensor03→gatewayC;sensor04→gatewayA;sensor05→gatewayA;sensor06→gatewayA;sensor07→gatewayA;sensor08→gatewayA;sensor09→gatewayA;sensor10→gatewayC,d53238027e5c,68.10613204500537,17.333499005964214,-20.893867954994633,-42.666500994035786,15,15,15,1.774991384305704,2.976554945956067,92.64450689912206,81.14330309886016
89,60,Multi-cover greedy,10,sensor01→gatewayA;sensor02→gatewayC;sensor03→gatewayC;sensor04→gatewayA;sensor05→gatewayA;sensor06→gatewayA;sensor07→gatewayA;sensor08→gatewayA;sensor09→gatewayA;sensor10→gatewayA,d708670db0b5,66.88799038921111,17.333499005964214,-22.11200961078889,-42.666500994035786,15,15,15,1.846646775823013,2.976554945956067,92.53240863732839,81.14330309886016
89,61,Proposed fairness greedy (lambda=1),10,sensor01→gatewayA;sensor02→gatewayC;sensor03→gatewayC;sensor04→gatewayA;sensor05→gatewayA;sensor06→gatewayA;sensor07→gatewayA;sensor08→gatewayA;sensor09→gatewayA;sensor10→gatewayC,d53238027e5c,68.10613204500537,17.333499005964214,-20.893867954994633,-43.666500994035786,15,15,15,1.774991384305704,3.0942020047795964,92.64450689912206,81.14330309886016
89,61,Multi-cover greedy,10,sensor01→gatewayA;sensor02→gatewayC;sensor03→gatewayC;sensor04→gatewayA;sensor05→gatewayA;sensor06→gatewayA;sensor07→gatewayA;sensor08→gatewayA;sensor09→gatewayA;sensor10→gatewayA,d708670db0b5,66.88799038921111,17.333499005964214,-22.11200961078889,-43.666500994035786,15,15,15,1.846646775823013,3.0942020047795964,92.53240863732839,81.14330309886016
89,62,Proposed fairness greedy (lambda=1),10,sensor01→gatewayA;sensor02→gatewayC;sensor03→gatewayC;sensor04→gatewayA;sensor05→gatewayA;sensor06→gatewayA;sensor07→gatewayA;sensor08→gatewayA;sensor09→gatewayA;sensor10→gatewayC,d53238027e5c,68.10613204500537,17.333499005964214,-20.893867954994633,-44.666500994035786,15,15,15,1.774991384305704,3.211849063603126,92.64450689912206,81.14330309886016
89,62,Multi-cover greedy,10,sensor01→gatewayA;sensor02→gatewayC;sensor03→gatewayC;sensor04→gatewayA;sensor05→gatewayA;sensor06→gatewayA;sensor07→gatewayA;sensor08→gatewayA;sensor09→gatewayA;sensor10→gatewayA,d708670db0b5,66.88799038921111,17.333499005964214,-22.11200961078889,-44.666500994035786,15,15,15,1.846646775823013,3.211849063603126,92.53240863732839,81.14330309886016
89,63,Proposed fairness greedy (lambda=1),10,sensor01→gatewayA;sensor02→gatewayC;sensor03→gatewayC;sensor04→gatewayA;sensor05→gatewayA;sensor06→gatewayA;sensor07→gatewayA;sensor08→gatewayA;sensor09→gatewayA;sensor10→gatewayC,d53238027e5c,68.10613204500537,17.333499005964214,-20.893867954994633,-45.666500994035786,15,15,15,1.774991384305704,3.3294961224266553,92.64450689912206,81.14330309886016
89,63,Multi-cover greedy,10,sensor01→gatewayA;sensor02→gatewayC;sensor03→gatewayC;sensor04→gatewayA;sensor05→gatewayA;sensor06→gatewayA;sensor07→gatewayA;sensor08→gatewayA;sensor09→gatewayA;sensor10→gatewayA,d708670db0b5,66.88799038921111,17.333499005964214,-22.11200961078889,-45.666500994035786,15,15,15,1.846646775823013,3.3294961224266553,92.53240863732839,81.14330309886016
89,64,Proposed fairness greedy (lambda=1),10,sensor01→gatewayA;sensor02→gatewayC;sensor03→gatewayC;sensor04→gatewayA;sensor05→gatewayA;sensor06→gatewayA;sensor07→gatewayA;sensor08→gatewayA;sensor09→gatewayA;sensor10→gatewayC,d53238027e5c,68.10613204500537,17.333499005964214,-20.893867954994633,-46.666500994035786,15,15,15,1.774991384305704,3.4471431812501847,92.64450689912206,81.14330309886016
89,64,Multi-cover greedy,10,sensor01→gatewayA;sensor02→gatewayC;sensor03→gatewayC;sensor04→gatewayA;sensor05→gatewayA;sensor06→gatewayA;sensor07→gatewayA;sensor08→gatewayA;sensor09→gatewayA;sensor10→gatewayA,d708670db0b5,66.88799038921111,17.333499005964214,-22.11200961078889,-46.666500994035786,15,15,15,1.846646775823013,3.4471431812501847,92.53240863732839,81.14330309886016
89,65,Proposed fairness greedy (lambda=1),10,sensor01→gatewayA;sensor02→gatewayC;sensor03→gatewayC;sensor04→gatewayA;sensor05→gatewayA;sensor06→gatewayA;sensor07→gatewayA;sensor08→gatewayA;sensor09→gatewayA;sensor10→gatewayC,d53238027e5c,68.10613204500537,17.333499005964214,-20.893867954994633,-47.666500994035786,15,15,15,1.774991384305704,3.564790240073714,92.64450689912206,81.14330309886016
89,65,Multi-cover greedy,10,sensor01→gatewayA;sensor02→gatewayC;sensor03→gatewayC;sensor04→gatewayA;sensor05→gatewayA;sensor06→gatewayA;sensor07→gatewayA;sensor08→gatewayA;sensor09→gatewayA;sensor10→gatewayA,d708670db0b5,66.88799038921111,17.333499005964214,-22.11200961078889,-47.666500994035786,15,15,15,1.846646775823013,3.564790240073714,92.53240863732839,81.14330309886016
89,66,Proposed fairness greedy (lambda=1),10,sensor01→gatewayA;sensor02→gatewayC;sensor03→gatewayC;sensor04→gatewayA;sensor05→gatewayA;sensor06→gatewayA;sensor07→gatewayA;sensor08→gatewayA;sensor09→gatewayA;sensor10→gatewayC,d53238027e5c,68.10613204500537,17.333499005964214,-20.893867954994633,-48.666500994035786,15,15,15,1.774991384305704,3.6824372988972436,92.64450689912206,81.14330309886016
89,66,Multi-cover greedy,10,sensor01→gatewayA;sensor02→gatewayC;sensor03→gatewayC;sensor04→gatewayA;sensor05→gatewayA;sensor06→gatewayA;sensor07→gatewayA;sensor08→gatewayA;sensor09→gatewayA;sensor10→gatewayA,d708670db0b5,66.88799038921111,17.333499005964214,-22.11200961078889,-48.666500994035786,15,15,15,1.846646775823013,3.6824372988972436,92.53240863732839,81.14330309886016
89,67,Proposed fairness greedy (lambda=1),10,sensor01→gatewayA;sensor02→gatewayC;sensor03→gatewayC;sensor04→gatewayA;sensor05→gatewayA;sensor06→gatewayA;sensor07→gatewayA;sensor08→gatewayA;sensor09→gatewayA;sensor10→gatewayC,d53238027e5c,68.10613204500537,17.333499005964214,-20.893867954994633,-49.666500994035786,15,15,15,1.774991384305704,3.8000843577207726,92.64450689912206,81.14330309886016
89,67,Multi-cover greedy,10,sensor01→gatewayA;sensor02→gatewayC;sensor03→gatewayC;sensor04→gatewayA;sensor05→gatewayA;sensor06→gatewayA;sensor07→gatewayA;sensor08→gatewayA;sensor09→gatewayA;sensor10→gatewayA,d708670db0b5,66.88799038921111,17.333499005964214,-22.11200961078889,-49.666500994035786,15,15,15,1.846646775823013,3.8000843577207726,92.53240863732839,81.14330309886016
89,68,Proposed fairness greedy (lambda=1),10,sensor01→gatewayA;sensor02→gatewayC;sensor03→gatewayC;sensor04→gatewayA;sensor05→gatewayA;sensor06→gatewayA;sensor07→gatewayA;sensor08→gatewayA;sensor09→gatewayA;sensor10→gatewayC,d53238027e5c,68.10613204500537,17.333499005964214,-20.893867954994633,-50.666500994035786,15,15,15,1.774991384305704,3.917731416544302,92.64450689912206,81.14330309886016
89,68,Multi-cover greedy,10,sensor01→gatewayA;sensor02→gatewayC;sensor03→gatewayC;sensor04→gatewayA;sensor05→gatewayA;sensor06→gatewayA;sensor07→gatewayA;sensor08→gatewayA;sensor09→gatewayA;sensor10→gatewayA,d708670db0b5,66.88799038921111,17.333499005964214,-22.11200961078889,-50.666500994035786,15,15,15,1.846646775823013,3.917731416544302,92.53240863732839,81.14330309886016
89,69,Proposed fairness greedy (lambda=1),10,sensor01→gatewayA;sensor02→gatewayC;sensor03→gatewayC;sensor04→gatewayA;sensor05→gatewayA;sensor06→gatewayA;sensor07→gatewayA;sensor08→gatewayA;sensor09→gatewayA;sensor10→gatewayC,d53238027e5c,68.10613204500537,17.333499005964214,-20.893867954994633,-51.666500994035786,15,15,15,1.774991384305704,4.035378475367831,92.64450689912206,81.14330309886016
89,69,Multi-cover greedy,10,sensor01→gatewayA;sensor02→gatewayC;sensor03→gatewayC;sensor04→gatewayA;sensor05→gatewayA;sensor06→gatewayA;sensor07→gatewayA;sensor08→gatewayA;sensor09→gatewayA;sensor10→gatewayA,d708670db0b5,66.88799038921111,17.333499005964214,-22.11200961078889,-51.666500994035786,15,15,15,1.846646775823013,4.035378475367831,92.53240863732839,81.14330309886016
89,70,Proposed fairness greedy (lambda=1),10,sensor01→gatewayA;sensor02→gatewayC;sensor03→gatewayC;sensor04→gatewayA;sensor05→gatewayA;sensor06→gatewayA;sensor07→gatewayA;sensor08→gatewayA;sensor09→gatewayA;sensor10→gatewayC,d53238027e5c,68.10613204500537,17.333499005964214,-20.893867954994633,-52.666500994035786,15,15,15,1.774991384305704,4.153025534191361,92.64450689912206,81.14330309886016
89,70,Multi-cover greedy,10,sensor01→gatewayA;sensor02→gatewayC;sensor03→gatewayC;sensor04→gatewayA;sensor05→gatewayA;sensor06→gatewayA;sensor07→gatewayA;sensor08→gatewayA;sensor09→gatewayA;sensor10→gatewayA,d708670db0b5,66.88799038921111,17.333499005964214,-22.11200961078889,-52.666500994035786,15,15,15,1.846646775823013,4.153025534191361,92.53240863732839,81.14330309886016
89,71,Proposed fairness greedy (lambda=1),10,sensor01→gatewayA;sensor02→gatewayC;sensor03→gatewayC;sensor04→gatewayA;sensor05→gatewayA;sensor06→gatewayA;sensor07→gatewayA;sensor08→gatewayA;sensor09→gatewayA;sensor10→gatewayC,d53238027e5c,68.10613204500537,17.333499005964214,-20.893867954994633,-53.666500994035786,15,15,15,1.774991384305704,4.27067259301489,92.64450689912206,81.14330309886016
89,71,Multi-cover greedy,10,sensor01→gatewayA;sensor02→gatewayC;sensor03→gatewayC;sensor04→gatewayA;sensor05→gatewayA;sensor06→gatewayA;sensor07→gatewayA;sensor08→gatewayA;sensor09→gatewayA;sensor10→gatewayA,d708670db0b5,66.88799038921111,17.333499005964214,-22.11200961078889,-53.666500994035786,15,15,15,1.846646775823013,4.27067259301489,92.53240863732839,81.14330309886016
89,72,Proposed fairness greedy (lambda=1),10,sensor01→gatewayA;sensor02→gatewayC;sensor03→gatewayC;sensor04→gatewayA;sensor05→gatewayA;sensor06→gatewayA;sensor07→gatewayA;sensor08→gatewayA;sensor09→gatewayA;sensor10→gatewayC,d53238027e5c,68.10613204500537,17.333499005964214,-20.893867954994633,-54.666500994035786,15,15,15,1.774991384305704,4.38831965183842,92.64450689912206,81.14330309886016
89,72,Multi-cover greedy,10,sensor01→gatewayA;sensor02→gatewayC;sensor03→gatewayC;sensor04→gatewayA;sensor05→gatewayA;sensor06→gatewayA;sensor07→gatewayA;sensor08→gatewayA;sensor09→gatewayA;sensor10→gatewayA,d708670db0b5,66.88799038921111,17.333499005964214,-22.11200961078889,-54.666500994035786,15,15,15,1.846646775823013,4.38831965183842,92.53240863732839,81.14330309886016
89,73,Proposed fairness greedy (lambda=1),10,sensor01→gatewayA;sensor02→gatewayC;sensor03→gatewayC;sensor04→gatewayA;sensor05→gatewayA;sensor06→gatewayA;sensor07→gatewayA;sensor08→gatewayA;sensor09→gatewayA;sensor10→gatewayC,d53238027e5c,68.10613204500537,17.333499005964214,-20.893867954994633,-55.666500994035786,15,15,15,1.774991384305704,4.505966710661949,92.64450689912206,81.14330309886016
89,73,Multi-cover greedy,10,sensor01→gatewayA;sensor02→gatewayC;sensor03→gatewayC;sensor04→gatewayA;sensor05→gatewayA;sensor06→gatewayA;sensor07→gatewayA;sensor08→gatewayA;sensor09→gatewayA;sensor10→gatewayA,d708670db0b5,66.88799038921111,17.333499005964214,-22.11200961078889,-55.666500994035786,15,15,15,1.846646775823013,4.505966710661949,92.53240863732839,81.14330309886016
89,74,Proposed fairness greedy (lambda=1),10,sensor01→gatewayA;sensor02→gatewayC;sensor03→gatewayC;sensor04→gatewayA;sensor05→gatewayA;sensor06→gatewayA;sensor07→gatewayA;sensor08→gatewayA;sensor09→gatewayA;sensor10→gatewayC,d53238027e5c,68.10613204500537,17.333499005964214,-20.893867954994633,-56.666500994035786,15,15,15,1.774991384305704,4.623613769485479,92.64450689912206,81.14330309886016
89,74,Multi-cover greedy,10,sensor01→gatewayA;sensor02→gatewayC;sensor03→gatewayC;sensor04→gatewayA;sensor05→gatewayA;sensor06→gatewayA;sensor07→gatewayA;sensor08→gatewayA;sensor09→gatewayA;sensor10→gatewayA,d708670db0b5,66.88799038921111,17.333499005964214,-22.11200961078889,-56.666500994035786,15,15,15,1.846646775823013,4.623613769485479,92.53240863732839,81.14330309886016
89,75,Proposed fairness greedy (lambda=1),10,sensor01→gatewayA;sensor02→gatewayC;sensor03→gatewayC;sensor04→gatewayA;sensor05→gatewayA;sensor06→gatewayA;sensor07→gatewayA;sensor08→gatewayA;sensor09→gatewayA;sensor10→gatewayC,d53238027e5c,68.10613204500537,17.333499005964214,-20.893867954994633,-57.666500994035786,15,15,15,1.774991384305704,4.741260828309008,92.64450689912206,81.14330309886016
89,75,Multi-cover greedy,10,sensor01→gatewayA;sensor02→gatewayC;sensor03→gatewayC;sensor04→gatewayA;sensor05→gatewayA;sensor06→gatewayA;sensor07→gatewayA;sensor08→gatewayA;sensor09→gatewayA;sensor10→gatewayA,d708670db0b5,66.88799038921111,17.333499005964214,-22.11200961078889,-57.666500994035786,15,15,15,1.846646775823013,4.741260828309008,92.53240863732839,81.14330309886016
89,76,Proposed fairness greedy (lambda=1),10,sensor01→gatewayA;sensor02→gatewayC;sensor03→gatewayC;sensor04→gatewayA;sensor05→gatewayA;sensor06→gatewayA;sensor07→gatewayA;sensor08→gatewayA;sensor09→gatewayA;sensor10→gatewayC,d53238027e5c,68.10613204500537,17.333499005964214,-20.893867954994633,-58.666500994035786,15,15,15,1.774991384305704,4.8589078871325375,92.64450689912206,81.14330309886016
89,76,Multi-cover greedy,10,sensor01→gatewayA;sensor02→gatewayC;sensor03→gatewayC;sensor04→gatewayA;sensor05→gatewayA;sensor06→gatewayA;sensor07→gatewayA;sensor08→gatewayA;sensor09→gatewayA;sensor10→gatewayA,d708670db0b5,66.88799038921111,17.333499005964214,-22.11200961078889,-58.666500994035786,15,15,15,1.846646775823013,4.8589078871325375,92.53240863732839,81.14330309886016
89,77,Proposed fairness greedy (lambda=1),10,sensor01→gatewayA;sensor02→gatewayC;sensor03→gatewayC;sensor04→gatewayA;sensor05→gatewayA;sensor06→gatewayA;sensor07→gatewayA;sensor08→gatewayA;sensor09→gatewayA;sensor10→gatewayC,d53238027e5c,68.10613204500537,17.333499005964214,-20.893867954994633,-59.666500994035786,15,15,15,1.774991384305704,4.9765549459560665,92.64450689912206,81.14330309886016
89,77,Multi-cover greedy,10,sensor01→gatewayA;sensor02→gatewayC;sensor03→gatewayC;sensor04→gatewayA;sensor05→gatewayA;sensor06→gatewayA;sensor07→gatewayA;sensor08→gatewayA;sensor09→gatewayA;sensor10→gatewayA,d708670db0b5,66.88799038921111,17.333499005964214,-22.11200961078889,-59.666500994035786,15,15,15,1.846646775823013,4.9765549459560665,92.53240863732839,81.14330309886016
89,89,Proposed fairness greedy (lambda=1),12,sensor01→gatewayA;sensor01→gatewayC;sensor02→gatewayC;sensor03→gatewayC;sensor04→gatewayA;sensor04→gatewayC;sensor05→gatewayA;sensor06→gatewayA;sensor07→gatewayA;sensor08→gatewayA;sensor09→gatewayA;sensor10→gatewayC,fba66e5cdf8c,78.5242788678904,17.333499005964214,-10.475721132109598,-71.66650099403579,15,12,12,1.1321072847560676,6.64206402885783,95.30868439399289,84.31997339445302
89,89,Multi-cover greedy,12,sensor01→gatewayA;sensor01→gatewayB;sensor02→gatewayC;sensor03→gatewayC;sensor04→gatewayA;sensor04→gatewayC;sensor05→gatewayA;sensor06→gatewayA;sensor07→gatewayA;sensor08→gatewayA;sensor09→gatewayA;sensor10→gatewayC,1857c34ccaa1,74.07283014480772,17.333499005964214,-14.927169855192275,-71.66650099403579,15,8,8,1.4011571520437447,7.0949621683777915,94.15400091545355,82.67847276683732
89,91,Proposed fairness greedy (lambda=1),14,sensor01→gatewayA;sensor01→gatewayC;sensor02→gatewayC;sensor03→gatewayC;sensor04→gatewayA;sensor04→gatewayC;sensor05→gatewayA;sensor06→gatewayA;sensor07→gatewayA;sensor07→gatewayC;sensor08→gatewayA;sensor08→gatewayB;sensor09→gatewayA;sensor10→gatewayC,ba7836f47dfe,81.05742110584855,17.333499005964214,-7.942578894151453,-73.66650099403579,15,14,14,0.5449881574328577,6.483755642410328,97.23834709357982,89.23134868455652
89,91,Multi-cover greedy,14,sensor01→gatewayA;sensor01→gatewayC;sensor02→gatewayC;sensor03→gatewayC;sensor04→gatewayA;sensor04→gatewayC;sensor05→gatewayA;sensor06→gatewayA;sensor07→gatewayA;sensor07→gatewayB;sensor08→gatewayA;sensor08→gatewayB;sensor09→gatewayA;sensor10→gatewayC,7d0409742162,80.99223032302699,17.333499005964214,-8.007769676973012,-73.66650099403579,15,11,11,0.761813431551253,7.005931362090352,96.43474975762871,86.58389421375502
89,92,Proposed fairness greedy (lambda=1),14,sensor01→gatewayA;sensor01→gatewayC;sensor02→gatewayC;sensor03→gatewayC;sensor04→gatewayA;sensor04→gatewayC;sensor05→gatewayA;sensor06→gatewayA;sensor07→gatewayA;sensor07→gatewayC;sensor08→gatewayA;sensor08→gatewayB;sensor09→gatewayA;sensor10→gatewayC,ba7836f47dfe,81.05742110584855,17.333499005964214,-7.942578894151453,-74.66650099403579,15,14,14,0.5449881574328577,6.660226230645622,97.23834709357982,89.23134868455652
89,92,Multi-cover greedy,14,sensor01→gatewayA;sensor01→gatewayC;sensor02→gatewayC;sensor03→gatewayC;sensor04→gatewayA;sensor04→gatewayC;sensor05→gatewayA;sensor06→gatewayA;sensor07→gatewayA;sensor07→gatewayB;sensor08→gatewayA;sensor08→gatewayB;sensor09→gatewayA;sensor10→gatewayC,7d0409742162,80.99223032302699,17.333499005964214,-8.007769676973012,-74.66650099403579,15,10,10,0.761813431551253,7.417269307087821,96.43474975762871,86.58389421375502
89,95,Proposed fairness greedy (lambda=1),17,sensor01→gatewayA;sensor01→gatewayC;sensor02→gatewayA;sensor02→gatewayC;sensor03→gatewayA;sensor03→gatewayC;sensor04→gatewayA;sensor04→gatewayC;sensor05→gatewayA;sensor05→gatewayC;sensor06→gatewayA;sensor07→gatewayA;sensor07→gatewayC;sensor08→gatewayA;sensor08→gatewayB;sensor09→gatewayA;sensor10→gatewayC,126ff9a6f407,92.6020177489569,60.10386612810156,3.6020177489568965,-34.89613387189844,17,15,15,0.0,2.0666735145595405,99.1281265199174,94.76426136423231
89,95,Multi-cover greedy,17,sensor01→gatewayA;sensor01→gatewayC;sensor02→gatewayA;sensor02→gatewayC;sensor03→gatewayA;sensor03→gatewayC;sensor04→gatewayA;sensor04→gatewayC;sensor05→gatewayA;sensor05→gatewayB;sensor06→gatewayA;sensor07→gatewayA;sensor07→gatewayC;sensor08→gatewayA;sensor08→gatewayB;sensor09→gatewayA;sensor10→gatewayC,4deb1457865a,88.66211101494581,60.10386612810156,-0.3378889850541924,-34.89613387189844,16,15,15,0.01987582265024661,2.0666735145595405,98.62758524078373,94.41404901090611
90,50,Proposed fairness greedy (lambda=1),10,sensor01→gatewayA;sensor02→gatewayC;sensor03→gatewayC;sensor04→gatewayA;sensor05→gatewayA;sensor06→gatewayA;sensor07→gatewayA;sensor08→gatewayA;sensor09→gatewayA;sensor10→gatewayC,d53238027e5c,68.10613204500537,17.333499005964214,-21.893867954994633,-32.666500994035786,15,16,15,1.8926384431292333,1.921558882002105,92.64450689912206,81.14330309886016
90,50,Multi-cover greedy,10,sensor01→gatewayA;sensor02→gatewayC;sensor03→gatewayC;sensor04→gatewayA;sensor05→gatewayA;sensor06→gatewayA;sensor07→gatewayA;sensor08→gatewayA;sensor09→gatewayA;sensor10→gatewayA,d708670db0b5,66.88799038921111,17.333499005964214,-23.11200961078889,-32.666500994035786,15,16,15,1.9642938346465424,1.921558882002105,92.53240863732839,81.14330309886016
90,51,Proposed fairness greedy (lambda=1),10,sensor01→gatewayA;sensor02→gatewayC;sensor03→gatewayC;sensor04→gatewayA;sensor05→gatewayA;sensor06→gatewayA;sensor07→gatewayA;sensor08→gatewayA;sensor09→gatewayA;sensor10→gatewayC,d53238027e5c,68.10613204500537,17.333499005964214,-21.893867954994633,-33.666500994035786,15,16,15,1.8926384431292333,1.9803824114138697,92.64450689912206,81.14330309886016
90,51,Multi-cover greedy,10,sensor01→gatewayA;sensor02→gatewayC;sensor03→gatewayC;sensor04→gatewayA;sensor05→gatewayA;sensor06→gatewayA;sensor07→gatewayA;sensor08→gatewayA;sensor09→gatewayA;sensor10→gatewayA,d708670db0b5,66.88799038921111,17.333499005964214,-23.11200961078889,-33.666500994035786,15,16,15,1.9642938346465424,1.9803824114138697,92.53240863732839,81.14330309886016
90,52,Proposed fairness greedy (lambda=1),10,sensor01→gatewayA;sensor02→gatewayC;sensor03→gatewayC;sensor04→gatewayA;sensor05→gatewayA;sensor06→gatewayA;sensor07→gatewayA;sensor08→gatewayA;sensor09→gatewayA;sensor10→gatewayC,d53238027e5c,68.10613204500537,17.333499005964214,-21.893867954994633,-34.666500994035786,15,16,15,1.8926384431292333,2.0392059408256347,92.64450689912206,81.14330309886016
90,52,Multi-cover greedy,10,sensor01→gatewayA;sensor02→gatewayC;sensor03→gatewayC;sensor04→gatewayA;sensor05→gatewayA;sensor06→gatewayA;sensor07→gatewayA;sensor08→gatewayA;sensor09→gatewayA;sensor10→gatewayA,d708670db0b5,66.88799038921111,17.333499005964214,-23.11200961078889,-34.666500994035786,15,16,15,1.9642938346465424,2.0392059408256347,92.53240863732839,81.14330309886016
90,53,Proposed fairness greedy (lambda=1),10,sensor01→gatewayA;sensor02→gatewayC;sensor03→gatewayC;sensor04→gatewayA;sensor05→gatewayA;sensor06→gatewayA;sensor07→gatewayA;sensor08→gatewayA;sensor09→gatewayA;sensor10→gatewayC,d53238027e5c,68.10613204500537,17.333499005964214,-21.893867954994633,-35.666500994035786,15,15,15,1.8926384431292333,2.153025534191361,92.64450689912206,81.14330309886016
90,53,Multi-cover greedy,10,sensor01→gatewayA;sensor02→gatewayC;sensor03→gatewayC;sensor04→gatewayA;sensor05→gatewayA;sensor06→gatewayA;sensor07→gatewayA;sensor08→gatewayA;sensor09→gatewayA;sensor10→gatewayA,d708670db0b5,66.88799038921111,17.333499005964214,-23.11200961078889,-35.666500994035786,15,15,15,1.9642938346465424,2.153025534191361,92.53240863732839,81.14330309886016
90,54,Proposed fairness greedy (lambda=1),10,sensor01→gatewayA;sensor02→gatewayC;sensor03→gatewayC;sensor04→gatewayA;sensor05→gatewayA;sensor06→gatewayA;sensor07→gatewayA;sensor08→gatewayA;sensor09→gatewayA;sensor10→gatewayC,d53238027e5c,68.10613204500537,17.333499005964214,-21.893867954994633,-36.666500994035786,15,15,15,1.8926384431292333,2.2706725930148903,92.64450689912206,81.14330309886016
90,54,Multi-cover greedy,10,sensor01→gatewayA;sensor02→gatewayC;sensor03→gatewayC;sensor04→gatewayA;sensor05→gatewayA;sensor06→gatewayA;sensor07→gatewayA;sensor08→gatewayA;sensor09→gatewayA;sensor10→gatewayA,d708670db0b5,66.88799038921111,17.333499005964214,-23.11200961078889,-36.666500994035786,15,15,15,1.9642938346465424,2.2706725930148903,92.53240863732839,81.14330309886016
90,55,Proposed fairness greedy (lambda=1),10,sensor01→gatewayA;sensor02→gatewayC;sensor03→gatewayC;sensor04→gatewayA;sensor05→gatewayA;sensor06→gatewayA;sensor07→gatewayA;sensor08→gatewayA;sensor09→gatewayA;sensor10→gatewayC,d53238027e5c,68.10613204500537,17.333499005964214,-21.893867954994633,-37.666500994035786,15,15,15,1.8926384431292333,2.3883196518384198,92.64450689912206,81.14330309886016
90,55,Multi-cover greedy,10,sensor01→gatewayA;sensor02→gatewayC;sensor03→gatewayC;sensor04→gatewayA;sensor05→gatewayA;sensor06→gatewayA;sensor07→gatewayA;sensor08→gatewayA;sensor09→gatewayA;sensor10→gatewayA,d708670db0b5,66.88799038921111,17.333499005964214,-23.11200961078889,-37.666500994035786,15,15,15,1.9642938346465424,2.3883196518384198,92.53240863732839,81.14330309886016
90,56,Proposed fairness greedy (lambda=1),10,sensor01→gatewayA;sensor02→gatewayC;sensor03→gatewayC;sensor04→gatewayA;sensor05→gatewayA;sensor06→gatewayA;sensor07→gatewayA;sensor08→gatewayA;sensor09→gatewayA;sensor10→gatewayC,d53238027e5c,68.10613204500537,17.333499005964214,-21.893867954994633,-38.666500994035786,15,15,15,1.8926384431292333,2.505966710661949,92.64450689912206,81.14330309886016
90,56,Multi-cover greedy,10,sensor01→gatewayA;sensor02→gatewayC;sensor03→gatewayC;sensor04→gatewayA;sensor05→gatewayA;sensor06→gatewayA;sensor07→gatewayA;sensor08→gatewayA;sensor09→gatewayA;sensor10→gatewayA,d708670db0b5,66.88799038921111,17.333499005964214,-23.11200961078889,-38.666500994035786,15,15,15,1.9642938346465424,2.505966710661949,92.53240863732839,81.14330309886016
90,57,Proposed fairness greedy (lambda=1),10,sensor01→gatewayA;sensor02→gatewayC;sensor03→gatewayC;sensor04→gatewayA;sensor05→gatewayA;sensor06→gatewayA;sensor07→gatewayA;sensor08→gatewayA;sensor09→gatewayA;sensor10→gatewayC,d53238027e5c,68.10613204500537,17.333499005964214,-21.893867954994633,-39.666500994035786,15,15,15,1.8926384431292333,2.6236137694854786,92.64450689912206,81.14330309886016
90,57,Multi-cover greedy,10,sensor01→gatewayA;sensor02→gatewayC;sensor03→gatewayC;sensor04→gatewayA;sensor05→gatewayA;sensor06→gatewayA;sensor07→gatewayA;sensor08→gatewayA;sensor09→gatewayA;sensor10→gatewayA,d708670db0b5,66.88799038921111,17.333499005964214,-23.11200961078889,-39.666500994035786,15,15,15,1.9642938346465424,2.6236137694854786,92.53240863732839,81.14330309886016
90,58,Proposed fairness greedy (lambda=1),10,sensor01→gatewayA;sensor02→gatewayC;sensor03→gatewayC;sensor04→gatewayA;sensor05→gatewayA;sensor06→gatewayA;sensor07→gatewayA;sensor08→gatewayA;sensor09→gatewayA;sensor10→gatewayC,d53238027e5c,68.10613204500537,17.333499005964214,-21.893867954994633,-40.666500994035786,15,15,15,1.8926384431292333,2.741260828309008,92.64450689912206,81.14330309886016
90,58,Multi-cover greedy,10,sensor01→gatewayA;sensor02→gatewayC;sensor03→gatewayC;sensor04→gatewayA;sensor05→gatewayA;sensor06→gatewayA;sensor07→gatewayA;sensor08→gatewayA;sensor09→gatewayA;sensor10→gatewayA,d708670db0b5,66.88799038921111,17.333499005964214,-23.11200961078889,-40.666500994035786,15,15,15,1.9642938346465424,2.741260828309008,92.53240863732839,81.14330309886016
90,59,Proposed fairness greedy (lambda=1),10,sensor01→gatewayA;sensor02→gatewayC;sensor03→gatewayC;sensor04→gatewayA;sensor05→gatewayA;sensor06→gatewayA;sensor07→gatewayA;sensor08→gatewayA;sensor09→gatewayA;sensor10→gatewayC,d53238027e5c,68.10613204500537,17.333499005964214,-21.893867954994633,-41.666500994035786,15,15,15,1.8926384431292333,2.8589078871325375,92.64450689912206,81.14330309886016
90,59,Multi-cover greedy,10,sensor01→gatewayA;sensor02→gatewayC;sensor03→gatewayC;sensor04→gatewayA;sensor05→gatewayA;sensor06→gatewayA;sensor07→gatewayA;sensor08→gatewayA;sensor09→gatewayA;sensor10→gatewayA,d708670db0b5,66.88799038921111,17.333499005964214,-23.11200961078889,-41.666500994035786,15,15,15,1.9642938346465424,2.8589078871325375,92.53240863732839,81.14330309886016
90,60,Proposed fairness greedy (lambda=1),10,sensor01→gatewayA;sensor02→gatewayC;sensor03→gatewayC;sensor04→gatewayA;sensor05→gatewayA;sensor06→gatewayA;sensor07→gatewayA;sensor08→gatewayA;sensor09→gatewayA;sensor10→gatewayC,d53238027e5c,68.10613204500537,17.333499005964214,-21.893867954994633,-42.666500994035786,15,15,15,1.8926384431292333,2.976554945956067,92.64450689912206,81.14330309886016
90,60,Multi-cover greedy,10,sensor01→gatewayA;sensor02→gatewayC;sensor03→gatewayC;sensor04→gatewayA;sensor05→gatewayA;sensor06→gatewayA;sensor07→gatewayA;sensor08→gatewayA;sensor09→gatewayA;sensor10→gatewayA,d708670db0b5,66.88799038921111,17.333499005964214,-23.11200961078889,-42.666500994035786,15,15,15,1.9642938346465424,2.976554945956067,92.53240863732839,81.14330309886016
90,61,Proposed fairness greedy (lambda=1),10,sensor01→gatewayA;sensor02→gatewayC;sensor03→gatewayC;sensor04→gatewayA;sensor05→gatewayA;sensor06→gatewayA;sensor07→gatewayA;sensor08→gatewayA;sensor09→gatewayA;sensor10→gatewayC,d53238027e5c,68.10613204500537,17.333499005964214,-21.893867954994633,-43.666500994035786,15,15,15,1.8926384431292333,3.0942020047795964,92.64450689912206,81.14330309886016
90,61,Multi-cover greedy,10,sensor01→gatewayA;sensor02→gatewayC;sensor03→gatewayC;sensor04→gatewayA;sensor05→gatewayA;sensor06→gatewayA;sensor07→gatewayA;sensor08→gatewayA;sensor09→gatewayA;sensor10→gatewayA,d708670db0b5,66.88799038921111,17.333499005964214,-23.11200961078889,-43.666500994035786,15,15,15,1.9642938346465424,3.0942020047795964,92.53240863732839,81.14330309886016
90,62,Proposed fairness greedy (lambda=1),10,sensor01→gatewayA;sensor02→gatewayC;sensor03→gatewayC;sensor04→gatewayA;sensor05→gatewayA;sensor06→gatewayA;sensor07→gatewayA;sensor08→gatewayA;sensor09→gatewayA;sensor10→gatewayC,d53238027e5c,68.10613204500537,17.333499005964214,-21.893867954994633,-44.666500994035786,15,15,15,1.8926384431292333,3.211849063603126,92.64450689912206,81.14330309886016
90,62,Multi-cover greedy,10,sensor01→gatewayA;sensor02→gatewayC;sensor03→gatewayC;sensor04→gatewayA;sensor05→gatewayA;sensor06→gatewayA;sensor07→gatewayA;sensor08→gatewayA;sensor09→gatewayA;sensor10→gatewayA,d708670db0b5,66.88799038921111,17.333499005964214,-23.11200961078889,-44.666500994035786,15,15,15,1.9642938346465424,3.211849063603126,92.53240863732839,81.14330309886016
90,63,Proposed fairness greedy (lambda=1),10,sensor01→gatewayA;sensor02→gatewayC;sensor03→gatewayC;sensor04→gatewayA;sensor05→gatewayA;sensor06→gatewayA;sensor07→gatewayA;sensor08→gatewayA;sensor09→gatewayA;sensor10→gatewayC,d53238027e5c,68.10613204500537,17.333499005964214,-21.893867954994633,-45.666500994035786,15,15,15,1.8926384431292333,3.3294961224266553,92.64450689912206,81.14330309886016
90,63,Multi-cover greedy,10,sensor01→gatewayA;sensor02→gatewayC;sensor03→gatewayC;sensor04→gatewayA;sensor05→gatewayA;sensor06→gatewayA;sensor07→gatewayA;sensor08→gatewayA;sensor09→gatewayA;sensor10→gatewayA,d708670db0b5,66.88799038921111,17.333499005964214,-23.11200961078889,-45.666500994035786,15,15,15,1.9642938346465424,3.3294961224266553,92.53240863732839,81.14330309886016
90,64,Proposed fairness greedy (lambda=1),10,sensor01→gatewayA;sensor02→gatewayC;sensor03→gatewayC;sensor04→gatewayA;sensor05→gatewayA;sensor06→gatewayA;sensor07→gatewayA;sensor08→gatewayA;sensor09→gatewayA;sensor10→gatewayC,d53238027e5c,68.10613204500537,17.333499005964214,-21.893867954994633,-46.666500994035786,15,15,15,1.8926384431292333,3.4471431812501847,92.64450689912206,81.14330309886016
90,64,Multi-cover greedy,10,sensor01→gatewayA;sensor02→gatewayC;sensor03→gatewayC;sensor04→gatewayA;sensor05→gatewayA;sensor06→gatewayA;sensor07→gatewayA;sensor08→gatewayA;sensor09→gatewayA;sensor10→gatewayA,d708670db0b5,66.88799038921111,17.333499005964214,-23.11200961078889,-46.666500994035786,15,15,15,1.9642938346465424,3.4471431812501847,92.53240863732839,81.14330309886016
90,65,Proposed fairness greedy (lambda=1),10,sensor01→gatewayA;sensor02→gatewayC;sensor03→gatewayC;sensor04→gatewayA;sensor05→gatewayA;sensor06→gatewayA;sensor07→gatewayA;sensor08→gatewayA;sensor09→gatewayA;sensor10→gatewayC,d53238027e5c,68.10613204500537,17.333499005964214,-21.893867954994633,-47.666500994035786,15,15,15,1.8926384431292333,3.564790240073714,92.64450689912206,81.14330309886016
90,65,Multi-cover greedy,10,sensor01→gatewayA;sensor02→gatewayC;sensor03→gatewayC;sensor04→gatewayA;sensor05→gatewayA;sensor06→gatewayA;sensor07→gatewayA;sensor08→gatewayA;sensor09→gatewayA;sensor10→gatewayA,d708670db0b5,66.88799038921111,17.333499005964214,-23.11200961078889,-47.666500994035786,15,15,15,1.9642938346465424,3.564790240073714,92.53240863732839,81.14330309886016
90,66,Proposed fairness greedy (lambda=1),10,sensor01→gatewayA;sensor02→gatewayC;sensor03→gatewayC;sensor04→gatewayA;sensor05→gatewayA;sensor06→gatewayA;sensor07→gatewayA;sensor08→gatewayA;sensor09→gatewayA;sensor10→gatewayC,d53238027e5c,68.10613204500537,17.333499005964214,-21.893867954994633,-48.666500994035786,15,15,15,1.8926384431292333,3.6824372988972436,92.64450689912206,81.14330309886016
90,66,Multi-cover greedy,10,sensor01→gatewayA;sensor02→gatewayC;sensor03→gatewayC;sensor04→gatewayA;sensor05→gatewayA;sensor06→gatewayA;sensor07→gatewayA;sensor08→gatewayA;sensor09→gatewayA;sensor10→gatewayA,d708670db0b5,66.88799038921111,17.333499005964214,-23.11200961078889,-48.666500994035786,15,15,15,1.9642938346465424,3.6824372988972436,92.53240863732839,81.14330309886016
90,67,Proposed fairness greedy (lambda=1),10,sensor01→gatewayA;sensor02→gatewayC;sensor03→gatewayC;sensor04→gatewayA;sensor05→gatewayA;sensor06→gatewayA;sensor07→gatewayA;sensor08→gatewayA;sensor09→gatewayA;sensor10→gatewayC,d53238027e5c,68.10613204500537,17.333499005964214,-21.893867954994633,-49.666500994035786,15,15,15,1.8926384431292333,3.8000843577207726,92.64450689912206,81.14330309886016
90,67,Multi-cover greedy,10,sensor01→gatewayA;sensor02→gatewayC;sensor03→gatewayC;sensor04→gatewayA;sensor05→gatewayA;sensor06→gatewayA;sensor07→gatewayA;sensor08→gatewayA;sensor09→gatewayA;sensor10→gatewayA,d708670db0b5,66.88799038921111,17.333499005964214,-23.11200961078889,-49.666500994035786,15,15,15,1.9642938346465424,3.8000843577207726,92.53240863732839,81.14330309886016
90,68,Proposed fairness greedy (lambda=1),10,sensor01→gatewayA;sensor02→gatewayC;sensor03→gatewayC;sensor04→gatewayA;sensor05→gatewayA;sensor06→gatewayA;sensor07→gatewayA;sensor08→gatewayA;sensor09→gatewayA;sensor10→gatewayC,d53238027e5c,68.10613204500537,17.333499005964214,-21.893867954994633,-50.666500994035786,15,15,15,1.8926384431292333,3.917731416544302,92.64450689912206,81.14330309886016
90,68,Multi-cover greedy,10,sensor01→gatewayA;sensor02→gatewayC;sensor03→gatewayC;sensor04→gatewayA;sensor05→gatewayA;sensor06→gatewayA;sensor07→gatewayA;sensor08→gatewayA;sensor09→gatewayA;sensor10→gatewayA,d708670db0b5,66.88799038921111,17.333499005964214,-23.11200961078889,-50.666500994035786,15,15,15,1.9642938346465424,3.917731416544302,92.53240863732839,81.14330309886016
90,69,Proposed fairness greedy (lambda=1),10,sensor01→gatewayA;sensor02→gatewayC;sensor03→gatewayC;sensor04→gatewayA;sensor05→gatewayA;sensor06→gatewayA;sensor07→gatewayA;sensor08→gatewayA;sensor09→gatewayA;sensor10→gatewayC,d53238027e5c,68.10613204500537,17.333499005964214,-21.893867954994633,-51.666500994035786,15,15,15,1.8926384431292333,4.035378475367831,92.64450689912206,81.14330309886016
90,69,Multi-cover greedy,10,sensor01→gatewayA;sensor02→gatewayC;sensor03→gatewayC;sensor04→gatewayA;sensor05→gatewayA;sensor06→gatewayA;sensor07→gatewayA;sensor08→gatewayA;sensor09→gatewayA;sensor10→gatewayA,d708670db0b5,66.88799038921111,17.333499005964214,-23.11200961078889,-51.666500994035786,15,15,15,1.9642938346465424,4.035378475367831,92.53240863732839,81.14330309886016
90,70,Proposed fairness greedy (lambda=1),10,sensor01→gatewayA;sensor02→gatewayC;sensor03→gatewayC;sensor04→gatewayA;sensor05→gatewayA;sensor06→gatewayA;sensor07→gatewayA;sensor08→gatewayA;sensor09→gatewayA;sensor10→gatewayC,d53238027e5c,68.10613204500537,17.333499005964214,-21.893867954994633,-52.666500994035786,15,15,15,1.8926384431292333,4.153025534191361,92.64450689912206,81.14330309886016
90,70,Multi-cover greedy,10,sensor01→gatewayA;sensor02→gatewayC;sensor03→gatewayC;sensor04→gatewayA;sensor05→gatewayA;sensor06→gatewayA;sensor07→gatewayA;sensor08→gatewayA;sensor09→gatewayA;sensor10→gatewayA,d708670db0b5,66.88799038921111,17.333499005964214,-23.11200961078889,-52.666500994035786,15,15,15,1.9642938346465424,4.153025534191361,92.53240863732839,81.14330309886016
90,71,Proposed fairness greedy (lambda=1),10,sensor01→gatewayA;sensor02→gatewayC;sensor03→gatewayC;sensor04→gatewayA;sensor05→gatewayA;sensor06→gatewayA;sensor07→gatewayA;sensor08→gatewayA;sensor09→gatewayA;sensor10→gatewayC,d53238027e5c,68.10613204500537,17.333499005964214,-21.893867954994633,-53.666500994035786,15,15,15,1.8926384431292333,4.27067259301489,92.64450689912206,81.14330309886016
90,71,Multi-cover greedy,10,sensor01→gatewayA;sensor02→gatewayC;sensor03→gatewayC;sensor04→gatewayA;sensor05→gatewayA;sensor06→gatewayA;sensor07→gatewayA;sensor08→gatewayA;sensor09→gatewayA;sensor10→gatewayA,d708670db0b5,66.88799038921111,17.333499005964214,-23.11200961078889,-53.666500994035786,15,15,15,1.9642938346465424,4.27067259301489,92.53240863732839,81.14330309886016
90,72,Proposed fairness greedy (lambda=1),10,sensor01→gatewayA;sensor02→gatewayC;sensor03→gatewayC;sensor04→gatewayA;sensor05→gatewayA;sensor06→gatewayA;sensor07→gatewayA;sensor08→gatewayA;sensor09→gatewayA;sensor10→gatewayC,d53238027e5c,68.10613204500537,17.333499005964214,-21.893867954994633,-54.666500994035786,15,15,15,1.8926384431292333,4.38831965183842,92.64450689912206,81.14330309886016
90,72,Multi-cover greedy,10,sensor01→gatewayA;sensor02→gatewayC;sensor03→gatewayC;sensor04→gatewayA;sensor05→gatewayA;sensor06→gatewayA;sensor07→gatewayA;sensor08→gatewayA;sensor09→gatewayA;sensor10→gatewayA,d708670db0b5,66.88799038921111,17.333499005964214,-23.11200961078889,-54.666500994035786,15,15,15,1.9642938346465424,4.38831965183842,92.53240863732839,81.14330309886016
90,73,Proposed fairness greedy (lambda=1),10,sensor01→gatewayA;sensor02→gatewayC;sensor03→gatewayC;sensor04→gatewayA;sensor05→gatewayA;sensor06→gatewayA;sensor07→gatewayA;sensor08→gatewayA;sensor09→gatewayA;sensor10→gatewayC,d53238027e5c,68.10613204500537,17.333499005964214,-21.893867954994633,-55.666500994035786,15,15,15,1.8926384431292333,4.505966710661949,92.64450689912206,81.14330309886016
90,73,Multi-cover greedy,10,sensor01→gatewayA;sensor02→gatewayC;sensor03→gatewayC;sensor04→gatewayA;sensor05→gatewayA;sensor06→gatewayA;sensor07→gatewayA;sensor08→gatewayA;sensor09→gatewayA;sensor10→gatewayA,d708670db0b5,66.88799038921111,17.333499005964214,-23.11200961078889,-55.666500994035786,15,15,15,1.9642938346465424,4.505966710661949,92.53240863732839,81.14330309886016
90,74,Proposed fairness greedy (lambda=1),10,sensor01→gatewayA;sensor02→gatewayC;sensor03→gatewayC;sensor04→gatewayA;sensor05→gatewayA;sensor06→gatewayA;sensor07→gatewayA;sensor08→gatewayA;sensor09→gatewayA;sensor10→gatewayC,d53238027e5c,68.10613204500537,17.333499005964214,-21.893867954994633,-56.666500994035786,15,15,15,1.8926384431292333,4.623613769485479,92.64450689912206,81.14330309886016
90,74,Multi-cover greedy,10,sensor01→gatewayA;sensor02→gatewayC;sensor03→gatewayC;sensor04→gatewayA;sensor05→gatewayA;sensor06→gatewayA;sensor07→gatewayA;sensor08→gatewayA;sensor09→gatewayA;sensor10→gatewayA,d708670db0b5,66.88799038921111,17.333499005964214,-23.11200961078889,-56.666500994035786,15,15,15,1.9642938346465424,4.623613769485479,92.53240863732839,81.14330309886016
90,75,Proposed fairness greedy (lambda=1),10,sensor01→gatewayA;sensor02→gatewayC;sensor03→gatewayC;sensor04→gatewayA;sensor05→gatewayA;sensor06→gatewayA;sensor07→gatewayA;sensor08→gatewayA;sensor09→gatewayA;sensor10→gatewayC,d53238027e5c,68.10613204500537,17.333499005964214,-21.893867954994633,-57.666500994035786,15,15,15,1.8926384431292333,4.741260828309008,92.64450689912206,81.14330309886016
90,75,Multi-cover greedy,10,sensor01→gatewayA;sensor02→gatewayC;sensor03→gatewayC;sensor04→gatewayA;sensor05→gatewayA;sensor06→gatewayA;sensor07→gatewayA;sensor08→gatewayA;sensor09→gatewayA;sensor10→gatewayA,d708670db0b5,66.88799038921111,17.333499005964214,-23.11200961078889,-57.666500994035786,15,15,15,1.9642938346465424,4.741260828309008,92.53240863732839,81.14330309886016
90,76,Proposed fairness greedy (lambda=1),10,sensor01→gatewayA;sensor02→gatewayC;sensor03→gatewayC;sensor04→gatewayA;sensor05→gatewayA;sensor06→gatewayA;sensor07→gatewayA;sensor08→gatewayA;sensor09→gatewayA;sensor10→gatewayC,d53238027e5c,68.10613204500537,17.333499005964214,-21.893867954994633,-58.666500994035786,15,15,15,1.8926384431292333,4.8589078871325375,92.64450689912206,81.14330309886016
90,76,Multi-cover greedy,10,sensor01→gatewayA;sensor02→gatewayC;sensor03→gatewayC;sensor04→gatewayA;sensor05→gatewayA;sensor06→gatewayA;sensor07→gatewayA;sensor08→gatewayA;sensor09→gatewayA;sensor10→gatewayA,d708670db0b5,66.88799038921111,17.333499005964214,-23.11200961078889,-58.666500994035786,15,15,15,1.9642938346465424,4.8589078871325375,92.53240863732839,81.14330309886016
90,77,Proposed fairness greedy (lambda=1),10,sensor01→gatewayA;sensor02→gatewayC;sensor03→gatewayC;sensor04→gatewayA;sensor05→gatewayA;sensor06→gatewayA;sensor07→gatewayA;sensor08→gatewayA;sensor09→gatewayA;sensor10→gatewayC,d53238027e5c,68.10613204500537,17.333499005964214,-21.893867954994633,-59.666500994035786,15,15,15,1.8926384431292333,4.9765549459560665,92.64450689912206,81.14330309886016
90,77,Multi-cover greedy,10,sensor01→gatewayA;sensor02→gatewayC;sensor03→gatewayC;sensor04→gatewayA;sensor05→gatewayA;sensor06→gatewayA;sensor07→gatewayA;sensor08→gatewayA;sensor09→gatewayA;sensor10→gatewayA,d708670db0b5,66.88799038921111,17.333499005964214,-23.11200961078889,-59.666500994035786,15,15,15,1.9642938346465424,4.9765549459560665,92.53240863732839,81.14330309886016
90,89,Proposed fairness greedy (lambda=1),12,sensor01→gatewayA;sensor01→gatewayC;sensor02→gatewayC;sensor03→gatewayC;sensor04→gatewayA;sensor04→gatewayC;sensor05→gatewayA;sensor06→gatewayA;sensor07→gatewayA;sensor08→gatewayA;sensor09→gatewayA;sensor10→gatewayC,fba66e5cdf8c,78.5242788678904,17.333499005964214,-11.475721132109598,-71.66650099403579,15,12,12,1.249754343579597,6.64206402885783,95.30868439399289,84.31997339445302
90,89,Multi-cover greedy,12,sensor01→gatewayA;sensor01→gatewayB;sensor02→gatewayC;sensor03→gatewayC;sensor04→gatewayA;sensor04→gatewayC;sensor05→gatewayA;sensor06→gatewayA;sensor07→gatewayA;sensor08→gatewayA;sensor09→gatewayA;sensor10→gatewayC,1857c34ccaa1,74.07283014480772,17.333499005964214,-15.927169855192275,-71.66650099403579,15,8,8,1.5188042108672741,7.0949621683777915,94.15400091545355,82.67847276683732
90,91,Proposed fairness greedy (lambda=1),14,sensor01→gatewayA;sensor01→gatewayC;sensor02→gatewayC;sensor03→gatewayC;sensor04→gatewayA;sensor04→gatewayC;sensor05→gatewayA;sensor06→gatewayA;sensor07→gatewayA;sensor07→gatewayC;sensor08→gatewayA;sensor08→gatewayB;sensor09→gatewayA;sensor10→gatewayC,ba7836f47dfe,81.05742110584855,17.333499005964214,-8.942578894151453,-73.66650099403579,15,14,14,0.6626352162563871,6.483755642410328,97.23834709357982,89.23134868455652
90,91,Multi-cover greedy,14,sensor01→gatewayA;sensor01→gatewayC;sensor02→gatewayC;sensor03→gatewayC;sensor04→gatewayA;sensor04→gatewayC;sensor05→gatewayA;sensor06→gatewayA;sensor07→gatewayA;sensor07→gatewayB;sensor08→gatewayA;sensor08→gatewayB;sensor09→gatewayA;sensor10→gatewayC,7d0409742162,80.99223032302699,17.333499005964214,-9.007769676973012,-73.66650099403579,15,11,11,0.8794604903747825,7.005931362090352,96.43474975762871,86.58389421375502
90,92,Proposed fairness greedy (lambda=1),14,sensor01→gatewayA;sensor01→gatewayC;sensor02→gatewayC;sensor03→gatewayC;sensor04→gatewayA;sensor04→gatewayC;sensor05→gatewayA;sensor06→gatewayA;sensor07→gatewayA;sensor07→gatewayC;sensor08→gatewayA;sensor08→gatewayB;sensor09→gatewayA;sensor10→gatewayC,ba7836f47dfe,81.05742110584855,17.333499005964214,-8.942578894151453,-74.66650099403579,15,14,14,0.6626352162563871,6.660226230645622,97.23834709357982,89.23134868455652
90,92,Multi-cover greedy,14,sensor01→gatewayA;sensor01→gatewayC;sensor02→gatewayC;sensor03→gatewayC;sensor04→gatewayA;sensor04→gatewayC;sensor05→gatewayA;sensor06→gatewayA;sensor07→gatewayA;sensor07→gatewayB;sensor08→gatewayA;sensor08→gatewayB;sensor09→gatewayA;sensor10→gatewayC,7d0409742162,80.99223032302699,17.333499005964214,-9.007769676973012,-74.66650099403579,15,10,10,0.8794604903747825,7.417269307087821,96.43474975762871,86.58389421375502
90,95,Proposed fairness greedy (lambda=1),17,sensor01→gatewayA;sensor01→gatewayC;sensor02→gatewayA;sensor02→gatewayC;sensor03→gatewayA;sensor03→gatewayC;sensor04→gatewayA;sensor04→gatewayC;sensor05→gatewayA;sensor05→gatewayC;sensor06→gatewayA;sensor07→gatewayA;sensor07→gatewayC;sensor08→gatewayA;sensor08→gatewayB;sensor09→gatewayA;sensor10→gatewayC,126ff9a6f407,92.6020177489569,60.10386612810156,2.6020177489568965,-34.89613387189844,17,15,15,0.0,2.0666735145595405,99.1281265199174,94.76426136423231
90,95,Multi-cover greedy,17,sensor01→gatewayA;sensor01→gatewayC;sensor02→gatewayA;sensor02→gatewayC;sensor03→gatewayA;sensor03→gatewayC;sensor04→gatewayA;sensor04→gatewayC;sensor05→gatewayA;sensor05→gatewayB;sensor06→gatewayA;sensor07→gatewayA;sensor07→gatewayC;sensor08→gatewayA;sensor08→gatewayB;sensor09→gatewayA;sensor10→gatewayC,4deb1457865a,88.66211101494581,60.10386612810156,-1.3378889850541924,-34.89613387189844,16,15,15,0.07869935206201131,2.0666735145595405,98.62758524078373,94.41404901090611
91,50,Proposed fairness greedy (lambda=1),10,sensor01→gatewayA;sensor02→gatewayC;sensor03→gatewayC;sensor04→gatewayA;sensor05→gatewayA;sensor06→gatewayA;sensor07→gatewayA;sensor08→gatewayA;sensor09→gatewayA;sensor10→gatewayC,d53238027e5c,68.10613204500537,17.333499005964214,-22.893867954994633,-32.666500994035786,15,16,15,2.0102855019527626,1.921558882002105,92.64450689912206,81.14330309886016
91,50,Multi-cover greedy,10,sensor01→gatewayA;sensor02→gatewayC;sensor03→gatewayC;sensor04→gatewayA;sensor05→gatewayA;sensor06→gatewayA;sensor07→gatewayA;sensor08→gatewayA;sensor09→gatewayA;sensor10→gatewayA,d708670db0b5,66.88799038921111,17.333499005964214,-24.11200961078889,-32.666500994035786,15,16,15,2.081940893470072,1.921558882002105,92.53240863732839,81.14330309886016
91,51,Proposed fairness greedy (lambda=1),10,sensor01→gatewayA;sensor02→gatewayC;sensor03→gatewayC;sensor04→gatewayA;sensor05→gatewayA;sensor06→gatewayA;sensor07→gatewayA;sensor08→gatewayA;sensor09→gatewayA;sensor10→gatewayC,d53238027e5c,68.10613204500537,17.333499005964214,-22.893867954994633,-33.666500994035786,15,16,15,2.0102855019527626,1.9803824114138697,92.64450689912206,81.14330309886016
91,51,Multi-cover greedy,10,sensor01→gatewayA;sensor02→gatewayC;sensor03→gatewayC;sensor04→gatewayA;sensor05→gatewayA;sensor06→gatewayA;sensor07→gatewayA;sensor08→gatewayA;sensor09→gatewayA;sensor10→gatewayA,d708670db0b5,66.88799038921111,17.333499005964214,-24.11200961078889,-33.666500994035786,15,16,15,2.081940893470072,1.9803824114138697,92.53240863732839,81.14330309886016
91,52,Proposed fairness greedy (lambda=1),10,sensor01→gatewayA;sensor02→gatewayC;sensor03→gatewayC;sensor04→gatewayA;sensor05→gatewayA;sensor06→gatewayA;sensor07→gatewayA;sensor08→gatewayA;sensor09→gatewayA;sensor10→gatewayC,d53238027e5c,68.10613204500537,17.333499005964214,-22.893867954994633,-34.666500994035786,15,16,15,2.0102855019527626,2.0392059408256347,92.64450689912206,81.14330309886016
91,52,Multi-cover greedy,10,sensor01→gatewayA;sensor02→gatewayC;sensor03→gatewayC;sensor04→gatewayA;sensor05→gatewayA;sensor06→gatewayA;sensor07→gatewayA;sensor08→gatewayA;sensor09→gatewayA;sensor10→gatewayA,d708670db0b5,66.88799038921111,17.333499005964214,-24.11200961078889,-34.666500994035786,15,16,15,2.081940893470072,2.0392059408256347,92.53240863732839,81.14330309886016
91,53,Proposed fairness greedy (lambda=1),10,sensor01→gatewayA;sensor02→gatewayC;sensor03→gatewayC;sensor04→gatewayA;sensor05→gatewayA;sensor06→gatewayA;sensor07→gatewayA;sensor08→gatewayA;sensor09→gatewayA;sensor10→gatewayC,d53238027e5c,68.10613204500537,17.333499005964214,-22.893867954994633,-35.666500994035786,15,15,15,2.0102855019527626,2.153025534191361,92.64450689912206,81.14330309886016
91,53,Multi-cover greedy,10,sensor01→gatewayA;sensor02→gatewayC;sensor03→gatewayC;sensor04→gatewayA;sensor05→gatewayA;sensor06→gatewayA;sensor07→gatewayA;sensor08→gatewayA;sensor09→gatewayA;sensor10→gatewayA,d708670db0b5,66.88799038921111,17.333499005964214,-24.11200961078889,-35.666500994035786,15,15,15,2.081940893470072,2.153025534191361,92.53240863732839,81.14330309886016
91,54,Proposed fairness greedy (lambda=1),10,sensor01→gatewayA;sensor02→gatewayC;sensor03→gatewayC;sensor04→gatewayA;sensor05→gatewayA;sensor06→gatewayA;sensor07→gatewayA;sensor08→gatewayA;sensor09→gatewayA;sensor10→gatewayC,d53238027e5c,68.10613204500537,17.333499005964214,-22.893867954994633,-36.666500994035786,15,15,15,2.0102855019527626,2.2706725930148903,92.64450689912206,81.14330309886016
91,54,Multi-cover greedy,10,sensor01→gatewayA;sensor02→gatewayC;sensor03→gatewayC;sensor04→gatewayA;sensor05→gatewayA;sensor06→gatewayA;sensor07→gatewayA;sensor08→gatewayA;sensor09→gatewayA;sensor10→gatewayA,d708670db0b5,66.88799038921111,17.333499005964214,-24.11200961078889,-36.666500994035786,15,15,15,2.081940893470072,2.2706725930148903,92.53240863732839,81.14330309886016
91,55,Proposed fairness greedy (lambda=1),10,sensor01→gatewayA;sensor02→gatewayC;sensor03→gatewayC;sensor04→gatewayA;sensor05→gatewayA;sensor06→gatewayA;sensor07→gatewayA;sensor08→gatewayA;sensor09→gatewayA;sensor10→gatewayC,d53238027e5c,68.10613204500537,17.333499005964214,-22.893867954994633,-37.666500994035786,15,15,15,2.0102855019527626,2.3883196518384198,92.64450689912206,81.14330309886016
91,55,Multi-cover greedy,10,sensor01→gatewayA;sensor02→gatewayC;sensor03→gatewayC;sensor04→gatewayA;sensor05→gatewayA;sensor06→gatewayA;sensor07→gatewayA;sensor08→gatewayA;sensor09→gatewayA;sensor10→gatewayA,d708670db0b5,66.88799038921111,17.333499005964214,-24.11200961078889,-37.666500994035786,15,15,15,2.081940893470072,2.3883196518384198,92.53240863732839,81.14330309886016
91,56,Proposed fairness greedy (lambda=1),10,sensor01→gatewayA;sensor02→gatewayC;sensor03→gatewayC;sensor04→gatewayA;sensor05→gatewayA;sensor06→gatewayA;sensor07→gatewayA;sensor08→gatewayA;sensor09→gatewayA;sensor10→gatewayC,d53238027e5c,68.10613204500537,17.333499005964214,-22.893867954994633,-38.666500994035786,15,15,15,2.0102855019527626,2.505966710661949,92.64450689912206,81.14330309886016
91,56,Multi-cover greedy,10,sensor01→gatewayA;sensor02→gatewayC;sensor03→gatewayC;sensor04→gatewayA;sensor05→gatewayA;sensor06→gatewayA;sensor07→gatewayA;sensor08→gatewayA;sensor09→gatewayA;sensor10→gatewayA,d708670db0b5,66.88799038921111,17.333499005964214,-24.11200961078889,-38.666500994035786,15,15,15,2.081940893470072,2.505966710661949,92.53240863732839,81.14330309886016
91,57,Proposed fairness greedy (lambda=1),10,sensor01→gatewayA;sensor02→gatewayC;sensor03→gatewayC;sensor04→gatewayA;sensor05→gatewayA;sensor06→gatewayA;sensor07→gatewayA;sensor08→gatewayA;sensor09→gatewayA;sensor10→gatewayC,d53238027e5c,68.10613204500537,17.333499005964214,-22.893867954994633,-39.666500994035786,15,15,15,2.0102855019527626,2.6236137694854786,92.64450689912206,81.14330309886016
91,57,Multi-cover greedy,10,sensor01→gatewayA;sensor02→gatewayC;sensor03→gatewayC;sensor04→gatewayA;sensor05→gatewayA;sensor06→gatewayA;sensor07→gatewayA;sensor08→gatewayA;sensor09→gatewayA;sensor10→gatewayA,d708670db0b5,66.88799038921111,17.333499005964214,-24.11200961078889,-39.666500994035786,15,15,15,2.081940893470072,2.6236137694854786,92.53240863732839,81.14330309886016
91,58,Proposed fairness greedy (lambda=1),10,sensor01→gatewayA;sensor02→gatewayC;sensor03→gatewayC;sensor04→gatewayA;sensor05→gatewayA;sensor06→gatewayA;sensor07→gatewayA;sensor08→gatewayA;sensor09→gatewayA;sensor10→gatewayC,d53238027e5c,68.10613204500537,17.333499005964214,-22.893867954994633,-40.666500994035786,15,15,15,2.0102855019527626,2.741260828309008,92.64450689912206,81.14330309886016
91,58,Multi-cover greedy,10,sensor01→gatewayA;sensor02→gatewayC;sensor03→gatewayC;sensor04→gatewayA;sensor05→gatewayA;sensor06→gatewayA;sensor07→gatewayA;sensor08→gatewayA;sensor09→gatewayA;sensor10→gatewayA,d708670db0b5,66.88799038921111,17.333499005964214,-24.11200961078889,-40.666500994035786,15,15,15,2.081940893470072,2.741260828309008,92.53240863732839,81.14330309886016
91,59,Proposed fairness greedy (lambda=1),10,sensor01→gatewayA;sensor02→gatewayC;sensor03→gatewayC;sensor04→gatewayA;sensor05→gatewayA;sensor06→gatewayA;sensor07→gatewayA;sensor08→gatewayA;sensor09→gatewayA;sensor10→gatewayC,d53238027e5c,68.10613204500537,17.333499005964214,-22.893867954994633,-41.666500994035786,15,15,15,2.0102855019527626,2.8589078871325375,92.64450689912206,81.14330309886016
91,59,Multi-cover greedy,10,sensor01→gatewayA;sensor02→gatewayC;sensor03→gatewayC;sensor04→gatewayA;sensor05→gatewayA;sensor06→gatewayA;sensor07→gatewayA;sensor08→gatewayA;sensor09→gatewayA;sensor10→gatewayA,d708670db0b5,66.88799038921111,17.333499005964214,-24.11200961078889,-41.666500994035786,15,15,15,2.081940893470072,2.8589078871325375,92.53240863732839,81.14330309886016
91,60,Proposed fairness greedy (lambda=1),10,sensor01→gatewayA;sensor02→gatewayC;sensor03→gatewayC;sensor04→gatewayA;sensor05→gatewayA;sensor06→gatewayA;sensor07→gatewayA;sensor08→gatewayA;sensor09→gatewayA;sensor10→gatewayC,d53238027e5c,68.10613204500537,17.333499005964214,-22.893867954994633,-42.666500994035786,15,15,15,2.0102855019527626,2.976554945956067,92.64450689912206,81.14330309886016
91,60,Multi-cover greedy,10,sensor01→gatewayA;sensor02→gatewayC;sensor03→gatewayC;sensor04→gatewayA;sensor05→gatewayA;sensor06→gatewayA;sensor07→gatewayA;sensor08→gatewayA;sensor09→gatewayA;sensor10→gatewayA,d708670db0b5,66.88799038921111,17.333499005964214,-24.11200961078889,-42.666500994035786,15,15,15,2.081940893470072,2.976554945956067,92.53240863732839,81.14330309886016
91,61,Proposed fairness greedy (lambda=1),10,sensor01→gatewayA;sensor02→gatewayC;sensor03→gatewayC;sensor04→gatewayA;sensor05→gatewayA;sensor06→gatewayA;sensor07→gatewayA;sensor08→gatewayA;sensor09→gatewayA;sensor10→gatewayC,d53238027e5c,68.10613204500537,17.333499005964214,-22.893867954994633,-43.666500994035786,15,15,15,2.0102855019527626,3.0942020047795964,92.64450689912206,81.14330309886016
91,61,Multi-cover greedy,10,sensor01→gatewayA;sensor02→gatewayC;sensor03→gatewayC;sensor04→gatewayA;sensor05→gatewayA;sensor06→gatewayA;sensor07→gatewayA;sensor08→gatewayA;sensor09→gatewayA;sensor10→gatewayA,d708670db0b5,66.88799038921111,17.333499005964214,-24.11200961078889,-43.666500994035786,15,15,15,2.081940893470072,3.0942020047795964,92.53240863732839,81.14330309886016
91,62,Proposed fairness greedy (lambda=1),10,sensor01→gatewayA;sensor02→gatewayC;sensor03→gatewayC;sensor04→gatewayA;sensor05→gatewayA;sensor06→gatewayA;sensor07→gatewayA;sensor08→gatewayA;sensor09→gatewayA;sensor10→gatewayC,d53238027e5c,68.10613204500537,17.333499005964214,-22.893867954994633,-44.666500994035786,15,15,15,2.0102855019527626,3.211849063603126,92.64450689912206,81.14330309886016
91,62,Multi-cover greedy,10,sensor01→gatewayA;sensor02→gatewayC;sensor03→gatewayC;sensor04→gatewayA;sensor05→gatewayA;sensor06→gatewayA;sensor07→gatewayA;sensor08→gatewayA;sensor09→gatewayA;sensor10→gatewayA,d708670db0b5,66.88799038921111,17.333499005964214,-24.11200961078889,-44.666500994035786,15,15,15,2.081940893470072,3.211849063603126,92.53240863732839,81.14330309886016
91,63,Proposed fairness greedy (lambda=1),10,sensor01→gatewayA;sensor02→gatewayC;sensor03→gatewayC;sensor04→gatewayA;sensor05→gatewayA;sensor06→gatewayA;sensor07→gatewayA;sensor08→gatewayA;sensor09→gatewayA;sensor10→gatewayC,d53238027e5c,68.10613204500537,17.333499005964214,-22.893867954994633,-45.666500994035786,15,15,15,2.0102855019527626,3.3294961224266553,92.64450689912206,81.14330309886016
91,63,Multi-cover greedy,10,sensor01→gatewayA;sensor02→gatewayC;sensor03→gatewayC;sensor04→gatewayA;sensor05→gatewayA;sensor06→gatewayA;sensor07→gatewayA;sensor08→gatewayA;sensor09→gatewayA;sensor10→gatewayA,d708670db0b5,66.88799038921111,17.333499005964214,-24.11200961078889,-45.666500994035786,15,15,15,2.081940893470072,3.3294961224266553,92.53240863732839,81.14330309886016
91,64,Proposed fairness greedy (lambda=1),10,sensor01→gatewayA;sensor02→gatewayC;sensor03→gatewayC;sensor04→gatewayA;sensor05→gatewayA;sensor06→gatewayA;sensor07→gatewayA;sensor08→gatewayA;sensor09→gatewayA;sensor10→gatewayC,d53238027e5c,68.10613204500537,17.333499005964214,-22.893867954994633,-46.666500994035786,15,15,15,2.0102855019527626,3.4471431812501847,92.64450689912206,81.14330309886016
91,64,Multi-cover greedy,10,sensor01→gatewayA;sensor02→gatewayC;sensor03→gatewayC;sensor04→gatewayA;sensor05→gatewayA;sensor06→gatewayA;sensor07→gatewayA;sensor08→gatewayA;sensor09→gatewayA;sensor10→gatewayA,d708670db0b5,66.88799038921111,17.333499005964214,-24.11200961078889,-46.666500994035786,15,15,15,2.081940893470072,3.4471431812501847,92.53240863732839,81.14330309886016
91,65,Proposed fairness greedy (lambda=1),10,sensor01→gatewayA;sensor02→gatewayC;sensor03→gatewayC;sensor04→gatewayA;sensor05→gatewayA;sensor06→gatewayA;sensor07→gatewayA;sensor08→gatewayA;sensor09→gatewayA;sensor10→gatewayC,d53238027e5c,68.10613204500537,17.333499005964214,-22.893867954994633,-47.666500994035786,15,15,15,2.0102855019527626,3.564790240073714,92.64450689912206,81.14330309886016
91,65,Multi-cover greedy,10,sensor01→gatewayA;sensor02→gatewayC;sensor03→gatewayC;sensor04→gatewayA;sensor05→gatewayA;sensor06→gatewayA;sensor07→gatewayA;sensor08→gatewayA;sensor09→gatewayA;sensor10→gatewayA,d708670db0b5,66.88799038921111,17.333499005964214,-24.11200961078889,-47.666500994035786,15,15,15,2.081940893470072,3.564790240073714,92.53240863732839,81.14330309886016
91,66,Proposed fairness greedy (lambda=1),10,sensor01→gatewayA;sensor02→gatewayC;sensor03→gatewayC;sensor04→gatewayA;sensor05→gatewayA;sensor06→gatewayA;sensor07→gatewayA;sensor08→gatewayA;sensor09→gatewayA;sensor10→gatewayC,d53238027e5c,68.10613204500537,17.333499005964214,-22.893867954994633,-48.666500994035786,15,15,15,2.0102855019527626,3.6824372988972436,92.64450689912206,81.14330309886016
91,66,Multi-cover greedy,10,sensor01→gatewayA;sensor02→gatewayC;sensor03→gatewayC;sensor04→gatewayA;sensor05→gatewayA;sensor06→gatewayA;sensor07→gatewayA;sensor08→gatewayA;sensor09→gatewayA;sensor10→gatewayA,d708670db0b5,66.88799038921111,17.333499005964214,-24.11200961078889,-48.666500994035786,15,15,15,2.081940893470072,3.6824372988972436,92.53240863732839,81.14330309886016
91,67,Proposed fairness greedy (lambda=1),10,sensor01→gatewayA;sensor02→gatewayC;sensor03→gatewayC;sensor04→gatewayA;sensor05→gatewayA;sensor06→gatewayA;sensor07→gatewayA;sensor08→gatewayA;sensor09→gatewayA;sensor10→gatewayC,d53238027e5c,68.10613204500537,17.333499005964214,-22.893867954994633,-49.666500994035786,15,15,15,2.0102855019527626,3.8000843577207726,92.64450689912206,81.14330309886016
91,67,Multi-cover greedy,10,sensor01→gatewayA;sensor02→gatewayC;sensor03→gatewayC;sensor04→gatewayA;sensor05→gatewayA;sensor06→gatewayA;sensor07→gatewayA;sensor08→gatewayA;sensor09→gatewayA;sensor10→gatewayA,d708670db0b5,66.88799038921111,17.333499005964214,-24.11200961078889,-49.666500994035786,15,15,15,2.081940893470072,3.8000843577207726,92.53240863732839,81.14330309886016
91,68,Proposed fairness greedy (lambda=1),10,sensor01→gatewayA;sensor02→gatewayC;sensor03→gatewayC;sensor04→gatewayA;sensor05→gatewayA;sensor06→gatewayA;sensor07→gatewayA;sensor08→gatewayA;sensor09→gatewayA;sensor10→gatewayC,d53238027e5c,68.10613204500537,17.333499005964214,-22.893867954994633,-50.666500994035786,15,15,15,2.0102855019527626,3.917731416544302,92.64450689912206,81.14330309886016
91,68,Multi-cover greedy,10,sensor01→gatewayA;sensor02→gatewayC;sensor03→gatewayC;sensor04→gatewayA;sensor05→gatewayA;sensor06→gatewayA;sensor07→gatewayA;sensor08→gatewayA;sensor09→gatewayA;sensor10→gatewayA,d708670db0b5,66.88799038921111,17.333499005964214,-24.11200961078889,-50.666500994035786,15,15,15,2.081940893470072,3.917731416544302,92.53240863732839,81.14330309886016
91,69,Proposed fairness greedy (lambda=1),10,sensor01→gatewayA;sensor02→gatewayC;sensor03→gatewayC;sensor04→gatewayA;sensor05→gatewayA;sensor06→gatewayA;sensor07→gatewayA;sensor08→gatewayA;sensor09→gatewayA;sensor10→gatewayC,d53238027e5c,68.10613204500537,17.333499005964214,-22.893867954994633,-51.666500994035786,15,15,15,2.0102855019527626,4.035378475367831,92.64450689912206,81.14330309886016
91,69,Multi-cover greedy,10,sensor01→gatewayA;sensor02→gatewayC;sensor03→gatewayC;sensor04→gatewayA;sensor05→gatewayA;sensor06→gatewayA;sensor07→gatewayA;sensor08→gatewayA;sensor09→gatewayA;sensor10→gatewayA,d708670db0b5,66.88799038921111,17.333499005964214,-24.11200961078889,-51.666500994035786,15,15,15,2.081940893470072,4.035378475367831,92.53240863732839,81.14330309886016
91,70,Proposed fairness greedy (lambda=1),10,sensor01→gatewayA;sensor02→gatewayC;sensor03→gatewayC;sensor04→gatewayA;sensor05→gatewayA;sensor06→gatewayA;sensor07→gatewayA;sensor08→gatewayA;sensor09→gatewayA;sensor10→gatewayC,d53238027e5c,68.10613204500537,17.333499005964214,-22.893867954994633,-52.666500994035786,15,15,15,2.0102855019527626,4.153025534191361,92.64450689912206,81.14330309886016
91,70,Multi-cover greedy,10,sensor01→gatewayA;sensor02→gatewayC;sensor03→gatewayC;sensor04→gatewayA;sensor05→gatewayA;sensor06→gatewayA;sensor07→gatewayA;sensor08→gatewayA;sensor09→gatewayA;sensor10→gatewayA,d708670db0b5,66.88799038921111,17.333499005964214,-24.11200961078889,-52.666500994035786,15,15,15,2.081940893470072,4.153025534191361,92.53240863732839,81.14330309886016
91,71,Proposed fairness greedy (lambda=1),10,sensor01→gatewayA;sensor02→gatewayC;sensor03→gatewayC;sensor04→gatewayA;sensor05→gatewayA;sensor06→gatewayA;sensor07→gatewayA;sensor08→gatewayA;sensor09→gatewayA;sensor10→gatewayC,d53238027e5c,68.10613204500537,17.333499005964214,-22.893867954994633,-53.666500994035786,15,15,15,2.0102855019527626,4.27067259301489,92.64450689912206,81.14330309886016
91,71,Multi-cover greedy,10,sensor01→gatewayA;sensor02→gatewayC;sensor03→gatewayC;sensor04→gatewayA;sensor05→gatewayA;sensor06→gatewayA;sensor07→gatewayA;sensor08→gatewayA;sensor09→gatewayA;sensor10→gatewayA,d708670db0b5,66.88799038921111,17.333499005964214,-24.11200961078889,-53.666500994035786,15,15,15,2.081940893470072,4.27067259301489,92.53240863732839,81.14330309886016
91,72,Proposed fairness greedy (lambda=1),10,sensor01→gatewayA;sensor02→gatewayC;sensor03→gatewayC;sensor04→gatewayA;sensor05→gatewayA;sensor06→gatewayA;sensor07→gatewayA;sensor08→gatewayA;sensor09→gatewayA;sensor10→gatewayC,d53238027e5c,68.10613204500537,17.333499005964214,-22.893867954994633,-54.666500994035786,15,15,15,2.0102855019527626,4.38831965183842,92.64450689912206,81.14330309886016
91,72,Multi-cover greedy,10,sensor01→gatewayA;sensor02→gatewayC;sensor03→gatewayC;sensor04→gatewayA;sensor05→gatewayA;sensor06→gatewayA;sensor07→gatewayA;sensor08→gatewayA;sensor09→gatewayA;sensor10→gatewayA,d708670db0b5,66.88799038921111,17.333499005964214,-24.11200961078889,-54.666500994035786,15,15,15,2.081940893470072,4.38831965183842,92.53240863732839,81.14330309886016
91,73,Proposed fairness greedy (lambda=1),10,sensor01→gatewayA;sensor02→gatewayC;sensor03→gatewayC;sensor04→gatewayA;sensor05→gatewayA;sensor06→gatewayA;sensor07→gatewayA;sensor08→gatewayA;sensor09→gatewayA;sensor10→gatewayC,d53238027e5c,68.10613204500537,17.333499005964214,-22.893867954994633,-55.666500994035786,15,15,15,2.0102855019527626,4.505966710661949,92.64450689912206,81.14330309886016
91,73,Multi-cover greedy,10,sensor01→gatewayA;sensor02→gatewayC;sensor03→gatewayC;sensor04→gatewayA;sensor05→gatewayA;sensor06→gatewayA;sensor07→gatewayA;sensor08→gatewayA;sensor09→gatewayA;sensor10→gatewayA,d708670db0b5,66.88799038921111,17.333499005964214,-24.11200961078889,-55.666500994035786,15,15,15,2.081940893470072,4.505966710661949,92.53240863732839,81.14330309886016
91,74,Proposed fairness greedy (lambda=1),10,sensor01→gatewayA;sensor02→gatewayC;sensor03→gatewayC;sensor04→gatewayA;sensor05→gatewayA;sensor06→gatewayA;sensor07→gatewayA;sensor08→gatewayA;sensor09→gatewayA;sensor10→gatewayC,d53238027e5c,68.10613204500537,17.333499005964214,-22.893867954994633,-56.666500994035786,15,15,15,2.0102855019527626,4.623613769485479,92.64450689912206,81.14330309886016
91,74,Multi-cover greedy,10,sensor01→gatewayA;sensor02→gatewayC;sensor03→gatewayC;sensor04→gatewayA;sensor05→gatewayA;sensor06→gatewayA;sensor07→gatewayA;sensor08→gatewayA;sensor09→gatewayA;sensor10→gatewayA,d708670db0b5,66.88799038921111,17.333499005964214,-24.11200961078889,-56.666500994035786,15,15,15,2.081940893470072,4.623613769485479,92.53240863732839,81.14330309886016
91,75,Proposed fairness greedy (lambda=1),10,sensor01→gatewayA;sensor02→gatewayC;sensor03→gatewayC;sensor04→gatewayA;sensor05→gatewayA;sensor06→gatewayA;sensor07→gatewayA;sensor08→gatewayA;sensor09→gatewayA;sensor10→gatewayC,d53238027e5c,68.10613204500537,17.333499005964214,-22.893867954994633,-57.666500994035786,15,15,15,2.0102855019527626,4.741260828309008,92.64450689912206,81.14330309886016
91,75,Multi-cover greedy,10,sensor01→gatewayA;sensor02→gatewayC;sensor03→gatewayC;sensor04→gatewayA;sensor05→gatewayA;sensor06→gatewayA;sensor07→gatewayA;sensor08→gatewayA;sensor09→gatewayA;sensor10→gatewayA,d708670db0b5,66.88799038921111,17.333499005964214,-24.11200961078889,-57.666500994035786,15,15,15,2.081940893470072,4.741260828309008,92.53240863732839,81.14330309886016
91,76,Proposed fairness greedy (lambda=1),10,sensor01→gatewayA;sensor02→gatewayC;sensor03→gatewayC;sensor04→gatewayA;sensor05→gatewayA;sensor06→gatewayA;sensor07→gatewayA;sensor08→gatewayA;sensor09→gatewayA;sensor10→gatewayC,d53238027e5c,68.10613204500537,17.333499005964214,-22.893867954994633,-58.666500994035786,15,15,15,2.0102855019527626,4.8589078871325375,92.64450689912206,81.14330309886016
91,76,Multi-cover greedy,10,sensor01→gatewayA;sensor02→gatewayC;sensor03→gatewayC;sensor04→gatewayA;sensor05→gatewayA;sensor06→gatewayA;sensor07→gatewayA;sensor08→gatewayA;sensor09→gatewayA;sensor10→gatewayA,d708670db0b5,66.88799038921111,17.333499005964214,-24.11200961078889,-58.666500994035786,15,15,15,2.081940893470072,4.8589078871325375,92.53240863732839,81.14330309886016
91,77,Proposed fairness greedy (lambda=1),10,sensor01→gatewayA;sensor02→gatewayC;sensor03→gatewayC;sensor04→gatewayA;sensor05→gatewayA;sensor06→gatewayA;sensor07→gatewayA;sensor08→gatewayA;sensor09→gatewayA;sensor10→gatewayC,d53238027e5c,68.10613204500537,17.333499005964214,-22.893867954994633,-59.666500994035786,15,15,15,2.0102855019527626,4.9765549459560665,92.64450689912206,81.14330309886016
91,77,Multi-cover greedy,10,sensor01→gatewayA;sensor02→gatewayC;sensor03→gatewayC;sensor04→gatewayA;sensor05→gatewayA;sensor06→gatewayA;sensor07→gatewayA;sensor08→gatewayA;sensor09→gatewayA;sensor10→gatewayA,d708670db0b5,66.88799038921111,17.333499005964214,-24.11200961078889,-59.666500994035786,15,15,15,2.081940893470072,4.9765549459560665,92.53240863732839,81.14330309886016
91,89,Proposed fairness greedy (lambda=1),12,sensor01→gatewayA;sensor01→gatewayC;sensor02→gatewayC;sensor03→gatewayC;sensor04→gatewayA;sensor04→gatewayC;sensor05→gatewayA;sensor06→gatewayA;sensor07→gatewayA;sensor08→gatewayA;sensor09→gatewayA;sensor10→gatewayC,fba66e5cdf8c,78.5242788678904,17.333499005964214,-12.475721132109598,-71.66650099403579,15,12,12,1.3674014024031265,6.64206402885783,95.30868439399289,84.31997339445302
91,89,Multi-cover greedy,12,sensor01→gatewayA;sensor01→gatewayB;sensor02→gatewayC;sensor03→gatewayC;sensor04→gatewayA;sensor04→gatewayC;sensor05→gatewayA;sensor06→gatewayA;sensor07→gatewayA;sensor08→gatewayA;sensor09→gatewayA;sensor10→gatewayC,1857c34ccaa1,74.07283014480772,17.333499005964214,-16.927169855192275,-71.66650099403579,15,8,8,1.6364512696908036,7.0949621683777915,94.15400091545355,82.67847276683732
91,91,Proposed fairness greedy (lambda=1),14,sensor01→gatewayA;sensor01→gatewayC;sensor02→gatewayC;sensor03→gatewayC;sensor04→gatewayA;sensor04→gatewayC;sensor05→gatewayA;sensor06→gatewayA;sensor07→gatewayA;sensor07→gatewayC;sensor08→gatewayA;sensor08→gatewayB;sensor09→gatewayA;sensor10→gatewayC,ba7836f47dfe,81.05742110584855,17.333499005964214,-9.942578894151453,-73.66650099403579,15,14,14,0.7802822750799165,6.483755642410328,97.23834709357982,89.23134868455652
91,91,Multi-cover greedy,14,sensor01→gatewayA;sensor01→gatewayC;sensor02→gatewayC;sensor03→gatewayC;sensor04→gatewayA;sensor04→gatewayC;sensor05→gatewayA;sensor06→gatewayA;sensor07→gatewayA;sensor07→gatewayB;sensor08→gatewayA;sensor08→gatewayB;sensor09→gatewayA;sensor10→gatewayC,7d0409742162,80.99223032302699,17.333499005964214,-10.007769676973012,-73.66650099403579,15,11,11,0.9971075491983119,7.005931362090352,96.43474975762871,86.58389421375502
91,92,Proposed fairness greedy (lambda=1),14,sensor01→gatewayA;sensor01→gatewayC;sensor02→gatewayC;sensor03→gatewayC;sensor04→gatewayA;sensor04→gatewayC;sensor05→gatewayA;sensor06→gatewayA;sensor07→gatewayA;sensor07→gatewayC;sensor08→gatewayA;sensor08→gatewayB;sensor09→gatewayA;sensor10→gatewayC,ba7836f47dfe,81.05742110584855,17.333499005964214,-9.942578894151453,-74.66650099403579,15,14,14,0.7802822750799165,6.660226230645622,97.23834709357982,89.23134868455652
91,92,Multi-cover greedy,14,sensor01→gatewayA;sensor01→gatewayC;sensor02→gatewayC;sensor03→gatewayC;sensor04→gatewayA;sensor04→gatewayC;sensor05→gatewayA;sensor06→gatewayA;sensor07→gatewayA;sensor07→gatewayB;sensor08→gatewayA;sensor08→gatewayB;sensor09→gatewayA;sensor10→gatewayC,7d0409742162,80.99223032302699,17.333499005964214,-10.007769676973012,-74.66650099403579,15,10,10,0.9971075491983119,7.417269307087821,96.43474975762871,86.58389421375502
91,95,Proposed fairness greedy (lambda=1),17,sensor01→gatewayA;sensor01→gatewayC;sensor02→gatewayA;sensor02→gatewayC;sensor03→gatewayA;sensor03→gatewayC;sensor04→gatewayA;sensor04→gatewayC;sensor05→gatewayA;sensor05→gatewayC;sensor06→gatewayA;sensor07→gatewayA;sensor07→gatewayC;sensor08→gatewayA;sensor08→gatewayB;sensor09→gatewayA;sensor10→gatewayC,126ff9a6f407,92.6020177489569,60.10386612810156,1.6020177489568965,-34.89613387189844,17,15,15,0.0,2.0666735145595405,99.1281265199174,94.76426136423231
91,95,Multi-cover greedy,17,sensor01→gatewayA;sensor01→gatewayC;sensor02→gatewayA;sensor02→gatewayC;sensor03→gatewayA;sensor03→gatewayC;sensor04→gatewayA;sensor04→gatewayC;sensor05→gatewayA;sensor05→gatewayB;sensor06→gatewayA;sensor07→gatewayA;sensor07→gatewayC;sensor08→gatewayA;sensor08→gatewayB;sensor09→gatewayA;sensor10→gatewayC,4deb1457865a,88.66211101494581,60.10386612810156,-2.3378889850541924,-34.89613387189844,16,15,15,0.13752288147377603,2.0666735145595405,98.62758524078373,94.41404901090611
92,50,Proposed fairness greedy (lambda=1),10,sensor01→gatewayA;sensor02→gatewayC;sensor03→gatewayC;sensor04→gatewayA;sensor05→gatewayA;sensor06→gatewayA;sensor07→gatewayA;sensor08→gatewayA;sensor09→gatewayA;sensor10→gatewayC,d53238027e5c,68.10613204500537,17.333499005964214,-23.893867954994633,-32.666500994035786,15,16,15,2.127932560776292,1.921558882002105,92.64450689912206,81.14330309886016
92,50,Multi-cover greedy,10,sensor01→gatewayA;sensor02→gatewayC;sensor03→gatewayC;sensor04→gatewayA;sensor05→gatewayA;sensor06→gatewayA;sensor07→gatewayA;sensor08→gatewayA;sensor09→gatewayA;sensor10→gatewayA,d708670db0b5,66.88799038921111,17.333499005964214,-25.11200961078889,-32.666500994035786,15,16,15,2.1995879522936015,1.921558882002105,92.53240863732839,81.14330309886016
92,51,Proposed fairness greedy (lambda=1),10,sensor01→gatewayA;sensor02→gatewayC;sensor03→gatewayC;sensor04→gatewayA;sensor05→gatewayA;sensor06→gatewayA;sensor07→gatewayA;sensor08→gatewayA;sensor09→gatewayA;sensor10→gatewayC,d53238027e5c,68.10613204500537,17.333499005964214,-23.893867954994633,-33.666500994035786,15,16,15,2.127932560776292,1.9803824114138697,92.64450689912206,81.14330309886016
92,51,Multi-cover greedy,10,sensor01→gatewayA;sensor02→gatewayC;sensor03→gatewayC;sensor04→gatewayA;sensor05→gatewayA;sensor06→gatewayA;sensor07→gatewayA;sensor08→gatewayA;sensor09→gatewayA;sensor10→gatewayA,d708670db0b5,66.88799038921111,17.333499005964214,-25.11200961078889,-33.666500994035786,15,16,15,2.1995879522936015,1.9803824114138697,92.53240863732839,81.14330309886016
92,52,Proposed fairness greedy (lambda=1),10,sensor01→gatewayA;sensor02→gatewayC;sensor03→gatewayC;sensor04→gatewayA;sensor05→gatewayA;sensor06→gatewayA;sensor07→gatewayA;sensor08→gatewayA;sensor09→gatewayA;sensor10→gatewayC,d53238027e5c,68.10613204500537,17.333499005964214,-23.893867954994633,-34.666500994035786,15,16,15,2.127932560776292,2.0392059408256347,92.64450689912206,81.14330309886016
92,52,Multi-cover greedy,10,sensor01→gatewayA;sensor02→gatewayC;sensor03→gatewayC;sensor04→gatewayA;sensor05→gatewayA;sensor06→gatewayA;sensor07→gatewayA;sensor08→gatewayA;sensor09→gatewayA;sensor10→gatewayA,d708670db0b5,66.88799038921111,17.333499005964214,-25.11200961078889,-34.666500994035786,15,16,15,2.1995879522936015,2.0392059408256347,92.53240863732839,81.14330309886016
92,53,Proposed fairness greedy (lambda=1),10,sensor01→gatewayA;sensor02→gatewayC;sensor03→gatewayC;sensor04→gatewayA;sensor05→gatewayA;sensor06→gatewayA;sensor07→gatewayA;sensor08→gatewayA;sensor09→gatewayA;sensor10→gatewayC,d53238027e5c,68.10613204500537,17.333499005964214,-23.893867954994633,-35.666500994035786,15,15,15,2.127932560776292,2.153025534191361,92.64450689912206,81.14330309886016
92,53,Multi-cover greedy,10,sensor01→gatewayA;sensor02→gatewayC;sensor03→gatewayC;sensor04→gatewayA;sensor05→gatewayA;sensor06→gatewayA;sensor07→gatewayA;sensor08→gatewayA;sensor09→gatewayA;sensor10→gatewayA,d708670db0b5,66.88799038921111,17.333499005964214,-25.11200961078889,-35.666500994035786,15,15,15,2.1995879522936015,2.153025534191361,92.53240863732839,81.14330309886016
92,54,Proposed fairness greedy (lambda=1),10,sensor01→gatewayA;sensor02→gatewayC;sensor03→gatewayC;sensor04→gatewayA;sensor05→gatewayA;sensor06→gatewayA;sensor07→gatewayA;sensor08→gatewayA;sensor09→gatewayA;sensor10→gatewayC,d53238027e5c,68.10613204500537,17.333499005964214,-23.893867954994633,-36.666500994035786,15,15,15,2.127932560776292,2.2706725930148903,92.64450689912206,81.14330309886016
92,54,Multi-cover greedy,10,sensor01→gatewayA;sensor02→gatewayC;sensor03→gatewayC;sensor04→gatewayA;sensor05→gatewayA;sensor06→gatewayA;sensor07→gatewayA;sensor08→gatewayA;sensor09→gatewayA;sensor10→gatewayA,d708670db0b5,66.88799038921111,17.333499005964214,-25.11200961078889,-36.666500994035786,15,15,15,2.1995879522936015,2.2706725930148903,92.53240863732839,81.14330309886016
92,55,Proposed fairness greedy (lambda=1),10,sensor01→gatewayA;sensor02→gatewayC;sensor03→gatewayC;sensor04→gatewayA;sensor05→gatewayA;sensor06→gatewayA;sensor07→gatewayA;sensor08→gatewayA;sensor09→gatewayA;sensor10→gatewayC,d53238027e5c,68.10613204500537,17.333499005964214,-23.893867954994633,-37.666500994035786,15,15,15,2.127932560776292,2.3883196518384198,92.64450689912206,81.14330309886016
92,55,Multi-cover greedy,10,sensor01→gatewayA;sensor02→gatewayC;sensor03→gatewayC;sensor04→gatewayA;sensor05→gatewayA;sensor06→gatewayA;sensor07→gatewayA;sensor08→gatewayA;sensor09→gatewayA;sensor10→gatewayA,d708670db0b5,66.88799038921111,17.333499005964214,-25.11200961078889,-37.666500994035786,15,15,15,2.1995879522936015,2.3883196518384198,92.53240863732839,81.14330309886016
92,56,Proposed fairness greedy (lambda=1),10,sensor01→gatewayA;sensor02→gatewayC;sensor03→gatewayC;sensor04→gatewayA;sensor05→gatewayA;sensor06→gatewayA;sensor07→gatewayA;sensor08→gatewayA;sensor09→gatewayA;sensor10→gatewayC,d53238027e5c,68.10613204500537,17.333499005964214,-23.893867954994633,-38.666500994035786,15,15,15,2.127932560776292,2.505966710661949,92.64450689912206,81.14330309886016
92,56,Multi-cover greedy,10,sensor01→gatewayA;sensor02→gatewayC;sensor03→gatewayC;sensor04→gatewayA;sensor05→gatewayA;sensor06→gatewayA;sensor07→gatewayA;sensor08→gatewayA;sensor09→gatewayA;sensor10→gatewayA,d708670db0b5,66.88799038921111,17.333499005964214,-25.11200961078889,-38.666500994035786,15,15,15,2.1995879522936015,2.505966710661949,92.53240863732839,81.14330309886016
92,57,Proposed fairness greedy (lambda=1),10,sensor01→gatewayA;sensor02→gatewayC;sensor03→gatewayC;sensor04→gatewayA;sensor05→gatewayA;sensor06→gatewayA;sensor07→gatewayA;sensor08→gatewayA;sensor09→gatewayA;sensor10→gatewayC,d53238027e5c,68.10613204500537,17.333499005964214,-23.893867954994633,-39.666500994035786,15,15,15,2.127932560776292,2.6236137694854786,92.64450689912206,81.14330309886016
92,57,Multi-cover greedy,10,sensor01→gatewayA;sensor02→gatewayC;sensor03→gatewayC;sensor04→gatewayA;sensor05→gatewayA;sensor06→gatewayA;sensor07→gatewayA;sensor08→gatewayA;sensor09→gatewayA;sensor10→gatewayA,d708670db0b5,66.88799038921111,17.333499005964214,-25.11200961078889,-39.666500994035786,15,15,15,2.1995879522936015,2.6236137694854786,92.53240863732839,81.14330309886016
92,58,Proposed fairness greedy (lambda=1),10,sensor01→gatewayA;sensor02→gatewayC;sensor03→gatewayC;sensor04→gatewayA;sensor05→gatewayA;sensor06→gatewayA;sensor07→gatewayA;sensor08→gatewayA;sensor09→gatewayA;sensor10→gatewayC,d53238027e5c,68.10613204500537,17.333499005964214,-23.893867954994633,-40.666500994035786,15,15,15,2.127932560776292,2.741260828309008,92.64450689912206,81.14330309886016
92,58,Multi-cover greedy,10,sensor01→gatewayA;sensor02→gatewayC;sensor03→gatewayC;sensor04→gatewayA;sensor05→gatewayA;sensor06→gatewayA;sensor07→gatewayA;sensor08→gatewayA;sensor09→gatewayA;sensor10→gatewayA,d708670db0b5,66.88799038921111,17.333499005964214,-25.11200961078889,-40.666500994035786,15,15,15,2.1995879522936015,2.741260828309008,92.53240863732839,81.14330309886016
92,59,Proposed fairness greedy (lambda=1),10,sensor01→gatewayA;sensor02→gatewayC;sensor03→gatewayC;sensor04→gatewayA;sensor05→gatewayA;sensor06→gatewayA;sensor07→gatewayA;sensor08→gatewayA;sensor09→gatewayA;sensor10→gatewayC,d53238027e5c,68.10613204500537,17.333499005964214,-23.893867954994633,-41.666500994035786,15,15,15,2.127932560776292,2.8589078871325375,92.64450689912206,81.14330309886016
92,59,Multi-cover greedy,10,sensor01→gatewayA;sensor02→gatewayC;sensor03→gatewayC;sensor04→gatewayA;sensor05→gatewayA;sensor06→gatewayA;sensor07→gatewayA;sensor08→gatewayA;sensor09→gatewayA;sensor10→gatewayA,d708670db0b5,66.88799038921111,17.333499005964214,-25.11200961078889,-41.666500994035786,15,15,15,2.1995879522936015,2.8589078871325375,92.53240863732839,81.14330309886016
92,60,Proposed fairness greedy (lambda=1),10,sensor01→gatewayA;sensor02→gatewayC;sensor03→gatewayC;sensor04→gatewayA;sensor05→gatewayA;sensor06→gatewayA;sensor07→gatewayA;sensor08→gatewayA;sensor09→gatewayA;sensor10→gatewayC,d53238027e5c,68.10613204500537,17.333499005964214,-23.893867954994633,-42.666500994035786,15,15,15,2.127932560776292,2.976554945956067,92.64450689912206,81.14330309886016
92,60,Multi-cover greedy,10,sensor01→gatewayA;sensor02→gatewayC;sensor03→gatewayC;sensor04→gatewayA;sensor05→gatewayA;sensor06→gatewayA;sensor07→gatewayA;sensor08→gatewayA;sensor09→gatewayA;sensor10→gatewayA,d708670db0b5,66.88799038921111,17.333499005964214,-25.11200961078889,-42.666500994035786,15,15,15,2.1995879522936015,2.976554945956067,92.53240863732839,81.14330309886016
92,61,Proposed fairness greedy (lambda=1),10,sensor01→gatewayA;sensor02→gatewayC;sensor03→gatewayC;sensor04→gatewayA;sensor05→gatewayA;sensor06→gatewayA;sensor07→gatewayA;sensor08→gatewayA;sensor09→gatewayA;sensor10→gatewayC,d53238027e5c,68.10613204500537,17.333499005964214,-23.893867954994633,-43.666500994035786,15,15,15,2.127932560776292,3.0942020047795964,92.64450689912206,81.14330309886016
92,61,Multi-cover greedy,10,sensor01→gatewayA;sensor02→gatewayC;sensor03→gatewayC;sensor04→gatewayA;sensor05→gatewayA;sensor06→gatewayA;sensor07→gatewayA;sensor08→gatewayA;sensor09→gatewayA;sensor10→gatewayA,d708670db0b5,66.88799038921111,17.333499005964214,-25.11200961078889,-43.666500994035786,15,15,15,2.1995879522936015,3.0942020047795964,92.53240863732839,81.14330309886016
92,62,Proposed fairness greedy (lambda=1),10,sensor01→gatewayA;sensor02→gatewayC;sensor03→gatewayC;sensor04→gatewayA;sensor05→gatewayA;sensor06→gatewayA;sensor07→gatewayA;sensor08→gatewayA;sensor09→gatewayA;sensor10→gatewayC,d53238027e5c,68.10613204500537,17.333499005964214,-23.893867954994633,-44.666500994035786,15,15,15,2.127932560776292,3.211849063603126,92.64450689912206,81.14330309886016
92,62,Multi-cover greedy,10,sensor01→gatewayA;sensor02→gatewayC;sensor03→gatewayC;sensor04→gatewayA;sensor05→gatewayA;sensor06→gatewayA;sensor07→gatewayA;sensor08→gatewayA;sensor09→gatewayA;sensor10→gatewayA,d708670db0b5,66.88799038921111,17.333499005964214,-25.11200961078889,-44.666500994035786,15,15,15,2.1995879522936015,3.211849063603126,92.53240863732839,81.14330309886016
92,63,Proposed fairness greedy (lambda=1),10,sensor01→gatewayA;sensor02→gatewayC;sensor03→gatewayC;sensor04→gatewayA;sensor05→gatewayA;sensor06→gatewayA;sensor07→gatewayA;sensor08→gatewayA;sensor09→gatewayA;sensor10→gatewayC,d53238027e5c,68.10613204500537,17.333499005964214,-23.893867954994633,-45.666500994035786,15,15,15,2.127932560776292,3.3294961224266553,92.64450689912206,81.14330309886016
92,63,Multi-cover greedy,10,sensor01→gatewayA;sensor02→gatewayC;sensor03→gatewayC;sensor04→gatewayA;sensor05→gatewayA;sensor06→gatewayA;sensor07→gatewayA;sensor08→gatewayA;sensor09→gatewayA;sensor10→gatewayA,d708670db0b5,66.88799038921111,17.333499005964214,-25.11200961078889,-45.666500994035786,15,15,15,2.1995879522936015,3.3294961224266553,92.53240863732839,81.14330309886016
92,64,Proposed fairness greedy (lambda=1),10,sensor01→gatewayA;sensor02→gatewayC;sensor03→gatewayC;sensor04→gatewayA;sensor05→gatewayA;sensor06→gatewayA;sensor07→gatewayA;sensor08→gatewayA;sensor09→gatewayA;sensor10→gatewayC,d53238027e5c,68.10613204500537,17.333499005964214,-23.893867954994633,-46.666500994035786,15,15,15,2.127932560776292,3.4471431812501847,92.64450689912206,81.14330309886016
92,64,Multi-cover greedy,10,sensor01→gatewayA;sensor02→gatewayC;sensor03→gatewayC;sensor04→gatewayA;sensor05→gatewayA;sensor06→gatewayA;sensor07→gatewayA;sensor08→gatewayA;sensor09→gatewayA;sensor10→gatewayA,d708670db0b5,66.88799038921111,17.333499005964214,-25.11200961078889,-46.666500994035786,15,15,15,2.1995879522936015,3.4471431812501847,92.53240863732839,81.14330309886016
92,65,Proposed fairness greedy (lambda=1),10,sensor01→gatewayA;sensor02→gatewayC;sensor03→gatewayC;sensor04→gatewayA;sensor05→gatewayA;sensor06→gatewayA;sensor07→gatewayA;sensor08→gatewayA;sensor09→gatewayA;sensor10→gatewayC,d53238027e5c,68.10613204500537,17.333499005964214,-23.893867954994633,-47.666500994035786,15,15,15,2.127932560776292,3.564790240073714,92.64450689912206,81.14330309886016
92,65,Multi-cover greedy,10,sensor01→gatewayA;sensor02→gatewayC;sensor03→gatewayC;sensor04→gatewayA;sensor05→gatewayA;sensor06→gatewayA;sensor07→gatewayA;sensor08→gatewayA;sensor09→gatewayA;sensor10→gatewayA,d708670db0b5,66.88799038921111,17.333499005964214,-25.11200961078889,-47.666500994035786,15,15,15,2.1995879522936015,3.564790240073714,92.53240863732839,81.14330309886016
92,66,Proposed fairness greedy (lambda=1),10,sensor01→gatewayA;sensor02→gatewayC;sensor03→gatewayC;sensor04→gatewayA;sensor05→gatewayA;sensor06→gatewayA;sensor07→gatewayA;sensor08→gatewayA;sensor09→gatewayA;sensor10→gatewayC,d53238027e5c,68.10613204500537,17.333499005964214,-23.893867954994633,-48.666500994035786,15,15,15,2.127932560776292,3.6824372988972436,92.64450689912206,81.14330309886016
92,66,Multi-cover greedy,10,sensor01→gatewayA;sensor02→gatewayC;sensor03→gatewayC;sensor04→gatewayA;sensor05→gatewayA;sensor06→gatewayA;sensor07→gatewayA;sensor08→gatewayA;sensor09→gatewayA;sensor10→gatewayA,d708670db0b5,66.88799038921111,17.333499005964214,-25.11200961078889,-48.666500994035786,15,15,15,2.1995879522936015,3.6824372988972436,92.53240863732839,81.14330309886016
92,67,Proposed fairness greedy (lambda=1),10,sensor01→gatewayA;sensor02→gatewayC;sensor03→gatewayC;sensor04→gatewayA;sensor05→gatewayA;sensor06→gatewayA;sensor07→gatewayA;sensor08→gatewayA;sensor09→gatewayA;sensor10→gatewayC,d53238027e5c,68.10613204500537,17.333499005964214,-23.893867954994633,-49.666500994035786,15,15,15,2.127932560776292,3.8000843577207726,92.64450689912206,81.14330309886016
92,67,Multi-cover greedy,10,sensor01→gatewayA;sensor02→gatewayC;sensor03→gatewayC;sensor04→gatewayA;sensor05→gatewayA;sensor06→gatewayA;sensor07→gatewayA;sensor08→gatewayA;sensor09→gatewayA;sensor10→gatewayA,d708670db0b5,66.88799038921111,17.333499005964214,-25.11200961078889,-49.666500994035786,15,15,15,2.1995879522936015,3.8000843577207726,92.53240863732839,81.14330309886016
92,68,Proposed fairness greedy (lambda=1),10,sensor01→gatewayA;sensor02→gatewayC;sensor03→gatewayC;sensor04→gatewayA;sensor05→gatewayA;sensor06→gatewayA;sensor07→gatewayA;sensor08→gatewayA;sensor09→gatewayA;sensor10→gatewayC,d53238027e5c,68.10613204500537,17.333499005964214,-23.893867954994633,-50.666500994035786,15,15,15,2.127932560776292,3.917731416544302,92.64450689912206,81.14330309886016
92,68,Multi-cover greedy,10,sensor01→gatewayA;sensor02→gatewayC;sensor03→gatewayC;sensor04→gatewayA;sensor05→gatewayA;sensor06→gatewayA;sensor07→gatewayA;sensor08→gatewayA;sensor09→gatewayA;sensor10→gatewayA,d708670db0b5,66.88799038921111,17.333499005964214,-25.11200961078889,-50.666500994035786,15,15,15,2.1995879522936015,3.917731416544302,92.53240863732839,81.14330309886016
92,69,Proposed fairness greedy (lambda=1),10,sensor01→gatewayA;sensor02→gatewayC;sensor03→gatewayC;sensor04→gatewayA;sensor05→gatewayA;sensor06→gatewayA;sensor07→gatewayA;sensor08→gatewayA;sensor09→gatewayA;sensor10→gatewayC,d53238027e5c,68.10613204500537,17.333499005964214,-23.893867954994633,-51.666500994035786,15,15,15,2.127932560776292,4.035378475367831,92.64450689912206,81.14330309886016
92,69,Multi-cover greedy,10,sensor01→gatewayA;sensor02→gatewayC;sensor03→gatewayC;sensor04→gatewayA;sensor05→gatewayA;sensor06→gatewayA;sensor07→gatewayA;sensor08→gatewayA;sensor09→gatewayA;sensor10→gatewayA,d708670db0b5,66.88799038921111,17.333499005964214,-25.11200961078889,-51.666500994035786,15,15,15,2.1995879522936015,4.035378475367831,92.53240863732839,81.14330309886016
92,70,Proposed fairness greedy (lambda=1),10,sensor01→gatewayA;sensor02→gatewayC;sensor03→gatewayC;sensor04→gatewayA;sensor05→gatewayA;sensor06→gatewayA;sensor07→gatewayA;sensor08→gatewayA;sensor09→gatewayA;sensor10→gatewayC,d53238027e5c,68.10613204500537,17.333499005964214,-23.893867954994633,-52.666500994035786,15,15,15,2.127932560776292,4.153025534191361,92.64450689912206,81.14330309886016
92,70,Multi-cover greedy,10,sensor01→gatewayA;sensor02→gatewayC;sensor03→gatewayC;sensor04→gatewayA;sensor05→gatewayA;sensor06→gatewayA;sensor07→gatewayA;sensor08→gatewayA;sensor09→gatewayA;sensor10→gatewayA,d708670db0b5,66.88799038921111,17.333499005964214,-25.11200961078889,-52.666500994035786,15,15,15,2.1995879522936015,4.153025534191361,92.53240863732839,81.14330309886016
92,71,Proposed fairness greedy (lambda=1),10,sensor01→gatewayA;sensor02→gatewayC;sensor03→gatewayC;sensor04→gatewayA;sensor05→gatewayA;sensor06→gatewayA;sensor07→gatewayA;sensor08→gatewayA;sensor09→gatewayA;sensor10→gatewayC,d53238027e5c,68.10613204500537,17.333499005964214,-23.893867954994633,-53.666500994035786,15,15,15,2.127932560776292,4.27067259301489,92.64450689912206,81.14330309886016
92,71,Multi-cover greedy,10,sensor01→gatewayA;sensor02→gatewayC;sensor03→gatewayC;sensor04→gatewayA;sensor05→gatewayA;sensor06→gatewayA;sensor07→gatewayA;sensor08→gatewayA;sensor09→gatewayA;sensor10→gatewayA,d708670db0b5,66.88799038921111,17.333499005964214,-25.11200961078889,-53.666500994035786,15,15,15,2.1995879522936015,4.27067259301489,92.53240863732839,81.14330309886016
92,72,Proposed fairness greedy (lambda=1),10,sensor01→gatewayA;sensor02→gatewayC;sensor03→gatewayC;sensor04→gatewayA;sensor05→gatewayA;sensor06→gatewayA;sensor07→gatewayA;sensor08→gatewayA;sensor09→gatewayA;sensor10→gatewayC,d53238027e5c,68.10613204500537,17.333499005964214,-23.893867954994633,-54.666500994035786,15,15,15,2.127932560776292,4.38831965183842,92.64450689912206,81.14330309886016
92,72,Multi-cover greedy,10,sensor01→gatewayA;sensor02→gatewayC;sensor03→gatewayC;sensor04→gatewayA;sensor05→gatewayA;sensor06→gatewayA;sensor07→gatewayA;sensor08→gatewayA;sensor09→gatewayA;sensor10→gatewayA,d708670db0b5,66.88799038921111,17.333499005964214,-25.11200961078889,-54.666500994035786,15,15,15,2.1995879522936015,4.38831965183842,92.53240863732839,81.14330309886016
92,73,Proposed fairness greedy (lambda=1),10,sensor01→gatewayA;sensor02→gatewayC;sensor03→gatewayC;sensor04→gatewayA;sensor05→gatewayA;sensor06→gatewayA;sensor07→gatewayA;sensor08→gatewayA;sensor09→gatewayA;sensor10→gatewayC,d53238027e5c,68.10613204500537,17.333499005964214,-23.893867954994633,-55.666500994035786,15,15,15,2.127932560776292,4.505966710661949,92.64450689912206,81.14330309886016
92,73,Multi-cover greedy,10,sensor01→gatewayA;sensor02→gatewayC;sensor03→gatewayC;sensor04→gatewayA;sensor05→gatewayA;sensor06→gatewayA;sensor07→gatewayA;sensor08→gatewayA;sensor09→gatewayA;sensor10→gatewayA,d708670db0b5,66.88799038921111,17.333499005964214,-25.11200961078889,-55.666500994035786,15,15,15,2.1995879522936015,4.505966710661949,92.53240863732839,81.14330309886016
92,74,Proposed fairness greedy (lambda=1),10,sensor01→gatewayA;sensor02→gatewayC;sensor03→gatewayC;sensor04→gatewayA;sensor05→gatewayA;sensor06→gatewayA;sensor07→gatewayA;sensor08→gatewayA;sensor09→gatewayA;sensor10→gatewayC,d53238027e5c,68.10613204500537,17.333499005964214,-23.893867954994633,-56.666500994035786,15,15,15,2.127932560776292,4.623613769485479,92.64450689912206,81.14330309886016
92,74,Multi-cover greedy,10,sensor01→gatewayA;sensor02→gatewayC;sensor03→gatewayC;sensor04→gatewayA;sensor05→gatewayA;sensor06→gatewayA;sensor07→gatewayA;sensor08→gatewayA;sensor09→gatewayA;sensor10→gatewayA,d708670db0b5,66.88799038921111,17.333499005964214,-25.11200961078889,-56.666500994035786,15,15,15,2.1995879522936015,4.623613769485479,92.53240863732839,81.14330309886016
92,75,Proposed fairness greedy (lambda=1),10,sensor01→gatewayA;sensor02→gatewayC;sensor03→gatewayC;sensor04→gatewayA;sensor05→gatewayA;sensor06→gatewayA;sensor07→gatewayA;sensor08→gatewayA;sensor09→gatewayA;sensor10→gatewayC,d53238027e5c,68.10613204500537,17.333499005964214,-23.893867954994633,-57.666500994035786,15,15,15,2.127932560776292,4.741260828309008,92.64450689912206,81.14330309886016
92,75,Multi-cover greedy,10,sensor01→gatewayA;sensor02→gatewayC;sensor03→gatewayC;sensor04→gatewayA;sensor05→gatewayA;sensor06→gatewayA;sensor07→gatewayA;sensor08→gatewayA;sensor09→gatewayA;sensor10→gatewayA,d708670db0b5,66.88799038921111,17.333499005964214,-25.11200961078889,-57.666500994035786,15,15,15,2.1995879522936015,4.741260828309008,92.53240863732839,81.14330309886016
92,76,Proposed fairness greedy (lambda=1),10,sensor01→gatewayA;sensor02→gatewayC;sensor03→gatewayC;sensor04→gatewayA;sensor05→gatewayA;sensor06→gatewayA;sensor07→gatewayA;sensor08→gatewayA;sensor09→gatewayA;sensor10→gatewayC,d53238027e5c,68.10613204500537,17.333499005964214,-23.893867954994633,-58.666500994035786,15,15,15,2.127932560776292,4.8589078871325375,92.64450689912206,81.14330309886016
92,76,Multi-cover greedy,10,sensor01→gatewayA;sensor02→gatewayC;sensor03→gatewayC;sensor04→gatewayA;sensor05→gatewayA;sensor06→gatewayA;sensor07→gatewayA;sensor08→gatewayA;sensor09→gatewayA;sensor10→gatewayA,d708670db0b5,66.88799038921111,17.333499005964214,-25.11200961078889,-58.666500994035786,15,15,15,2.1995879522936015,4.8589078871325375,92.53240863732839,81.14330309886016
92,77,Proposed fairness greedy (lambda=1),10,sensor01→gatewayA;sensor02→gatewayC;sensor03→gatewayC;sensor04→gatewayA;sensor05→gatewayA;sensor06→gatewayA;sensor07→gatewayA;sensor08→gatewayA;sensor09→gatewayA;sensor10→gatewayC,d53238027e5c,68.10613204500537,17.333499005964214,-23.893867954994633,-59.666500994035786,15,15,15,2.127932560776292,4.9765549459560665,92.64450689912206,81.14330309886016
92,77,Multi-cover greedy,10,sensor01→gatewayA;sensor02→gatewayC;sensor03→gatewayC;sensor04→gatewayA;sensor05→gatewayA;sensor06→gatewayA;sensor07→gatewayA;sensor08→gatewayA;sensor09→gatewayA;sensor10→gatewayA,d708670db0b5,66.88799038921111,17.333499005964214,-25.11200961078889,-59.666500994035786,15,15,15,2.1995879522936015,4.9765549459560665,92.53240863732839,81.14330309886016
92,89,Proposed fairness greedy (lambda=1),12,sensor01→gatewayA;sensor01→gatewayC;sensor02→gatewayC;sensor03→gatewayC;sensor04→gatewayA;sensor04→gatewayC;sensor05→gatewayA;sensor06→gatewayA;sensor07→gatewayA;sensor08→gatewayA;sensor09→gatewayA;sensor10→gatewayC,fba66e5cdf8c,78.5242788678904,17.333499005964214,-13.475721132109598,-71.66650099403579,15,12,12,1.485048461226656,6.64206402885783,95.30868439399289,84.31997339445302
92,89,Multi-cover greedy,12,sensor01→gatewayA;sensor01→gatewayB;sensor02→gatewayC;sensor03→gatewayC;sensor04→gatewayA;sensor04→gatewayC;sensor05→gatewayA;sensor06→gatewayA;sensor07→gatewayA;sensor08→gatewayA;sensor09→gatewayA;sensor10→gatewayC,1857c34ccaa1,74.07283014480772,17.333499005964214,-17.927169855192275,-71.66650099403579,15,8,8,1.754098328514333,7.0949621683777915,94.15400091545355,82.67847276683732
92,91,Proposed fairness greedy (lambda=1),14,sensor01→gatewayA;sensor01→gatewayC;sensor02→gatewayC;sensor03→gatewayC;sensor04→gatewayA;sensor04→gatewayC;sensor05→gatewayA;sensor06→gatewayA;sensor07→gatewayA;sensor07→gatewayC;sensor08→gatewayA;sensor08→gatewayB;sensor09→gatewayA;sensor10→gatewayC,ba7836f47dfe,81.05742110584855,17.333499005964214,-10.942578894151453,-73.66650099403579,15,14,14,0.8979293339034459,6.483755642410328,97.23834709357982,89.23134868455652
92,91,Multi-cover greedy,14,sensor01→gatewayA;sensor01→gatewayC;sensor02→gatewayC;sensor03→gatewayC;sensor04→gatewayA;sensor04→gatewayC;sensor05→gatewayA;sensor06→gatewayA;sensor07→gatewayA;sensor07→gatewayB;sensor08→gatewayA;sensor08→gatewayB;sensor09→gatewayA;sensor10→gatewayC,7d0409742162,80.99223032302699,17.333499005964214,-11.007769676973012,-73.66650099403579,15,11,11,1.1147546080218413,7.005931362090352,96.43474975762871,86.58389421375502
92,92,Proposed fairness greedy (lambda=1),14,sensor01→gatewayA;sensor01→gatewayC;sensor02→gatewayC;sensor03→gatewayC;sensor04→gatewayA;sensor04→gatewayC;sensor05→gatewayA;sensor06→gatewayA;sensor07→gatewayA;sensor07→gatewayC;sensor08→gatewayA;sensor08→gatewayB;sensor09→gatewayA;sensor10→gatewayC,ba7836f47dfe,81.05742110584855,17.333499005964214,-10.942578894151453,-74.66650099403579,15,14,14,0.8979293339034459,6.660226230645622,97.23834709357982,89.23134868455652
92,92,Multi-cover greedy,14,sensor01→gatewayA;sensor01→gatewayC;sensor02→gatewayC;sensor03→gatewayC;sensor04→gatewayA;sensor04→gatewayC;sensor05→gatewayA;sensor06→gatewayA;sensor07→gatewayA;sensor07→gatewayB;sensor08→gatewayA;sensor08→gatewayB;sensor09→gatewayA;sensor10→gatewayC,7d0409742162,80.99223032302699,17.333499005964214,-11.007769676973012,-74.66650099403579,15,10,10,1.1147546080218413,7.417269307087821,96.43474975762871,86.58389421375502
92,95,Proposed fairness greedy (lambda=1),17,sensor01→gatewayA;sensor01→gatewayC;sensor02→gatewayA;sensor02→gatewayC;sensor03→gatewayA;sensor03→gatewayC;sensor04→gatewayA;sensor04→gatewayC;sensor05→gatewayA;sensor05→gatewayC;sensor06→gatewayA;sensor07→gatewayA;sensor07→gatewayC;sensor08→gatewayA;sensor08→gatewayB;sensor09→gatewayA;sensor10→gatewayC,126ff9a6f407,92.6020177489569,60.10386612810156,0.6020177489568965,-34.89613387189844,17,15,15,0.0,2.0666735145595405,99.1281265199174,94.76426136423231
92,95,Multi-cover greedy,17,sensor01→gatewayA;sensor01→gatewayC;sensor02→gatewayA;sensor02→gatewayC;sensor03→gatewayA;sensor03→gatewayC;sensor04→gatewayA;sensor04→gatewayC;sensor05→gatewayA;sensor05→gatewayB;sensor06→gatewayA;sensor07→gatewayA;sensor07→gatewayC;sensor08→gatewayA;sensor08→gatewayB;sensor09→gatewayA;sensor10→gatewayC,4deb1457865a,88.66211101494581,60.10386612810156,-3.3378889850541924,-34.89613387189844,16,15,15,0.19634641088554072,2.0666735145595405,98.62758524078373,94.41404901090611
93,50,Proposed fairness greedy (lambda=1),11,sensor01→gatewayA;sensor02→gatewayC;sensor03→gatewayC;sensor04→gatewayA;sensor04→gatewayC;sensor05→gatewayA;sensor06→gatewayA;sensor07→gatewayA;sensor08→gatewayA;sensor09→gatewayA;sensor10→gatewayC,5ebe2d782739,73.22671902652009,17.333499005964214,-19.773280973479913,-32.666500994035786,15,16,15,1.9220644512944594,1.921558882002105,94.06054098700224,82.28625538222573
93,50,Multi-cover greedy,11,sensor01→gatewayA;sensor01→gatewayC;sensor02→gatewayC;sensor03→gatewayC;sensor04→gatewayA;sensor05→gatewayA;sensor06→gatewayA;sensor07→gatewayA;sensor08→gatewayA;sensor09→gatewayA;sensor10→gatewayC,3bd78ac5d12e,73.40369188637567,17.333499005964214,-19.596308113624332,-32.666500994035786,15,16,15,1.926210688355548,1.921558882002105,93.89265030611273,82.07668470505844
93,51,Proposed fairness greedy (lambda=1),11,sensor01→gatewayA;sensor02→gatewayC;sensor03→gatewayC;sensor04→gatewayA;sensor04→gatewayC;sensor05→gatewayA;sensor06→gatewayA;sensor07→gatewayA;sensor08→gatewayA;sensor09→gatewayA;sensor10→gatewayC,5ebe2d782739,73.22671902652009,17.333499005964214,-19.773280973479913,-33.666500994035786,15,16,15,1.9220644512944594,1.9803824114138697,94.06054098700224,82.28625538222573
93,51,Multi-cover greedy,11,sensor01→gatewayA;sensor01→gatewayC;sensor02→gatewayC;sensor03→gatewayC;sensor04→gatewayA;sensor05→gatewayA;sensor06→gatewayA;sensor07→gatewayA;sensor08→gatewayA;sensor09→gatewayA;sensor10→gatewayC,3bd78ac5d12e,73.40369188637567,17.333499005964214,-19.596308113624332,-33.666500994035786,15,16,15,1.926210688355548,1.9803824114138697,93.89265030611273,82.07668470505844
93,52,Proposed fairness greedy (lambda=1),11,sensor01→gatewayA;sensor02→gatewayC;sensor03→gatewayC;sensor04→gatewayA;sensor04→gatewayC;sensor05→gatewayA;sensor06→gatewayA;sensor07→gatewayA;sensor08→gatewayA;sensor09→gatewayA;sensor10→gatewayC,5ebe2d782739,73.22671902652009,17.333499005964214,-19.773280973479913,-34.666500994035786,15,16,15,1.9220644512944594,2.0392059408256347,94.06054098700224,82.28625538222573
93,52,Multi-cover greedy,11,sensor01→gatewayA;sensor01→gatewayC;sensor02→gatewayC;sensor03→gatewayC;sensor04→gatewayA;sensor05→gatewayA;sensor06→gatewayA;sensor07→gatewayA;sensor08→gatewayA;sensor09→gatewayA;sensor10→gatewayC,3bd78ac5d12e,73.40369188637567,17.333499005964214,-19.596308113624332,-34.666500994035786,15,16,15,1.926210688355548,2.0392059408256347,93.89265030611273,82.07668470505844
93,53,Proposed fairness greedy (lambda=1),11,sensor01→gatewayA;sensor02→gatewayC;sensor03→gatewayC;sensor04→gatewayA;sensor04→gatewayC;sensor05→gatewayA;sensor06→gatewayA;sensor07→gatewayA;sensor08→gatewayA;sensor09→gatewayA;sensor10→gatewayC,5ebe2d782739,73.22671902652009,17.333499005964214,-19.773280973479913,-35.666500994035786,15,15,15,1.9220644512944594,2.153025534191361,94.06054098700224,82.28625538222573
93,53,Multi-cover greedy,11,sensor01→gatewayA;sensor01→gatewayC;sensor02→gatewayC;sensor03→gatewayC;sensor04→gatewayA;sensor05→gatewayA;sensor06→gatewayA;sensor07→gatewayA;sensor08→gatewayA;sensor09→gatewayA;sensor10→gatewayC,3bd78ac5d12e,73.40369188637567,17.333499005964214,-19.596308113624332,-35.666500994035786,15,16,15,1.926210688355548,2.098029470237399,93.89265030611273,82.07668470505844
93,54,Proposed fairness greedy (lambda=1),11,sensor01→gatewayA;sensor02→gatewayC;sensor03→gatewayC;sensor04→gatewayA;sensor04→gatewayC;sensor05→gatewayA;sensor06→gatewayA;sensor07→gatewayA;sensor08→gatewayA;sensor09→gatewayA;sensor10→gatewayC,5ebe2d782739,73.22671902652009,17.333499005964214,-19.773280973479913,-36.666500994035786,15,15,15,1.9220644512944594,2.2706725930148903,94.06054098700224,82.28625538222573
93,54,Multi-cover greedy,11,sensor01→gatewayA;sensor01→gatewayC;sensor02→gatewayC;sensor03→gatewayC;sensor04→gatewayA;sensor05→gatewayA;sensor06→gatewayA;sensor07→gatewayA;sensor08→gatewayA;sensor09→gatewayA;sensor10→gatewayC,3bd78ac5d12e,73.40369188637567,17.333499005964214,-19.596308113624332,-36.666500994035786,15,15,15,1.926210688355548,2.1957092799319264,93.89265030611273,82.07668470505844
93,55,Proposed fairness greedy (lambda=1),11,sensor01→gatewayA;sensor02→gatewayC;sensor03→gatewayC;sensor04→gatewayA;sensor04→gatewayC;sensor05→gatewayA;sensor06→gatewayA;sensor07→gatewayA;sensor08→gatewayA;sensor09→gatewayA;sensor10→gatewayC,5ebe2d782739,73.22671902652009,17.333499005964214,-19.773280973479913,-37.666500994035786,15,15,15,1.9220644512944594,2.3883196518384198,94.06054098700224,82.28625538222573
93,55,Multi-cover greedy,11,sensor01→gatewayA;sensor01→gatewayC;sensor02→gatewayC;sensor03→gatewayC;sensor04→gatewayA;sensor05→gatewayA;sensor06→gatewayA;sensor07→gatewayA;sensor08→gatewayA;sensor09→gatewayA;sensor10→gatewayC,3bd78ac5d12e,73.40369188637567,17.333499005964214,-19.596308113624332,-37.666500994035786,15,15,15,1.926210688355548,2.313356338755456,93.89265030611273,82.07668470505844
93,56,Proposed fairness greedy (lambda=1),11,sensor01→gatewayA;sensor02→gatewayC;sensor03→gatewayC;sensor04→gatewayA;sensor04→gatewayC;sensor05→gatewayA;sensor06→gatewayA;sensor07→gatewayA;sensor08→gatewayA;sensor09→gatewayA;sensor10→gatewayC,5ebe2d782739,73.22671902652009,17.333499005964214,-19.773280973479913,-38.666500994035786,15,15,15,1.9220644512944594,2.505966710661949,94.06054098700224,82.28625538222573
93,56,Multi-cover greedy,11,sensor01→gatewayA;sensor01→gatewayC;sensor02→gatewayC;sensor03→gatewayC;sensor04→gatewayA;sensor05→gatewayA;sensor06→gatewayA;sensor07→gatewayA;sensor08→gatewayA;sensor09→gatewayA;sensor10→gatewayC,3bd78ac5d12e,73.40369188637567,17.333499005964214,-19.596308113624332,-38.666500994035786,15,15,15,1.926210688355548,2.4310033975789853,93.89265030611273,82.07668470505844
93,57,Proposed fairness greedy (lambda=1),11,sensor01→gatewayA;sensor02→gatewayC;sensor03→gatewayC;sensor04→gatewayA;sensor04→gatewayC;sensor05→gatewayA;sensor06→gatewayA;sensor07→gatewayA;sensor08→gatewayA;sensor09→gatewayA;sensor10→gatewayC,5ebe2d782739,73.22671902652009,17.333499005964214,-19.773280973479913,-39.666500994035786,15,15,15,1.9220644512944594,2.6236137694854786,94.06054098700224,82.28625538222573
93,57,Multi-cover greedy,11,sensor01→gatewayA;sensor01→gatewayC;sensor02→gatewayC;sensor03→gatewayC;sensor04→gatewayA;sensor05→gatewayA;sensor06→gatewayA;sensor07→gatewayA;sensor08→gatewayA;sensor09→gatewayA;sensor10→gatewayC,3bd78ac5d12e,73.40369188637567,17.333499005964214,-19.596308113624332,-39.666500994035786,15,15,15,1.926210688355548,2.5486504564025148,93.89265030611273,82.07668470505844
93,58,Proposed fairness greedy (lambda=1),11,sensor01→gatewayA;sensor02→gatewayC;sensor03→gatewayC;sensor04→gatewayA;sensor04→gatewayC;sensor05→gatewayA;sensor06→gatewayA;sensor07→gatewayA;sensor08→gatewayA;sensor09→gatewayA;sensor10→gatewayC,5ebe2d782739,73.22671902652009,17.333499005964214,-19.773280973479913,-40.666500994035786,15,15,15,1.9220644512944594,2.741260828309008,94.06054098700224,82.28625538222573
93,58,Multi-cover greedy,11,sensor01→gatewayA;sensor01→gatewayC;sensor02→gatewayC;sensor03→gatewayC;sensor04→gatewayA;sensor05→gatewayA;sensor06→gatewayA;sensor07→gatewayA;sensor08→gatewayA;sensor09→gatewayA;sensor10→gatewayC,3bd78ac5d12e,73.40369188637567,17.333499005964214,-19.596308113624332,-40.666500994035786,15,15,15,1.926210688355548,2.666297515226044,93.89265030611273,82.07668470505844
93,59,Proposed fairness greedy (lambda=1),11,sensor01→gatewayA;sensor02→gatewayC;sensor03→gatewayC;sensor04→gatewayA;sensor04→gatewayC;sensor05→gatewayA;sensor06→gatewayA;sensor07→gatewayA;sensor08→gatewayA;sensor09→gatewayA;sensor10→gatewayC,5ebe2d782739,73.22671902652009,17.333499005964214,-19.773280973479913,-41.666500994035786,15,15,15,1.9220644512944594,2.8589078871325375,94.06054098700224,82.28625538222573
93,59,Multi-cover greedy,11,sensor01→gatewayA;sensor01→gatewayC;sensor02→gatewayC;sensor03→gatewayC;sensor04→gatewayA;sensor05→gatewayA;sensor06→gatewayA;sensor07→gatewayA;sensor08→gatewayA;sensor09→gatewayA;sensor10→gatewayC,3bd78ac5d12e,73.40369188637567,17.333499005964214,-19.596308113624332,-41.666500994035786,15,15,15,1.926210688355548,2.7839445740495736,93.89265030611273,82.07668470505844
93,60,Proposed fairness greedy (lambda=1),11,sensor01→gatewayA;sensor02→gatewayC;sensor03→gatewayC;sensor04→gatewayA;sensor04→gatewayC;sensor05→gatewayA;sensor06→gatewayA;sensor07→gatewayA;sensor08→gatewayA;sensor09→gatewayA;sensor10→gatewayC,5ebe2d782739,73.22671902652009,17.333499005964214,-19.773280973479913,-42.666500994035786,15,15,15,1.9220644512944594,2.976554945956067,94.06054098700224,82.28625538222573
93,60,Multi-cover greedy,11,sensor01→gatewayA;sensor01→gatewayC;sensor02→gatewayC;sensor03→gatewayC;sensor04→gatewayA;sensor05→gatewayA;sensor06→gatewayA;sensor07→gatewayA;sensor08→gatewayA;sensor09→gatewayA;sensor10→gatewayC,3bd78ac5d12e,73.40369188637567,17.333499005964214,-19.596308113624332,-42.666500994035786,15,15,15,1.926210688355548,2.901591632873103,93.89265030611273,82.07668470505844
93,61,Proposed fairness greedy (lambda=1),11,sensor01→gatewayA;sensor02→gatewayC;sensor03→gatewayC;sensor04→gatewayA;sensor04→gatewayC;sensor05→gatewayA;sensor06→gatewayA;sensor07→gatewayA;sensor08→gatewayA;sensor09→gatewayA;sensor10→gatewayC,5ebe2d782739,73.22671902652009,17.333499005964214,-19.773280973479913,-43.666500994035786,15,15,15,1.9220644512944594,3.0942020047795964,94.06054098700224,82.28625538222573
93,61,Multi-cover greedy,11,sensor01→gatewayA;sensor01→gatewayC;sensor02→gatewayC;sensor03→gatewayC;sensor04→gatewayA;sensor05→gatewayA;sensor06→gatewayA;sensor07→gatewayA;sensor08→gatewayA;sensor09→gatewayA;sensor10→gatewayC,3bd78ac5d12e,73.40369188637567,17.333499005964214,-19.596308113624332,-43.666500994035786,15,15,15,1.926210688355548,3.019238691696632,93.89265030611273,82.07668470505844
93,62,Proposed fairness greedy (lambda=1),11,sensor01→gatewayA;sensor02→gatewayC;sensor03→gatewayC;sensor04→gatewayA;sensor04→gatewayC;sensor05→gatewayA;sensor06→gatewayA;sensor07→gatewayA;sensor08→gatewayA;sensor09→gatewayA;sensor10→gatewayC,5ebe2d782739,73.22671902652009,17.333499005964214,-19.773280973479913,-44.666500994035786,15,15,15,1.9220644512944594,3.211849063603126,94.06054098700224,82.28625538222573
93,62,Multi-cover greedy,11,sensor01→gatewayA;sensor01→gatewayC;sensor02→gatewayC;sensor03→gatewayC;sensor04→gatewayA;sensor05→gatewayA;sensor06→gatewayA;sensor07→gatewayA;sensor08→gatewayA;sensor09→gatewayA;sensor10→gatewayC,3bd78ac5d12e,73.40369188637567,17.333499005964214,-19.596308113624332,-44.666500994035786,15,15,15,1.926210688355548,3.1368857505201615,93.89265030611273,82.07668470505844
93,63,Proposed fairness greedy (lambda=1),11,sensor01→gatewayA;sensor02→gatewayC;sensor03→gatewayC;sensor04→gatewayA;sensor04→gatewayC;sensor05→gatewayA;sensor06→gatewayA;sensor07→gatewayA;sensor08→gatewayA;sensor09→gatewayA;sensor10→gatewayC,5ebe2d782739,73.22671902652009,17.333499005964214,-19.773280973479913,-45.666500994035786,15,15,15,1.9220644512944594,3.3294961224266553,94.06054098700224,82.28625538222573
93,63,Multi-cover greedy,11,sensor01→gatewayA;sensor01→gatewayC;sensor02→gatewayC;sensor03→gatewayC;sensor04→gatewayA;sensor05→gatewayA;sensor06→gatewayA;sensor07→gatewayA;sensor08→gatewayA;sensor09→gatewayA;sensor10→gatewayC,3bd78ac5d12e,73.40369188637567,17.333499005964214,-19.596308113624332,-45.666500994035786,15,15,15,1.926210688355548,3.254532809343691,93.89265030611273,82.07668470505844
93,64,Proposed fairness greedy (lambda=1),11,sensor01→gatewayA;sensor02→gatewayC;sensor03→gatewayC;sensor04→gatewayA;sensor04→gatewayC;sensor05→gatewayA;sensor06→gatewayA;sensor07→gatewayA;sensor08→gatewayA;sensor09→gatewayA;sensor10→gatewayC,5ebe2d782739,73.22671902652009,17.333499005964214,-19.773280973479913,-46.666500994035786,15,15,15,1.9220644512944594,3.4471431812501847,94.06054098700224,82.28625538222573
93,64,Multi-cover greedy,11,sensor01→gatewayA;sensor01→gatewayC;sensor02→gatewayC;sensor03→gatewayC;sensor04→gatewayA;sensor05→gatewayA;sensor06→gatewayA;sensor07→gatewayA;sensor08→gatewayA;sensor09→gatewayA;sensor10→gatewayC,3bd78ac5d12e,73.40369188637567,17.333499005964214,-19.596308113624332,-46.666500994035786,15,15,15,1.926210688355548,3.3721798681672204,93.89265030611273,82.07668470505844
93,65,Proposed fairness greedy (lambda=1),11,sensor01→gatewayA;sensor02→gatewayC;sensor03→gatewayC;sensor04→gatewayA;sensor04→gatewayC;sensor05→gatewayA;sensor06→gatewayA;sensor07→gatewayA;sensor08→gatewayA;sensor09→gatewayA;sensor10→gatewayC,5ebe2d782739,73.22671902652009,17.333499005964214,-19.773280973479913,-47.666500994035786,15,15,15,1.9220644512944594,3.564790240073714,94.06054098700224,82.28625538222573
93,65,Multi-cover greedy,11,sensor01→gatewayA;sensor01→gatewayC;sensor02→gatewayC;sensor03→gatewayC;sensor04→gatewayA;sensor05→gatewayA;sensor06→gatewayA;sensor07→gatewayA;sensor08→gatewayA;sensor09→gatewayA;sensor10→gatewayC,3bd78ac5d12e,73.40369188637567,17.333499005964214,-19.596308113624332,-47.666500994035786,15,15,15,1.926210688355548,3.48982692699075,93.89265030611273,82.07668470505844
93,66,Proposed fairness greedy (lambda=1),11,sensor01→gatewayA;sensor02→gatewayC;sensor03→gatewayC;sensor04→gatewayA;sensor04→gatewayC;sensor05→gatewayA;sensor06→gatewayA;sensor07→gatewayA;sensor08→gatewayA;sensor09→gatewayA;sensor10→gatewayC,5ebe2d782739,73.22671902652009,17.333499005964214,-19.773280973479913,-48.666500994035786,15,15,15,1.9220644512944594,3.6824372988972436,94.06054098700224,82.28625538222573
93,66,Multi-cover greedy,11,sensor01→gatewayA;sensor01→gatewayC;sensor02→gatewayC;sensor03→gatewayC;sensor04→gatewayA;sensor05→gatewayA;sensor06→gatewayA;sensor07→gatewayA;sensor08→gatewayA;sensor09→gatewayA;sensor10→gatewayC,3bd78ac5d12e,73.40369188637567,17.333499005964214,-19.596308113624332,-48.666500994035786,15,15,15,1.926210688355548,3.6074739858142792,93.89265030611273,82.07668470505844
93,67,Proposed fairness greedy (lambda=1),11,sensor01→gatewayA;sensor02→gatewayC;sensor03→gatewayC;sensor04→gatewayA;sensor04→gatewayC;sensor05→gatewayA;sensor06→gatewayA;sensor07→gatewayA;sensor08→gatewayA;sensor09→gatewayA;sensor10→gatewayC,5ebe2d782739,73.22671902652009,17.333499005964214,-19.773280973479913,-49.666500994035786,15,15,15,1.9220644512944594,3.8000843577207726,94.06054098700224,82.28625538222573
93,67,Multi-cover greedy,11,sensor01→gatewayA;sensor01→gatewayC;sensor02→gatewayC;sensor03→gatewayC;sensor04→gatewayA;sensor05→gatewayA;sensor06→gatewayA;sensor07→gatewayA;sensor08→gatewayA;sensor09→gatewayA;sensor10→gatewayC,3bd78ac5d12e,73.40369188637567,17.333499005964214,-19.596308113624332,-49.666500994035786,15,15,15,1.926210688355548,3.7251210446378087,93.89265030611273,82.07668470505844
93,68,Proposed fairness greedy (lambda=1),11,sensor01→gatewayA;sensor02→gatewayC;sensor03→gatewayC;sensor04→gatewayA;sensor04→gatewayC;sensor05→gatewayA;sensor06→gatewayA;sensor07→gatewayA;sensor08→gatewayA;sensor09→gatewayA;sensor10→gatewayC,5ebe2d782739,73.22671902652009,17.333499005964214,-19.773280973479913,-50.666500994035786,15,15,15,1.9220644512944594,3.917731416544302,94.06054098700224,82.28625538222573
93,68,Multi-cover greedy,11,sensor01→gatewayA;sensor01→gatewayC;sensor02→gatewayC;sensor03→gatewayC;sensor04→gatewayA;sensor05→gatewayA;sensor06→gatewayA;sensor07→gatewayA;sensor08→gatewayA;sensor09→gatewayA;sensor10→gatewayC,3bd78ac5d12e,73.40369188637567,17.333499005964214,-19.596308113624332,-50.666500994035786,15,15,15,1.926210688355548,3.8427681034613386,93.89265030611273,82.07668470505844
93,69,Proposed fairness greedy (lambda=1),11,sensor01→gatewayA;sensor02→gatewayC;sensor03→gatewayC;sensor04→gatewayA;sensor04→gatewayC;sensor05→gatewayA;sensor06→gatewayA;sensor07→gatewayA;sensor08→gatewayA;sensor09→gatewayA;sensor10→gatewayC,5ebe2d782739,73.22671902652009,17.333499005964214,-19.773280973479913,-51.666500994035786,15,15,15,1.9220644512944594,4.035378475367831,94.06054098700224,82.28625538222573
93,69,Multi-cover greedy,11,sensor01→gatewayA;sensor01→gatewayC;sensor02→gatewayC;sensor03→gatewayC;sensor04→gatewayA;sensor05→gatewayA;sensor06→gatewayA;sensor07→gatewayA;sensor08→gatewayA;sensor09→gatewayA;sensor10→gatewayC,3bd78ac5d12e,73.40369188637567,17.333499005964214,-19.596308113624332,-51.666500994035786,15,15,15,1.926210688355548,3.960415162284868,93.89265030611273,82.07668470505844
93,70,Proposed fairness greedy (lambda=1),11,sensor01→gatewayA;sensor02→gatewayC;sensor03→gatewayC;sensor04→gatewayA;sensor04→gatewayC;sensor05→gatewayA;sensor06→gatewayA;sensor07→gatewayA;sensor08→gatewayA;sensor09→gatewayA;sensor10→gatewayC,5ebe2d782739,73.22671902652009,17.333499005964214,-19.773280973479913,-52.666500994035786,15,15,15,1.9220644512944594,4.153025534191361,94.06054098700224,82.28625538222573
93,70,Multi-cover greedy,11,sensor01→gatewayA;sensor01→gatewayC;sensor02→gatewayC;sensor03→gatewayC;sensor04→gatewayA;sensor05→gatewayA;sensor06→gatewayA;sensor07→gatewayA;sensor08→gatewayA;sensor09→gatewayA;sensor10→gatewayC,3bd78ac5d12e,73.40369188637567,17.333499005964214,-19.596308113624332,-52.666500994035786,15,15,15,1.926210688355548,4.0780622211083974,93.89265030611273,82.07668470505844
93,71,Proposed fairness greedy (lambda=1),11,sensor01→gatewayA;sensor02→gatewayC;sensor03→gatewayC;sensor04→gatewayA;sensor04→gatewayC;sensor05→gatewayA;sensor06→gatewayA;sensor07→gatewayA;sensor08→gatewayA;sensor09→gatewayA;sensor10→gatewayC,5ebe2d782739,73.22671902652009,17.333499005964214,-19.773280973479913,-53.666500994035786,15,15,15,1.9220644512944594,4.27067259301489,94.06054098700224,82.28625538222573
93,71,Multi-cover greedy,11,sensor01→gatewayA;sensor01→gatewayC;sensor02→gatewayC;sensor03→gatewayC;sensor04→gatewayA;sensor05→gatewayA;sensor06→gatewayA;sensor07→gatewayA;sensor08→gatewayA;sensor09→gatewayA;sensor10→gatewayC,3bd78ac5d12e,73.40369188637567,17.333499005964214,-19.596308113624332,-53.666500994035786,15,15,15,1.926210688355548,4.195709279931926,93.89265030611273,82.07668470505844
93,72,Proposed fairness greedy (lambda=1),11,sensor01→gatewayA;sensor02→gatewayC;sensor03→gatewayC;sensor04→gatewayA;sensor04→gatewayC;sensor05→gatewayA;sensor06→gatewayA;sensor07→gatewayA;sensor08→gatewayA;sensor09→gatewayA;sensor10→gatewayC,5ebe2d782739,73.22671902652009,17.333499005964214,-19.773280973479913,-54.666500994035786,15,15,15,1.9220644512944594,4.38831965183842,94.06054098700224,82.28625538222573
93,72,Multi-cover greedy,11,sensor01→gatewayA;sensor01→gatewayC;sensor02→gatewayC;sensor03→gatewayC;sensor04→gatewayA;sensor05→gatewayA;sensor06→gatewayA;sensor07→gatewayA;sensor08→gatewayA;sensor09→gatewayA;sensor10→gatewayC,3bd78ac5d12e,73.40369188637567,17.333499005964214,-19.596308113624332,-54.666500994035786,15,15,15,1.926210688355548,4.313356338755456,93.89265030611273,82.07668470505844
93,73,Proposed fairness greedy (lambda=1),11,sensor01→gatewayA;sensor02→gatewayC;sensor03→gatewayC;sensor04→gatewayA;sensor04→gatewayC;sensor05→gatewayA;sensor06→gatewayA;sensor07→gatewayA;sensor08→gatewayA;sensor09→gatewayA;sensor10→gatewayC,5ebe2d782739,73.22671902652009,17.333499005964214,-19.773280973479913,-55.666500994035786,15,15,15,1.9220644512944594,4.505966710661949,94.06054098700224,82.28625538222573
93,73,Multi-cover greedy,11,sensor01→gatewayA;sensor01→gatewayC;sensor02→gatewayC;sensor03→gatewayC;sensor04→gatewayA;sensor05→gatewayA;sensor06→gatewayA;sensor07→gatewayA;sensor08→gatewayA;sensor09→gatewayA;sensor10→gatewayC,3bd78ac5d12e,73.40369188637567,17.333499005964214,-19.596308113624332,-55.666500994035786,15,15,15,1.926210688355548,4.431003397578985,93.89265030611273,82.07668470505844
93,74,Proposed fairness greedy (lambda=1),11,sensor01→gatewayA;sensor02→gatewayC;sensor03→gatewayC;sensor04→gatewayA;sensor04→gatewayC;sensor05→gatewayA;sensor06→gatewayA;sensor07→gatewayA;sensor08→gatewayA;sensor09→gatewayA;sensor10→gatewayC,5ebe2d782739,73.22671902652009,17.333499005964214,-19.773280973479913,-56.666500994035786,15,15,15,1.9220644512944594,4.623613769485479,94.06054098700224,82.28625538222573
93,74,Multi-cover greedy,11,sensor01→gatewayA;sensor01→gatewayC;sensor02→gatewayC;sensor03→gatewayC;sensor04→gatewayA;sensor05→gatewayA;sensor06→gatewayA;sensor07→gatewayA;sensor08→gatewayA;sensor09→gatewayA;sensor10→gatewayC,3bd78ac5d12e,73.40369188637567,17.333499005964214,-19.596308113624332,-56.666500994035786,15,15,15,1.926210688355548,4.548650456402515,93.89265030611273,82.07668470505844
93,75,Proposed fairness greedy (lambda=1),11,sensor01→gatewayA;sensor02→gatewayC;sensor03→gatewayC;sensor04→gatewayA;sensor04→gatewayC;sensor05→gatewayA;sensor06→gatewayA;sensor07→gatewayA;sensor08→gatewayA;sensor09→gatewayA;sensor10→gatewayC,5ebe2d782739,73.22671902652009,17.333499005964214,-19.773280973479913,-57.666500994035786,15,15,15,1.9220644512944594,4.741260828309008,94.06054098700224,82.28625538222573
93,75,Multi-cover greedy,11,sensor01→gatewayA;sensor01→gatewayC;sensor02→gatewayC;sensor03→gatewayC;sensor04→gatewayA;sensor05→gatewayA;sensor06→gatewayA;sensor07→gatewayA;sensor08→gatewayA;sensor09→gatewayA;sensor10→gatewayC,3bd78ac5d12e,73.40369188637567,17.333499005964214,-19.596308113624332,-57.666500994035786,15,15,15,1.926210688355548,4.666297515226044,93.89265030611273,82.07668470505844
93,76,Proposed fairness greedy (lambda=1),11,sensor01→gatewayA;sensor02→gatewayC;sensor03→gatewayC;sensor04→gatewayA;sensor04→gatewayC;sensor05→gatewayA;sensor06→gatewayA;sensor07→gatewayA;sensor08→gatewayA;sensor09→gatewayA;sensor10→gatewayC,5ebe2d782739,73.22671902652009,17.333499005964214,-19.773280973479913,-58.666500994035786,15,15,15,1.9220644512944594,4.8589078871325375,94.06054098700224,82.28625538222573
93,76,Multi-cover greedy,11,sensor01→gatewayA;sensor01→gatewayC;sensor02→gatewayC;sensor03→gatewayC;sensor04→gatewayA;sensor05→gatewayA;sensor06→gatewayA;sensor07→gatewayA;sensor08→gatewayA;sensor09→gatewayA;sensor10→gatewayC,3bd78ac5d12e,73.40369188637567,17.333499005964214,-19.596308113624332,-58.666500994035786,15,15,15,1.926210688355548,4.783944574049574,93.89265030611273,82.07668470505844
93,77,Proposed fairness greedy (lambda=1),11,sensor01→gatewayA;sensor02→gatewayC;sensor03→gatewayC;sensor04→gatewayA;sensor04→gatewayC;sensor05→gatewayA;sensor06→gatewayA;sensor07→gatewayA;sensor08→gatewayA;sensor09→gatewayA;sensor10→gatewayC,5ebe2d782739,73.22671902652009,17.333499005964214,-19.773280973479913,-59.666500994035786,15,15,15,1.9220644512944594,4.9765549459560665,94.06054098700224,82.28625538222573
93,77,Multi-cover greedy,11,sensor01→gatewayA;sensor01→gatewayC;sensor02→gatewayC;sensor03→gatewayC;sensor04→gatewayA;sensor05→gatewayA;sensor06→gatewayA;sensor07→gatewayA;sensor08→gatewayA;sensor09→gatewayA;sensor10→gatewayC,3bd78ac5d12e,73.40369188637567,17.333499005964214,-19.596308113624332,-59.666500994035786,15,15,15,1.926210688355548,4.901591632873103,93.89265030611273,82.07668470505844
93,78,Proposed fairness greedy (lambda=1),11,sensor01→gatewayA;sensor02→gatewayC;sensor03→gatewayC;sensor04→gatewayA;sensor04→gatewayC;sensor05→gatewayA;sensor06→gatewayA;sensor07→gatewayA;sensor08→gatewayA;sensor09→gatewayA;sensor10→gatewayC,5ebe2d782739,73.22671902652009,17.333499005964214,-19.773280973479913,-60.666500994035786,15,15,15,1.9220644512944594,5.094202004779596,94.06054098700224,82.28625538222573
93,78,Multi-cover greedy,11,sensor01→gatewayA;sensor01→gatewayC;sensor02→gatewayC;sensor03→gatewayC;sensor04→gatewayA;sensor05→gatewayA;sensor06→gatewayA;sensor07→gatewayA;sensor08→gatewayA;sensor09→gatewayA;sensor10→gatewayC,3bd78ac5d12e,73.40369188637567,17.333499005964214,-19.596308113624332,-60.666500994035786,15,15,15,1.926210688355548,5.019238691696633,93.89265030611273,82.07668470505844
93,79,Proposed fairness greedy (lambda=1),11,sensor01→gatewayA;sensor02→gatewayC;sensor03→gatewayC;sensor04→gatewayA;sensor04→gatewayC;sensor05→gatewayA;sensor06→gatewayA;sensor07→gatewayA;sensor08→gatewayA;sensor09→gatewayA;sensor10→gatewayC,5ebe2d782739,73.22671902652009,17.333499005964214,-19.773280973479913,-61.666500994035786,15,15,15,1.9220644512944594,5.211849063603125,94.06054098700224,82.28625538222573
93,79,Multi-cover greedy,11,sensor01→gatewayA;sensor01→gatewayC;sensor02→gatewayC;sensor03→gatewayC;sensor04→gatewayA;sensor05→gatewayA;sensor06→gatewayA;sensor07→gatewayA;sensor08→gatewayA;sensor09→gatewayA;sensor10→gatewayC,3bd78ac5d12e,73.40369188637567,17.333499005964214,-19.596308113624332,-61.666500994035786,15,15,15,1.926210688355548,5.136885750520162,93.89265030611273,82.07668470505844
93,80,Proposed fairness greedy (lambda=1),11,sensor01→gatewayA;sensor02→gatewayC;sensor03→gatewayC;sensor04→gatewayA;sensor04→gatewayC;sensor05→gatewayA;sensor06→gatewayA;sensor07→gatewayA;sensor08→gatewayA;sensor09→gatewayA;sensor10→gatewayC,5ebe2d782739,73.22671902652009,17.333499005964214,-19.773280973479913,-62.666500994035786,15,15,15,1.9220644512944594,5.329496122426654,94.06054098700224,82.28625538222573
93,80,Multi-cover greedy,11,sensor01→gatewayA;sensor01→gatewayC;sensor02→gatewayC;sensor03→gatewayC;sensor04→gatewayA;sensor05→gatewayA;sensor06→gatewayA;sensor07→gatewayA;sensor08→gatewayA;sensor09→gatewayA;sensor10→gatewayC,3bd78ac5d12e,73.40369188637567,17.333499005964214,-19.596308113624332,-62.666500994035786,15,15,15,1.926210688355548,5.254532809343692,93.89265030611273,82.07668470505844
93,81,Proposed fairness greedy (lambda=1),11,sensor01→gatewayA;sensor02→gatewayC;sensor03→gatewayC;sensor04→gatewayA;sensor04→gatewayC;sensor05→gatewayA;sensor06→gatewayA;sensor07→gatewayA;sensor08→gatewayA;sensor09→gatewayA;sensor10→gatewayC,5ebe2d782739,73.22671902652009,17.333499005964214,-19.773280973479913,-63.666500994035786,15,15,15,1.9220644512944594,5.447143181250184,94.06054098700224,82.28625538222573
93,81,Multi-cover greedy,11,sensor01→gatewayA;sensor01→gatewayC;sensor02→gatewayC;sensor03→gatewayC;sensor04→gatewayA;sensor05→gatewayA;sensor06→gatewayA;sensor07→gatewayA;sensor08→gatewayA;sensor09→gatewayA;sensor10→gatewayC,3bd78ac5d12e,73.40369188637567,17.333499005964214,-19.596308113624332,-63.666500994035786,15,15,15,1.926210688355548,5.372179868167221,93.89265030611273,82.07668470505844
93,82,Proposed fairness greedy (lambda=1),11,sensor01→gatewayA;sensor02→gatewayC;sensor03→gatewayC;sensor04→gatewayA;sensor04→gatewayC;sensor05→gatewayA;sensor06→gatewayA;sensor07→gatewayA;sensor08→gatewayA;sensor09→gatewayA;sensor10→gatewayC,5ebe2d782739,73.22671902652009,17.333499005964214,-19.773280973479913,-64.66650099403579,15,15,15,1.9220644512944594,5.564790240073713,94.06054098700224,82.28625538222573
93,82,Multi-cover greedy,11,sensor01→gatewayA;sensor01→gatewayC;sensor02→gatewayC;sensor03→gatewayC;sensor04→gatewayA;sensor05→gatewayA;sensor06→gatewayA;sensor07→gatewayA;sensor08→gatewayA;sensor09→gatewayA;sensor10→gatewayC,3bd78ac5d12e,73.40369188637567,17.333499005964214,-19.596308113624332,-64.66650099403579,15,15,15,1.926210688355548,5.489826926990751,93.89265030611273,82.07668470505844
93,83,Proposed fairness greedy (lambda=1),11,sensor01→gatewayA;sensor02→gatewayC;sensor03→gatewayC;sensor04→gatewayA;sensor04→gatewayC;sensor05→gatewayA;sensor06→gatewayA;sensor07→gatewayA;sensor08→gatewayA;sensor09→gatewayA;sensor10→gatewayC,5ebe2d782739,73.22671902652009,17.333499005964214,-19.773280973479913,-65.66650099403579,15,15,15,1.9220644512944594,5.682437298897243,94.06054098700224,82.28625538222573
93,83,Multi-cover greedy,11,sensor01→gatewayA;sensor01→gatewayC;sensor02→gatewayC;sensor03→gatewayC;sensor04→gatewayA;sensor05→gatewayA;sensor06→gatewayA;sensor07→gatewayA;sensor08→gatewayA;sensor09→gatewayA;sensor10→gatewayC,3bd78ac5d12e,73.40369188637567,17.333499005964214,-19.596308113624332,-65.66650099403579,15,14,14,1.926210688355548,5.613937785584062,93.89265030611273,82.07668470505844
93,84,Proposed fairness greedy (lambda=1),11,sensor01→gatewayA;sensor02→gatewayC;sensor03→gatewayC;sensor04→gatewayA;sensor04→gatewayC;sensor05→gatewayA;sensor06→gatewayA;sensor07→gatewayA;sensor08→gatewayA;sensor09→gatewayA;sensor10→gatewayC,5ebe2d782739,73.22671902652009,17.333499005964214,-19.773280973479913,-66.66650099403579,15,15,15,1.9220644512944594,5.800084357720772,94.06054098700224,82.28625538222573
93,84,Multi-cover greedy,11,sensor01→gatewayA;sensor01→gatewayC;sensor02→gatewayC;sensor03→gatewayC;sensor04→gatewayA;sensor05→gatewayA;sensor06→gatewayA;sensor07→gatewayA;sensor08→gatewayA;sensor09→gatewayA;sensor10→gatewayC,3bd78ac5d12e,73.40369188637567,17.333499005964214,-19.596308113624332,-66.66650099403579,15,14,14,1.926210688355548,5.790408373819355,93.89265030611273,82.07668470505844
93,85,Proposed fairness greedy (lambda=1),11,sensor01→gatewayA;sensor02→gatewayC;sensor03→gatewayC;sensor04→gatewayA;sensor04→gatewayC;sensor05→gatewayA;sensor06→gatewayA;sensor07→gatewayA;sensor08→gatewayA;sensor09→gatewayA;sensor10→gatewayC,5ebe2d782739,73.22671902652009,17.333499005964214,-19.773280973479913,-67.66650099403579,15,15,15,1.9220644512944594,5.917731416544302,94.06054098700224,82.28625538222573
93,85,Multi-cover greedy,11,sensor01→gatewayA;sensor01→gatewayC;sensor02→gatewayC;sensor03→gatewayC;sensor04→gatewayA;sensor05→gatewayA;sensor06→gatewayA;sensor07→gatewayA;sensor08→gatewayA;sensor09→gatewayA;sensor10→gatewayC,3bd78ac5d12e,73.40369188637567,17.333499005964214,-19.596308113624332,-67.66650099403579,15,13,13,1.926210688355548,5.995209033137375,93.89265030611273,82.07668470505844
93,86,Proposed fairness greedy (lambda=1),11,sensor01→gatewayA;sensor02→gatewayC;sensor03→gatewayC;sensor04→gatewayA;sensor04→gatewayC;sensor05→gatewayA;sensor06→gatewayA;sensor07→gatewayA;sensor08→gatewayA;sensor09→gatewayA;sensor10→gatewayC,5ebe2d782739,73.22671902652009,17.333499005964214,-19.773280973479913,-68.66650099403579,15,12,12,1.9220644512944594,6.127644529118963,94.06054098700224,82.28625538222573
93,86,Multi-cover greedy,11,sensor01→gatewayA;sensor01→gatewayC;sensor02→gatewayC;sensor03→gatewayC;sensor04→gatewayA;sensor05→gatewayA;sensor06→gatewayA;sensor07→gatewayA;sensor08→gatewayA;sensor09→gatewayA;sensor10→gatewayC,3bd78ac5d12e,73.40369188637567,17.333499005964214,-19.596308113624332,-68.66650099403579,15,12,12,1.926210688355548,6.281463326246537,93.89265030611273,82.07668470505844
93,89,Proposed fairness greedy (lambda=1),12,sensor01→gatewayA;sensor01→gatewayC;sensor02→gatewayC;sensor03→gatewayC;sensor04→gatewayA;sensor04→gatewayC;sensor05→gatewayA;sensor06→gatewayA;sensor07→gatewayA;sensor08→gatewayA;sensor09→gatewayA;sensor10→gatewayC,fba66e5cdf8c,78.5242788678904,17.333499005964214,-14.475721132109598,-71.66650099403579,15,12,12,1.6026955200501851,6.64206402885783,95.30868439399289,84.31997339445302
93,89,Multi-cover greedy,12,sensor01→gatewayA;sensor01→gatewayB;sensor02→gatewayC;sensor03→gatewayC;sensor04→gatewayA;sensor04→gatewayC;sensor05→gatewayA;sensor06→gatewayA;sensor07→gatewayA;sensor08→gatewayA;sensor09→gatewayA;sensor10→gatewayC,1857c34ccaa1,74.07283014480772,17.333499005964214,-18.927169855192275,-71.66650099403579,15,8,8,1.8717453873378622,7.0949621683777915,94.15400091545355,82.67847276683732
93,91,Proposed fairness greedy (lambda=1),14,sensor01→gatewayA;sensor01→gatewayC;sensor02→gatewayC;sensor03→gatewayC;sensor04→gatewayA;sensor04→gatewayC;sensor05→gatewayA;sensor06→gatewayA;sensor07→gatewayA;sensor07→gatewayC;sensor08→gatewayA;sensor08→gatewayB;sensor09→gatewayA;sensor10→gatewayC,ba7836f47dfe,81.05742110584855,17.333499005964214,-11.942578894151453,-73.66650099403579,15,14,14,1.0155763927269754,6.483755642410328,97.23834709357982,89.23134868455652
93,91,Multi-cover greedy,14,sensor01→gatewayA;sensor01→gatewayC;sensor02→gatewayC;sensor03→gatewayC;sensor04→gatewayA;sensor04→gatewayC;sensor05→gatewayA;sensor06→gatewayA;sensor07→gatewayA;sensor07→gatewayB;sensor08→gatewayA;sensor08→gatewayB;sensor09→gatewayA;sensor10→gatewayC,7d0409742162,80.99223032302699,17.333499005964214,-12.007769676973012,-73.66650099403579,15,11,11,1.2324016668453708,7.005931362090352,96.43474975762871,86.58389421375502
93,92,Proposed fairness greedy (lambda=1),14,sensor01→gatewayA;sensor01→gatewayC;sensor02→gatewayC;sensor03→gatewayC;sensor04→gatewayA;sensor04→gatewayC;sensor05→gatewayA;sensor06→gatewayA;sensor07→gatewayA;sensor07→gatewayC;sensor08→gatewayA;sensor08→gatewayB;sensor09→gatewayA;sensor10→gatewayC,ba7836f47dfe,81.05742110584855,17.333499005964214,-11.942578894151453,-74.66650099403579,15,14,14,1.0155763927269754,6.660226230645622,97.23834709357982,89.23134868455652
93,92,Multi-cover greedy,14,sensor01→gatewayA;sensor01→gatewayC;sensor02→gatewayC;sensor03→gatewayC;sensor04→gatewayA;sensor04→gatewayC;sensor05→gatewayA;sensor06→gatewayA;sensor07→gatewayA;sensor07→gatewayB;sensor08→gatewayA;sensor08→gatewayB;sensor09→gatewayA;sensor10→gatewayC,7d0409742162,80.99223032302699,17.333499005964214,-12.007769676973012,-74.66650099403579,15,10,10,1.2324016668453708,7.417269307087821,96.43474975762871,86.58389421375502
93,95,Proposed fairness greedy (lambda=1),17,sensor01→gatewayA;sensor01→gatewayC;sensor02→gatewayA;sensor02→gatewayC;sensor03→gatewayA;sensor03→gatewayC;sensor04→gatewayA;sensor04→gatewayC;sensor05→gatewayA;sensor05→gatewayC;sensor06→gatewayA;sensor07→gatewayA;sensor07→gatewayC;sensor08→gatewayA;sensor08→gatewayB;sensor09→gatewayA;sensor10→gatewayC,126ff9a6f407,92.6020177489569,60.10386612810156,-0.3979822510431035,-34.89613387189844,16,15,15,0.023410720649594322,2.0666735145595405,99.1281265199174,94.76426136423231
93,95,Multi-cover greedy,17,sensor01→gatewayA;sensor01→gatewayC;sensor02→gatewayA;sensor02→gatewayC;sensor03→gatewayA;sensor03→gatewayC;sensor04→gatewayA;sensor04→gatewayC;sensor05→gatewayA;sensor05→gatewayB;sensor06→gatewayA;sensor07→gatewayA;sensor07→gatewayC;sensor08→gatewayA;sensor08→gatewayB;sensor09→gatewayA;sensor10→gatewayC,4deb1457865a,88.66211101494581,60.10386612810156,-4.337888985054192,-34.89613387189844,16,15,15,0.25516994029730544,2.0666735145595405,98.62758524078373,94.41404901090611
94,50,Proposed fairness greedy (lambda=1),12,sensor01→gatewayA;sensor01→gatewayC;sensor02→gatewayC;sensor03→gatewayC;sensor04→gatewayA;sensor04→gatewayC;sensor05→gatewayA;sensor06→gatewayA;sensor07→gatewayA;sensor08→gatewayA;sensor09→gatewayA;sensor10→gatewayC,fba66e5cdf8c,78.5242788678904,17.333499005964214,-15.475721132109598,-32.666500994035786,15,16,15,1.7203425788737146,1.921558882002105,95.30868439399289,84.31997339445302
94,50,Multi-cover greedy,12,sensor01→gatewayA;sensor01→gatewayB;sensor02→gatewayC;sensor03→gatewayC;sensor04→gatewayA;sensor04→gatewayC;sensor05→gatewayA;sensor06→gatewayA;sensor07→gatewayA;sensor08→gatewayA;sensor09→gatewayA;sensor10→gatewayC,1857c34ccaa1,74.07283014480772,17.333499005964214,-19.927169855192275,-32.666500994035786,15,16,15,1.9893924461613917,1.921558882002105,94.15400091545355,82.67847276683732
94,51,Proposed fairness greedy (lambda=1),12,sensor01→gatewayA;sensor01→gatewayC;sensor02→gatewayC;sensor03→gatewayC;sensor04→gatewayA;sensor04→gatewayC;sensor05→gatewayA;sensor06→gatewayA;sensor07→gatewayA;sensor08→gatewayA;sensor09→gatewayA;sensor10→gatewayC,fba66e5cdf8c,78.5242788678904,17.333499005964214,-15.475721132109598,-33.666500994035786,15,16,15,1.7203425788737146,1.9803824114138697,95.30868439399289,84.31997339445302
94,51,Multi-cover greedy,12,sensor01→gatewayA;sensor01→gatewayB;sensor02→gatewayC;sensor03→gatewayC;sensor04→gatewayA;sensor04→gatewayC;sensor05→gatewayA;sensor06→gatewayA;sensor07→gatewayA;sensor08→gatewayA;sensor09→gatewayA;sensor10→gatewayC,1857c34ccaa1,74.07283014480772,17.333499005964214,-19.927169855192275,-33.666500994035786,15,16,15,1.9893924461613917,1.9803824114138697,94.15400091545355,82.67847276683732
94,52,Proposed fairness greedy (lambda=1),12,sensor01→gatewayA;sensor01→gatewayC;sensor02→gatewayC;sensor03→gatewayC;sensor04→gatewayA;sensor04→gatewayC;sensor05→gatewayA;sensor06→gatewayA;sensor07→gatewayA;sensor08→gatewayA;sensor09→gatewayA;sensor10→gatewayC,fba66e5cdf8c,78.5242788678904,17.333499005964214,-15.475721132109598,-34.666500994035786,15,16,15,1.7203425788737146,2.0392059408256347,95.30868439399289,84.31997339445302
94,52,Multi-cover greedy,12,sensor01→gatewayA;sensor01→gatewayB;sensor02→gatewayC;sensor03→gatewayC;sensor04→gatewayA;sensor04→gatewayC;sensor05→gatewayA;sensor06→gatewayA;sensor07→gatewayA;sensor08→gatewayA;sensor09→gatewayA;sensor10→gatewayC,1857c34ccaa1,74.07283014480772,17.333499005964214,-19.927169855192275,-34.666500994035786,15,16,15,1.9893924461613917,2.0392059408256347,94.15400091545355,82.67847276683732
94,53,Proposed fairness greedy (lambda=1),12,sensor01→gatewayA;sensor01→gatewayC;sensor02→gatewayC;sensor03→gatewayC;sensor04→gatewayA;sensor04→gatewayC;sensor05→gatewayA;sensor06→gatewayA;sensor07→gatewayA;sensor08→gatewayA;sensor09→gatewayA;sensor10→gatewayC,fba66e5cdf8c,78.5242788678904,17.333499005964214,-15.475721132109598,-35.666500994035786,15,16,15,1.7203425788737146,2.098029470237399,95.30868439399289,84.31997339445302
94,53,Multi-cover greedy,12,sensor01→gatewayA;sensor01→gatewayB;sensor02→gatewayC;sensor03→gatewayC;sensor04→gatewayA;sensor04→gatewayC;sensor05→gatewayA;sensor06→gatewayA;sensor07→gatewayA;sensor08→gatewayA;sensor09→gatewayA;sensor10→gatewayC,1857c34ccaa1,74.07283014480772,17.333499005964214,-19.927169855192275,-35.666500994035786,15,16,15,1.9893924461613917,2.098029470237399,94.15400091545355,82.67847276683732
94,54,Proposed fairness greedy (lambda=1),12,sensor01→gatewayA;sensor01→gatewayC;sensor02→gatewayC;sensor03→gatewayC;sensor04→gatewayA;sensor04→gatewayC;sensor05→gatewayA;sensor06→gatewayA;sensor07→gatewayA;sensor08→gatewayA;sensor09→gatewayA;sensor10→gatewayC,fba66e5cdf8c,78.5242788678904,17.333499005964214,-15.475721132109598,-36.666500994035786,15,15,15,1.7203425788737146,2.1957092799319264,95.30868439399289,84.31997339445302
94,54,Multi-cover greedy,12,sensor01→gatewayA;sensor01→gatewayB;sensor02→gatewayC;sensor03→gatewayC;sensor04→gatewayA;sensor04→gatewayC;sensor05→gatewayA;sensor06→gatewayA;sensor07→gatewayA;sensor08→gatewayA;sensor09→gatewayA;sensor10→gatewayC,1857c34ccaa1,74.07283014480772,17.333499005964214,-19.927169855192275,-36.666500994035786,15,15,15,1.9893924461613917,2.1957092799319264,94.15400091545355,82.67847276683732
94,55,Proposed fairness greedy (lambda=1),12,sensor01→gatewayA;sensor01→gatewayC;sensor02→gatewayC;sensor03→gatewayC;sensor04→gatewayA;sensor04→gatewayC;sensor05→gatewayA;sensor06→gatewayA;sensor07→gatewayA;sensor08→gatewayA;sensor09→gatewayA;sensor10→gatewayC,fba66e5cdf8c,78.5242788678904,17.333499005964214,-15.475721132109598,-37.666500994035786,15,15,15,1.7203425788737146,2.313356338755456,95.30868439399289,84.31997339445302
94,55,Multi-cover greedy,12,sensor01→gatewayA;sensor01→gatewayB;sensor02→gatewayC;sensor03→gatewayC;sensor04→gatewayA;sensor04→gatewayC;sensor05→gatewayA;sensor06→gatewayA;sensor07→gatewayA;sensor08→gatewayA;sensor09→gatewayA;sensor10→gatewayC,1857c34ccaa1,74.07283014480772,17.333499005964214,-19.927169855192275,-37.666500994035786,15,15,15,1.9893924461613917,2.313356338755456,94.15400091545355,82.67847276683732
94,56,Proposed fairness greedy (lambda=1),12,sensor01→gatewayA;sensor01→gatewayC;sensor02→gatewayC;sensor03→gatewayC;sensor04→gatewayA;sensor04→gatewayC;sensor05→gatewayA;sensor06→gatewayA;sensor07→gatewayA;sensor08→gatewayA;sensor09→gatewayA;sensor10→gatewayC,fba66e5cdf8c,78.5242788678904,17.333499005964214,-15.475721132109598,-38.666500994035786,15,15,15,1.7203425788737146,2.4310033975789853,95.30868439399289,84.31997339445302
94,56,Multi-cover greedy,12,sensor01→gatewayA;sensor01→gatewayB;sensor02→gatewayC;sensor03→gatewayC;sensor04→gatewayA;sensor04→gatewayC;sensor05→gatewayA;sensor06→gatewayA;sensor07→gatewayA;sensor08→gatewayA;sensor09→gatewayA;sensor10→gatewayC,1857c34ccaa1,74.07283014480772,17.333499005964214,-19.927169855192275,-38.666500994035786,15,15,15,1.9893924461613917,2.4310033975789853,94.15400091545355,82.67847276683732
94,57,Proposed fairness greedy (lambda=1),12,sensor01→gatewayA;sensor01→gatewayC;sensor02→gatewayC;sensor03→gatewayC;sensor04→gatewayA;sensor04→gatewayC;sensor05→gatewayA;sensor06→gatewayA;sensor07→gatewayA;sensor08→gatewayA;sensor09→gatewayA;sensor10→gatewayC,fba66e5cdf8c,78.5242788678904,17.333499005964214,-15.475721132109598,-39.666500994035786,15,15,15,1.7203425788737146,2.5486504564025148,95.30868439399289,84.31997339445302
94,57,Multi-cover greedy,12,sensor01→gatewayA;sensor01→gatewayB;sensor02→gatewayC;sensor03→gatewayC;sensor04→gatewayA;sensor04→gatewayC;sensor05→gatewayA;sensor06→gatewayA;sensor07→gatewayA;sensor08→gatewayA;sensor09→gatewayA;sensor10→gatewayC,1857c34ccaa1,74.07283014480772,17.333499005964214,-19.927169855192275,-39.666500994035786,15,15,15,1.9893924461613917,2.5486504564025148,94.15400091545355,82.67847276683732
94,58,Proposed fairness greedy (lambda=1),12,sensor01→gatewayA;sensor01→gatewayC;sensor02→gatewayC;sensor03→gatewayC;sensor04→gatewayA;sensor04→gatewayC;sensor05→gatewayA;sensor06→gatewayA;sensor07→gatewayA;sensor08→gatewayA;sensor09→gatewayA;sensor10→gatewayC,fba66e5cdf8c,78.5242788678904,17.333499005964214,-15.475721132109598,-40.666500994035786,15,15,15,1.7203425788737146,2.666297515226044,95.30868439399289,84.31997339445302
94,58,Multi-cover greedy,12,sensor01→gatewayA;sensor01→gatewayB;sensor02→gatewayC;sensor03→gatewayC;sensor04→gatewayA;sensor04→gatewayC;sensor05→gatewayA;sensor06→gatewayA;sensor07→gatewayA;sensor08→gatewayA;sensor09→gatewayA;sensor10→gatewayC,1857c34ccaa1,74.07283014480772,17.333499005964214,-19.927169855192275,-40.666500994035786,15,15,15,1.9893924461613917,2.666297515226044,94.15400091545355,82.67847276683732
94,59,Proposed fairness greedy (lambda=1),12,sensor01→gatewayA;sensor01→gatewayC;sensor02→gatewayC;sensor03→gatewayC;sensor04→gatewayA;sensor04→gatewayC;sensor05→gatewayA;sensor06→gatewayA;sensor07→gatewayA;sensor08→gatewayA;sensor09→gatewayA;sensor10→gatewayC,fba66e5cdf8c,78.5242788678904,17.333499005964214,-15.475721132109598,-41.666500994035786,15,15,15,1.7203425788737146,2.7839445740495736,95.30868439399289,84.31997339445302
94,59,Multi-cover greedy,12,sensor01→gatewayA;sensor01→gatewayB;sensor02→gatewayC;sensor03→gatewayC;sensor04→gatewayA;sensor04→gatewayC;sensor05→gatewayA;sensor06→gatewayA;sensor07→gatewayA;sensor08→gatewayA;sensor09→gatewayA;sensor10→gatewayC,1857c34ccaa1,74.07283014480772,17.333499005964214,-19.927169855192275,-41.666500994035786,15,15,15,1.9893924461613917,2.7839445740495736,94.15400091545355,82.67847276683732
94,60,Proposed fairness greedy (lambda=1),12,sensor01→gatewayA;sensor01→gatewayC;sensor02→gatewayC;sensor03→gatewayC;sensor04→gatewayA;sensor04→gatewayC;sensor05→gatewayA;sensor06→gatewayA;sensor07→gatewayA;sensor08→gatewayA;sensor09→gatewayA;sensor10→gatewayC,fba66e5cdf8c,78.5242788678904,17.333499005964214,-15.475721132109598,-42.666500994035786,15,15,15,1.7203425788737146,2.901591632873103,95.30868439399289,84.31997339445302
94,60,Multi-cover greedy,12,sensor01→gatewayA;sensor01→gatewayB;sensor02→gatewayC;sensor03→gatewayC;sensor04→gatewayA;sensor04→gatewayC;sensor05→gatewayA;sensor06→gatewayA;sensor07→gatewayA;sensor08→gatewayA;sensor09→gatewayA;sensor10→gatewayC,1857c34ccaa1,74.07283014480772,17.333499005964214,-19.927169855192275,-42.666500994035786,15,15,15,1.9893924461613917,2.901591632873103,94.15400091545355,82.67847276683732
94,61,Proposed fairness greedy (lambda=1),12,sensor01→gatewayA;sensor01→gatewayC;sensor02→gatewayC;sensor03→gatewayC;sensor04→gatewayA;sensor04→gatewayC;sensor05→gatewayA;sensor06→gatewayA;sensor07→gatewayA;sensor08→gatewayA;sensor09→gatewayA;sensor10→gatewayC,fba66e5cdf8c,78.5242788678904,17.333499005964214,-15.475721132109598,-43.666500994035786,15,15,15,1.7203425788737146,3.019238691696632,95.30868439399289,84.31997339445302
94,61,Multi-cover greedy,12,sensor01→gatewayA;sensor01→gatewayB;sensor02→gatewayC;sensor03→gatewayC;sensor04→gatewayA;sensor04→gatewayC;sensor05→gatewayA;sensor06→gatewayA;sensor07→gatewayA;sensor08→gatewayA;sensor09→gatewayA;sensor10→gatewayC,1857c34ccaa1,74.07283014480772,17.333499005964214,-19.927169855192275,-43.666500994035786,15,15,15,1.9893924461613917,3.019238691696632,94.15400091545355,82.67847276683732
94,62,Proposed fairness greedy (lambda=1),12,sensor01→gatewayA;sensor01→gatewayC;sensor02→gatewayC;sensor03→gatewayC;sensor04→gatewayA;sensor04→gatewayC;sensor05→gatewayA;sensor06→gatewayA;sensor07→gatewayA;sensor08→gatewayA;sensor09→gatewayA;sensor10→gatewayC,fba66e5cdf8c,78.5242788678904,17.333499005964214,-15.475721132109598,-44.666500994035786,15,15,15,1.7203425788737146,3.1368857505201615,95.30868439399289,84.31997339445302
94,62,Multi-cover greedy,12,sensor01→gatewayA;sensor01→gatewayB;sensor02→gatewayC;sensor03→gatewayC;sensor04→gatewayA;sensor04→gatewayC;sensor05→gatewayA;sensor06→gatewayA;sensor07→gatewayA;sensor08→gatewayA;sensor09→gatewayA;sensor10→gatewayC,1857c34ccaa1,74.07283014480772,17.333499005964214,-19.927169855192275,-44.666500994035786,15,15,15,1.9893924461613917,3.1368857505201615,94.15400091545355,82.67847276683732
94,63,Proposed fairness greedy (lambda=1),12,sensor01→gatewayA;sensor01→gatewayC;sensor02→gatewayC;sensor03→gatewayC;sensor04→gatewayA;sensor04→gatewayC;sensor05→gatewayA;sensor06→gatewayA;sensor07→gatewayA;sensor08→gatewayA;sensor09→gatewayA;sensor10→gatewayC,fba66e5cdf8c,78.5242788678904,17.333499005964214,-15.475721132109598,-45.666500994035786,15,15,15,1.7203425788737146,3.254532809343691,95.30868439399289,84.31997339445302
94,63,Multi-cover greedy,12,sensor01→gatewayA;sensor01→gatewayB;sensor02→gatewayC;sensor03→gatewayC;sensor04→gatewayA;sensor04→gatewayC;sensor05→gatewayA;sensor06→gatewayA;sensor07→gatewayA;sensor08→gatewayA;sensor09→gatewayA;sensor10→gatewayC,1857c34ccaa1,74.07283014480772,17.333499005964214,-19.927169855192275,-45.666500994035786,15,15,15,1.9893924461613917,3.254532809343691,94.15400091545355,82.67847276683732
94,64,Proposed fairness greedy (lambda=1),12,sensor01→gatewayA;sensor01→gatewayC;sensor02→gatewayC;sensor03→gatewayC;sensor04→gatewayA;sensor04→gatewayC;sensor05→gatewayA;sensor06→gatewayA;sensor07→gatewayA;sensor08→gatewayA;sensor09→gatewayA;sensor10→gatewayC,fba66e5cdf8c,78.5242788678904,17.333499005964214,-15.475721132109598,-46.666500994035786,15,15,15,1.7203425788737146,3.3721798681672204,95.30868439399289,84.31997339445302
94,64,Multi-cover greedy,12,sensor01→gatewayA;sensor01→gatewayB;sensor02→gatewayC;sensor03→gatewayC;sensor04→gatewayA;sensor04→gatewayC;sensor05→gatewayA;sensor06→gatewayA;sensor07→gatewayA;sensor08→gatewayA;sensor09→gatewayA;sensor10→gatewayC,1857c34ccaa1,74.07283014480772,17.333499005964214,-19.927169855192275,-46.666500994035786,15,15,15,1.9893924461613917,3.3721798681672204,94.15400091545355,82.67847276683732
94,65,Proposed fairness greedy (lambda=1),12,sensor01→gatewayA;sensor01→gatewayC;sensor02→gatewayC;sensor03→gatewayC;sensor04→gatewayA;sensor04→gatewayC;sensor05→gatewayA;sensor06→gatewayA;sensor07→gatewayA;sensor08→gatewayA;sensor09→gatewayA;sensor10→gatewayC,fba66e5cdf8c,78.5242788678904,17.333499005964214,-15.475721132109598,-47.666500994035786,15,15,15,1.7203425788737146,3.48982692699075,95.30868439399289,84.31997339445302
94,65,Multi-cover greedy,12,sensor01→gatewayA;sensor01→gatewayB;sensor02→gatewayC;sensor03→gatewayC;sensor04→gatewayA;sensor04→gatewayC;sensor05→gatewayA;sensor06→gatewayA;sensor07→gatewayA;sensor08→gatewayA;sensor09→gatewayA;sensor10→gatewayC,1857c34ccaa1,74.07283014480772,17.333499005964214,-19.927169855192275,-47.666500994035786,15,15,15,1.9893924461613917,3.48982692699075,94.15400091545355,82.67847276683732
94,66,Proposed fairness greedy (lambda=1),12,sensor01→gatewayA;sensor01→gatewayC;sensor02→gatewayC;sensor03→gatewayC;sensor04→gatewayA;sensor04→gatewayC;sensor05→gatewayA;sensor06→gatewayA;sensor07→gatewayA;sensor08→gatewayA;sensor09→gatewayA;sensor10→gatewayC,fba66e5cdf8c,78.5242788678904,17.333499005964214,-15.475721132109598,-48.666500994035786,15,15,15,1.7203425788737146,3.6074739858142792,95.30868439399289,84.31997339445302
94,66,Multi-cover greedy,12,sensor01→gatewayA;sensor01→gatewayB;sensor02→gatewayC;sensor03→gatewayC;sensor04→gatewayA;sensor04→gatewayC;sensor05→gatewayA;sensor06→gatewayA;sensor07→gatewayA;sensor08→gatewayA;sensor09→gatewayA;sensor10→gatewayC,1857c34ccaa1,74.07283014480772,17.333499005964214,-19.927169855192275,-48.666500994035786,15,15,15,1.9893924461613917,3.6074739858142792,94.15400091545355,82.67847276683732
94,67,Proposed fairness greedy (lambda=1),12,sensor01→gatewayA;sensor01→gatewayC;sensor02→gatewayC;sensor03→gatewayC;sensor04→gatewayA;sensor04→gatewayC;sensor05→gatewayA;sensor06→gatewayA;sensor07→gatewayA;sensor08→gatewayA;sensor09→gatewayA;sensor10→gatewayC,fba66e5cdf8c,78.5242788678904,17.333499005964214,-15.475721132109598,-49.666500994035786,15,15,15,1.7203425788737146,3.7251210446378087,95.30868439399289,84.31997339445302
94,67,Multi-cover greedy,12,sensor01→gatewayA;sensor01→gatewayB;sensor02→gatewayC;sensor03→gatewayC;sensor04→gatewayA;sensor04→gatewayC;sensor05→gatewayA;sensor06→gatewayA;sensor07→gatewayA;sensor08→gatewayA;sensor09→gatewayA;sensor10→gatewayC,1857c34ccaa1,74.07283014480772,17.333499005964214,-19.927169855192275,-49.666500994035786,15,15,15,1.9893924461613917,3.7251210446378087,94.15400091545355,82.67847276683732
94,68,Proposed fairness greedy (lambda=1),12,sensor01→gatewayA;sensor01→gatewayC;sensor02→gatewayC;sensor03→gatewayC;sensor04→gatewayA;sensor04→gatewayC;sensor05→gatewayA;sensor06→gatewayA;sensor07→gatewayA;sensor08→gatewayA;sensor09→gatewayA;sensor10→gatewayC,fba66e5cdf8c,78.5242788678904,17.333499005964214,-15.475721132109598,-50.666500994035786,15,15,15,1.7203425788737146,3.8427681034613386,95.30868439399289,84.31997339445302
94,68,Multi-cover greedy,12,sensor01→gatewayA;sensor01→gatewayB;sensor02→gatewayC;sensor03→gatewayC;sensor04→gatewayA;sensor04→gatewayC;sensor05→gatewayA;sensor06→gatewayA;sensor07→gatewayA;sensor08→gatewayA;sensor09→gatewayA;sensor10→gatewayC,1857c34ccaa1,74.07283014480772,17.333499005964214,-19.927169855192275,-50.666500994035786,15,15,15,1.9893924461613917,3.8427681034613386,94.15400091545355,82.67847276683732
94,69,Proposed fairness greedy (lambda=1),12,sensor01→gatewayA;sensor01→gatewayC;sensor02→gatewayC;sensor03→gatewayC;sensor04→gatewayA;sensor04→gatewayC;sensor05→gatewayA;sensor06→gatewayA;sensor07→gatewayA;sensor08→gatewayA;sensor09→gatewayA;sensor10→gatewayC,fba66e5cdf8c,78.5242788678904,17.333499005964214,-15.475721132109598,-51.666500994035786,15,15,15,1.7203425788737146,3.960415162284868,95.30868439399289,84.31997339445302
94,69,Multi-cover greedy,12,sensor01→gatewayA;sensor01→gatewayB;sensor02→gatewayC;sensor03→gatewayC;sensor04→gatewayA;sensor04→gatewayC;sensor05→gatewayA;sensor06→gatewayA;sensor07→gatewayA;sensor08→gatewayA;sensor09→gatewayA;sensor10→gatewayC,1857c34ccaa1,74.07283014480772,17.333499005964214,-19.927169855192275,-51.666500994035786,15,15,15,1.9893924461613917,3.960415162284868,94.15400091545355,82.67847276683732
94,70,Proposed fairness greedy (lambda=1),12,sensor01→gatewayA;sensor01→gatewayC;sensor02→gatewayC;sensor03→gatewayC;sensor04→gatewayA;sensor04→gatewayC;sensor05→gatewayA;sensor06→gatewayA;sensor07→gatewayA;sensor08→gatewayA;sensor09→gatewayA;sensor10→gatewayC,fba66e5cdf8c,78.5242788678904,17.333499005964214,-15.475721132109598,-52.666500994035786,15,15,15,1.7203425788737146,4.0780622211083974,95.30868439399289,84.31997339445302
94,70,Multi-cover greedy,12,sensor01→gatewayA;sensor01→gatewayB;sensor02→gatewayC;sensor03→gatewayC;sensor04→gatewayA;sensor04→gatewayC;sensor05→gatewayA;sensor06→gatewayA;sensor07→gatewayA;sensor08→gatewayA;sensor09→gatewayA;sensor10→gatewayC,1857c34ccaa1,74.07283014480772,17.333499005964214,-19.927169855192275,-52.666500994035786,15,15,15,1.9893924461613917,4.0780622211083974,94.15400091545355,82.67847276683732
94,71,Proposed fairness greedy (lambda=1),12,sensor01→gatewayA;sensor01→gatewayC;sensor02→gatewayC;sensor03→gatewayC;sensor04→gatewayA;sensor04→gatewayC;sensor05→gatewayA;sensor06→gatewayA;sensor07→gatewayA;sensor08→gatewayA;sensor09→gatewayA;sensor10→gatewayC,fba66e5cdf8c,78.5242788678904,17.333499005964214,-15.475721132109598,-53.666500994035786,15,15,15,1.7203425788737146,4.195709279931926,95.30868439399289,84.31997339445302
94,71,Multi-cover greedy,12,sensor01→gatewayA;sensor01→gatewayB;sensor02→gatewayC;sensor03→gatewayC;sensor04→gatewayA;sensor04→gatewayC;sensor05→gatewayA;sensor06→gatewayA;sensor07→gatewayA;sensor08→gatewayA;sensor09→gatewayA;sensor10→gatewayC,1857c34ccaa1,74.07283014480772,17.333499005964214,-19.927169855192275,-53.666500994035786,15,15,15,1.9893924461613917,4.195709279931926,94.15400091545355,82.67847276683732
94,72,Proposed fairness greedy (lambda=1),12,sensor01→gatewayA;sensor01→gatewayC;sensor02→gatewayC;sensor03→gatewayC;sensor04→gatewayA;sensor04→gatewayC;sensor05→gatewayA;sensor06→gatewayA;sensor07→gatewayA;sensor08→gatewayA;sensor09→gatewayA;sensor10→gatewayC,fba66e5cdf8c,78.5242788678904,17.333499005964214,-15.475721132109598,-54.666500994035786,15,15,15,1.7203425788737146,4.313356338755456,95.30868439399289,84.31997339445302
94,72,Multi-cover greedy,12,sensor01→gatewayA;sensor01→gatewayB;sensor02→gatewayC;sensor03→gatewayC;sensor04→gatewayA;sensor04→gatewayC;sensor05→gatewayA;sensor06→gatewayA;sensor07→gatewayA;sensor08→gatewayA;sensor09→gatewayA;sensor10→gatewayC,1857c34ccaa1,74.07283014480772,17.333499005964214,-19.927169855192275,-54.666500994035786,15,15,15,1.9893924461613917,4.313356338755456,94.15400091545355,82.67847276683732
94,73,Proposed fairness greedy (lambda=1),12,sensor01→gatewayA;sensor01→gatewayC;sensor02→gatewayC;sensor03→gatewayC;sensor04→gatewayA;sensor04→gatewayC;sensor05→gatewayA;sensor06→gatewayA;sensor07→gatewayA;sensor08→gatewayA;sensor09→gatewayA;sensor10→gatewayC,fba66e5cdf8c,78.5242788678904,17.333499005964214,-15.475721132109598,-55.666500994035786,15,15,15,1.7203425788737146,4.431003397578985,95.30868439399289,84.31997339445302
94,73,Multi-cover greedy,12,sensor01→gatewayA;sensor01→gatewayB;sensor02→gatewayC;sensor03→gatewayC;sensor04→gatewayA;sensor04→gatewayC;sensor05→gatewayA;sensor06→gatewayA;sensor07→gatewayA;sensor08→gatewayA;sensor09→gatewayA;sensor10→gatewayC,1857c34ccaa1,74.07283014480772,17.333499005964214,-19.927169855192275,-55.666500994035786,15,15,15,1.9893924461613917,4.431003397578985,94.15400091545355,82.67847276683732
94,74,Proposed fairness greedy (lambda=1),12,sensor01→gatewayA;sensor01→gatewayC;sensor02→gatewayC;sensor03→gatewayC;sensor04→gatewayA;sensor04→gatewayC;sensor05→gatewayA;sensor06→gatewayA;sensor07→gatewayA;sensor08→gatewayA;sensor09→gatewayA;sensor10→gatewayC,fba66e5cdf8c,78.5242788678904,17.333499005964214,-15.475721132109598,-56.666500994035786,15,15,15,1.7203425788737146,4.548650456402515,95.30868439399289,84.31997339445302
94,74,Multi-cover greedy,12,sensor01→gatewayA;sensor01→gatewayB;sensor02→gatewayC;sensor03→gatewayC;sensor04→gatewayA;sensor04→gatewayC;sensor05→gatewayA;sensor06→gatewayA;sensor07→gatewayA;sensor08→gatewayA;sensor09→gatewayA;sensor10→gatewayC,1857c34ccaa1,74.07283014480772,17.333499005964214,-19.927169855192275,-56.666500994035786,15,15,15,1.9893924461613917,4.548650456402515,94.15400091545355,82.67847276683732
94,75,Proposed fairness greedy (lambda=1),12,sensor01→gatewayA;sensor01→gatewayC;sensor02→gatewayC;sensor03→gatewayC;sensor04→gatewayA;sensor04→gatewayC;sensor05→gatewayA;sensor06→gatewayA;sensor07→gatewayA;sensor08→gatewayA;sensor09→gatewayA;sensor10→gatewayC,fba66e5cdf8c,78.5242788678904,17.333499005964214,-15.475721132109598,-57.666500994035786,15,15,15,1.7203425788737146,4.666297515226044,95.30868439399289,84.31997339445302
94,75,Multi-cover greedy,12,sensor01→gatewayA;sensor01→gatewayB;sensor02→gatewayC;sensor03→gatewayC;sensor04→gatewayA;sensor04→gatewayC;sensor05→gatewayA;sensor06→gatewayA;sensor07→gatewayA;sensor08→gatewayA;sensor09→gatewayA;sensor10→gatewayC,1857c34ccaa1,74.07283014480772,17.333499005964214,-19.927169855192275,-57.666500994035786,15,15,15,1.9893924461613917,4.666297515226044,94.15400091545355,82.67847276683732
94,76,Proposed fairness greedy (lambda=1),12,sensor01→gatewayA;sensor01→gatewayC;sensor02→gatewayC;sensor03→gatewayC;sensor04→gatewayA;sensor04→gatewayC;sensor05→gatewayA;sensor06→gatewayA;sensor07→gatewayA;sensor08→gatewayA;sensor09→gatewayA;sensor10→gatewayC,fba66e5cdf8c,78.5242788678904,17.333499005964214,-15.475721132109598,-58.666500994035786,15,15,15,1.7203425788737146,4.783944574049574,95.30868439399289,84.31997339445302
94,76,Multi-cover greedy,12,sensor01→gatewayA;sensor01→gatewayB;sensor02→gatewayC;sensor03→gatewayC;sensor04→gatewayA;sensor04→gatewayC;sensor05→gatewayA;sensor06→gatewayA;sensor07→gatewayA;sensor08→gatewayA;sensor09→gatewayA;sensor10→gatewayC,1857c34ccaa1,74.07283014480772,17.333499005964214,-19.927169855192275,-58.666500994035786,15,15,15,1.9893924461613917,4.783944574049574,94.15400091545355,82.67847276683732
94,77,Proposed fairness greedy (lambda=1),12,sensor01→gatewayA;sensor01→gatewayC;sensor02→gatewayC;sensor03→gatewayC;sensor04→gatewayA;sensor04→gatewayC;sensor05→gatewayA;sensor06→gatewayA;sensor07→gatewayA;sensor08→gatewayA;sensor09→gatewayA;sensor10→gatewayC,fba66e5cdf8c,78.5242788678904,17.333499005964214,-15.475721132109598,-59.666500994035786,15,15,15,1.7203425788737146,4.901591632873103,95.30868439399289,84.31997339445302
94,77,Multi-cover greedy,12,sensor01→gatewayA;sensor01→gatewayB;sensor02→gatewayC;sensor03→gatewayC;sensor04→gatewayA;sensor04→gatewayC;sensor05→gatewayA;sensor06→gatewayA;sensor07→gatewayA;sensor08→gatewayA;sensor09→gatewayA;sensor10→gatewayC,1857c34ccaa1,74.07283014480772,17.333499005964214,-19.927169855192275,-59.666500994035786,15,15,15,1.9893924461613917,4.901591632873103,94.15400091545355,82.67847276683732
94,78,Proposed fairness greedy (lambda=1),12,sensor01→gatewayA;sensor01→gatewayC;sensor02→gatewayC;sensor03→gatewayC;sensor04→gatewayA;sensor04→gatewayC;sensor05→gatewayA;sensor06→gatewayA;sensor07→gatewayA;sensor08→gatewayA;sensor09→gatewayA;sensor10→gatewayC,fba66e5cdf8c,78.5242788678904,17.333499005964214,-15.475721132109598,-60.666500994035786,15,15,15,1.7203425788737146,5.019238691696633,95.30868439399289,84.31997339445302
94,78,Multi-cover greedy,12,sensor01→gatewayA;sensor01→gatewayB;sensor02→gatewayC;sensor03→gatewayC;sensor04→gatewayA;sensor04→gatewayC;sensor05→gatewayA;sensor06→gatewayA;sensor07→gatewayA;sensor08→gatewayA;sensor09→gatewayA;sensor10→gatewayC,1857c34ccaa1,74.07283014480772,17.333499005964214,-19.927169855192275,-60.666500994035786,15,15,15,1.9893924461613917,5.019238691696633,94.15400091545355,82.67847276683732
94,79,Proposed fairness greedy (lambda=1),12,sensor01→gatewayA;sensor01→gatewayC;sensor02→gatewayC;sensor03→gatewayC;sensor04→gatewayA;sensor04→gatewayC;sensor05→gatewayA;sensor06→gatewayA;sensor07→gatewayA;sensor08→gatewayA;sensor09→gatewayA;sensor10→gatewayC,fba66e5cdf8c,78.5242788678904,17.333499005964214,-15.475721132109598,-61.666500994035786,15,15,15,1.7203425788737146,5.136885750520162,95.30868439399289,84.31997339445302
94,79,Multi-cover greedy,12,sensor01→gatewayA;sensor01→gatewayB;sensor02→gatewayC;sensor03→gatewayC;sensor04→gatewayA;sensor04→gatewayC;sensor05→gatewayA;sensor06→gatewayA;sensor07→gatewayA;sensor08→gatewayA;sensor09→gatewayA;sensor10→gatewayC,1857c34ccaa1,74.07283014480772,17.333499005964214,-19.927169855192275,-61.666500994035786,15,15,15,1.9893924461613917,5.136885750520162,94.15400091545355,82.67847276683732
94,80,Proposed fairness greedy (lambda=1),12,sensor01→gatewayA;sensor01→gatewayC;sensor02→gatewayC;sensor03→gatewayC;sensor04→gatewayA;sensor04→gatewayC;sensor05→gatewayA;sensor06→gatewayA;sensor07→gatewayA;sensor08→gatewayA;sensor09→gatewayA;sensor10→gatewayC,fba66e5cdf8c,78.5242788678904,17.333499005964214,-15.475721132109598,-62.666500994035786,15,15,15,1.7203425788737146,5.254532809343692,95.30868439399289,84.31997339445302
94,80,Multi-cover greedy,12,sensor01→gatewayA;sensor01→gatewayB;sensor02→gatewayC;sensor03→gatewayC;sensor04→gatewayA;sensor04→gatewayC;sensor05→gatewayA;sensor06→gatewayA;sensor07→gatewayA;sensor08→gatewayA;sensor09→gatewayA;sensor10→gatewayC,1857c34ccaa1,74.07283014480772,17.333499005964214,-19.927169855192275,-62.666500994035786,15,15,15,1.9893924461613917,5.254532809343692,94.15400091545355,82.67847276683732
94,81,Proposed fairness greedy (lambda=1),12,sensor01→gatewayA;sensor01→gatewayC;sensor02→gatewayC;sensor03→gatewayC;sensor04→gatewayA;sensor04→gatewayC;sensor05→gatewayA;sensor06→gatewayA;sensor07→gatewayA;sensor08→gatewayA;sensor09→gatewayA;sensor10→gatewayC,fba66e5cdf8c,78.5242788678904,17.333499005964214,-15.475721132109598,-63.666500994035786,15,15,15,1.7203425788737146,5.372179868167221,95.30868439399289,84.31997339445302
94,81,Multi-cover greedy,12,sensor01→gatewayA;sensor01→gatewayB;sensor02→gatewayC;sensor03→gatewayC;sensor04→gatewayA;sensor04→gatewayC;sensor05→gatewayA;sensor06→gatewayA;sensor07→gatewayA;sensor08→gatewayA;sensor09→gatewayA;sensor10→gatewayC,1857c34ccaa1,74.07283014480772,17.333499005964214,-19.927169855192275,-63.666500994035786,15,15,15,1.9893924461613917,5.372179868167221,94.15400091545355,82.67847276683732
94,82,Proposed fairness greedy (lambda=1),12,sensor01→gatewayA;sensor01→gatewayC;sensor02→gatewayC;sensor03→gatewayC;sensor04→gatewayA;sensor04→gatewayC;sensor05→gatewayA;sensor06→gatewayA;sensor07→gatewayA;sensor08→gatewayA;sensor09→gatewayA;sensor10→gatewayC,fba66e5cdf8c,78.5242788678904,17.333499005964214,-15.475721132109598,-64.66650099403579,15,15,15,1.7203425788737146,5.489826926990751,95.30868439399289,84.31997339445302
94,82,Multi-cover greedy,12,sensor01→gatewayA;sensor01→gatewayB;sensor02→gatewayC;sensor03→gatewayC;sensor04→gatewayA;sensor04→gatewayC;sensor05→gatewayA;sensor06→gatewayA;sensor07→gatewayA;sensor08→gatewayA;sensor09→gatewayA;sensor10→gatewayC,1857c34ccaa1,74.07283014480772,17.333499005964214,-19.927169855192275,-64.66650099403579,15,15,15,1.9893924461613917,5.489826926990751,94.15400091545355,82.67847276683732
94,83,Proposed fairness greedy (lambda=1),12,sensor01→gatewayA;sensor01→gatewayC;sensor02→gatewayC;sensor03→gatewayC;sensor04→gatewayA;sensor04→gatewayC;sensor05→gatewayA;sensor06→gatewayA;sensor07→gatewayA;sensor08→gatewayA;sensor09→gatewayA;sensor10→gatewayC,fba66e5cdf8c,78.5242788678904,17.333499005964214,-15.475721132109598,-65.66650099403579,15,15,15,1.7203425788737146,5.60747398581428,95.30868439399289,84.31997339445302
94,83,Multi-cover greedy,12,sensor01→gatewayA;sensor01→gatewayB;sensor02→gatewayC;sensor03→gatewayC;sensor04→gatewayA;sensor04→gatewayC;sensor05→gatewayA;sensor06→gatewayA;sensor07→gatewayA;sensor08→gatewayA;sensor09→gatewayA;sensor10→gatewayC,1857c34ccaa1,74.07283014480772,17.333499005964214,-19.927169855192275,-65.66650099403579,15,15,15,1.9893924461613917,5.60747398581428,94.15400091545355,82.67847276683732
94,84,Proposed fairness greedy (lambda=1),12,sensor01→gatewayA;sensor01→gatewayC;sensor02→gatewayC;sensor03→gatewayC;sensor04→gatewayA;sensor04→gatewayC;sensor05→gatewayA;sensor06→gatewayA;sensor07→gatewayA;sensor08→gatewayA;sensor09→gatewayA;sensor10→gatewayC,fba66e5cdf8c,78.5242788678904,17.333499005964214,-15.475721132109598,-66.66650099403579,15,15,15,1.7203425788737146,5.72512104463781,95.30868439399289,84.31997339445302
94,84,Multi-cover greedy,12,sensor01→gatewayA;sensor01→gatewayB;sensor02→gatewayC;sensor03→gatewayC;sensor04→gatewayA;sensor04→gatewayC;sensor05→gatewayA;sensor06→gatewayA;sensor07→gatewayA;sensor08→gatewayA;sensor09→gatewayA;sensor10→gatewayC,1857c34ccaa1,74.07283014480772,17.333499005964214,-19.927169855192275,-66.66650099403579,15,15,15,1.9893924461613917,5.72512104463781,94.15400091545355,82.67847276683732
94,85,Proposed fairness greedy (lambda=1),12,sensor01→gatewayA;sensor01→gatewayC;sensor02→gatewayC;sensor03→gatewayC;sensor04→gatewayA;sensor04→gatewayC;sensor05→gatewayA;sensor06→gatewayA;sensor07→gatewayA;sensor08→gatewayA;sensor09→gatewayA;sensor10→gatewayC,fba66e5cdf8c,78.5242788678904,17.333499005964214,-15.475721132109598,-67.66650099403579,15,15,15,1.7203425788737146,5.842768103461339,95.30868439399289,84.31997339445302
94,85,Multi-cover greedy,12,sensor01→gatewayA;sensor01→gatewayB;sensor02→gatewayC;sensor03→gatewayC;sensor04→gatewayA;sensor04→gatewayC;sensor05→gatewayA;sensor06→gatewayA;sensor07→gatewayA;sensor08→gatewayA;sensor09→gatewayA;sensor10→gatewayC,1857c34ccaa1,74.07283014480772,17.333499005964214,-19.927169855192275,-67.66650099403579,15,15,15,1.9893924461613917,5.842768103461339,94.15400091545355,82.67847276683732
94,86,Proposed fairness greedy (lambda=1),12,sensor01→gatewayA;sensor01→gatewayC;sensor02→gatewayC;sensor03→gatewayC;sensor04→gatewayA;sensor04→gatewayC;sensor05→gatewayA;sensor06→gatewayA;sensor07→gatewayA;sensor08→gatewayA;sensor09→gatewayA;sensor10→gatewayC,fba66e5cdf8c,78.5242788678904,17.333499005964214,-15.475721132109598,-68.66650099403579,15,14,14,1.7203425788737146,5.998813360007781,95.30868439399289,84.31997339445302
94,86,Multi-cover greedy,12,sensor01→gatewayA;sensor01→gatewayB;sensor02→gatewayC;sensor03→gatewayC;sensor04→gatewayA;sensor04→gatewayC;sensor05→gatewayA;sensor06→gatewayA;sensor07→gatewayA;sensor08→gatewayA;sensor09→gatewayA;sensor10→gatewayC,1857c34ccaa1,74.07283014480772,17.333499005964214,-19.927169855192275,-68.66650099403579,15,12,12,1.9893924461613917,6.0286195286621345,94.15400091545355,82.67847276683732
94,87,Proposed fairness greedy (lambda=1),12,sensor01→gatewayA;sensor01→gatewayC;sensor02→gatewayC;sensor03→gatewayC;sensor04→gatewayA;sensor04→gatewayC;sensor05→gatewayA;sensor06→gatewayA;sensor07→gatewayA;sensor08→gatewayA;sensor09→gatewayA;sensor10→gatewayC,fba66e5cdf8c,78.5242788678904,17.333499005964214,-15.475721132109598,-69.66650099403579,15,14,14,1.7203425788737146,6.1752839482430755,95.30868439399289,84.31997339445302
94,87,Multi-cover greedy,12,sensor01→gatewayA;sensor01→gatewayB;sensor02→gatewayC;sensor03→gatewayC;sensor04→gatewayA;sensor04→gatewayC;sensor05→gatewayA;sensor06→gatewayA;sensor07→gatewayA;sensor08→gatewayA;sensor09→gatewayA;sensor10→gatewayC,1857c34ccaa1,74.07283014480772,17.333499005964214,-19.927169855192275,-69.66650099403579,15,12,12,1.9893924461613917,6.322737175720958,94.15400091545355,82.67847276683732
94,88,Proposed fairness greedy (lambda=1),12,sensor01→gatewayA;sensor01→gatewayC;sensor02→gatewayC;sensor03→gatewayC;sensor04→gatewayA;sensor04→gatewayC;sensor05→gatewayA;sensor06→gatewayA;sensor07→gatewayA;sensor08→gatewayA;sensor09→gatewayA;sensor10→gatewayC,fba66e5cdf8c,78.5242788678904,17.333499005964214,-15.475721132109598,-70.66650099403579,15,14,14,1.7203425788737146,6.35175453647837,95.30868439399289,84.31997339445302
94,88,Multi-cover greedy,12,sensor01→gatewayA;sensor01→gatewayB;sensor02→gatewayC;sensor03→gatewayC;sensor04→gatewayA;sensor04→gatewayC;sensor05→gatewayA;sensor06→gatewayA;sensor07→gatewayA;sensor08→gatewayA;sensor09→gatewayA;sensor10→gatewayC,1857c34ccaa1,74.07283014480772,17.333499005964214,-19.927169855192275,-70.66650099403579,15,11,11,1.9893924461613917,6.622041443529052,94.15400091545355,82.67847276683732
94,89,Proposed fairness greedy (lambda=1),12,sensor01→gatewayA;sensor01→gatewayC;sensor02→gatewayC;sensor03→gatewayC;sensor04→gatewayA;sensor04→gatewayC;sensor05→gatewayA;sensor06→gatewayA;sensor07→gatewayA;sensor08→gatewayA;sensor09→gatewayA;sensor10→gatewayC,fba66e5cdf8c,78.5242788678904,17.333499005964214,-15.475721132109598,-71.66650099403579,15,12,12,1.7203425788737146,6.64206402885783,95.30868439399289,84.31997339445302
94,89,Multi-cover greedy,12,sensor01→gatewayA;sensor01→gatewayB;sensor02→gatewayC;sensor03→gatewayC;sensor04→gatewayA;sensor04→gatewayC;sensor05→gatewayA;sensor06→gatewayA;sensor07→gatewayA;sensor08→gatewayA;sensor09→gatewayA;sensor10→gatewayC,1857c34ccaa1,74.07283014480772,17.333499005964214,-19.927169855192275,-71.66650099403579,15,8,8,1.9893924461613917,7.0949621683777915,94.15400091545355,82.67847276683732
94,91,Proposed fairness greedy (lambda=1),14,sensor01→gatewayA;sensor01→gatewayC;sensor02→gatewayC;sensor03→gatewayC;sensor04→gatewayA;sensor04→gatewayC;sensor05→gatewayA;sensor06→gatewayA;sensor07→gatewayA;sensor07→gatewayC;sensor08→gatewayA;sensor08→gatewayB;sensor09→gatewayA;sensor10→gatewayC,ba7836f47dfe,81.05742110584855,17.333499005964214,-12.942578894151453,-73.66650099403579,15,14,14,1.1332234515505046,6.483755642410328,97.23834709357982,89.23134868455652
94,91,Multi-cover greedy,14,sensor01→gatewayA;sensor01→gatewayC;sensor02→gatewayC;sensor03→gatewayC;sensor04→gatewayA;sensor04→gatewayC;sensor05→gatewayA;sensor06→gatewayA;sensor07→gatewayA;sensor07→gatewayB;sensor08→gatewayA;sensor08→gatewayB;sensor09→gatewayA;sensor10→gatewayC,7d0409742162,80.99223032302699,17.333499005964214,-13.007769676973012,-73.66650099403579,15,11,11,1.3500487256689002,7.005931362090352,96.43474975762871,86.58389421375502
94,92,Proposed fairness greedy (lambda=1),14,sensor01→gatewayA;sensor01→gatewayC;sensor02→gatewayC;sensor03→gatewayC;sensor04→gatewayA;sensor04→gatewayC;sensor05→gatewayA;sensor06→gatewayA;sensor07→gatewayA;sensor07→gatewayC;sensor08→gatewayA;sensor08→gatewayB;sensor09→gatewayA;sensor10→gatewayC,ba7836f47dfe,81.05742110584855,17.333499005964214,-12.942578894151453,-74.66650099403579,15,14,14,1.1332234515505046,6.660226230645622,97.23834709357982,89.23134868455652
94,92,Multi-cover greedy,14,sensor01→gatewayA;sensor01→gatewayC;sensor02→gatewayC;sensor03→gatewayC;sensor04→gatewayA;sensor04→gatewayC;sensor05→gatewayA;sensor06→gatewayA;sensor07→gatewayA;sensor07→gatewayB;sensor08→gatewayA;sensor08→gatewayB;sensor09→gatewayA;sensor10→gatewayC,7d0409742162,80.99223032302699,17.333499005964214,-13.007769676973012,-74.66650099403579,15,10,10,1.3500487256689002,7.417269307087821,96.43474975762871,86.58389421375502
94,95,Proposed fairness greedy (lambda=1),17,sensor01→gatewayA;sensor01→gatewayC;sensor02→gatewayA;sensor02→gatewayC;sensor03→gatewayA;sensor03→gatewayC;sensor04→gatewayA;sensor04→gatewayC;sensor05→gatewayA;sensor05→gatewayC;sensor06→gatewayA;sensor07→gatewayA;sensor07→gatewayC;sensor08→gatewayA;sensor08→gatewayB;sensor09→gatewayA;sensor10→gatewayC,126ff9a6f407,92.6020177489569,60.10386612810156,-1.3979822510431035,-34.89613387189844,16,15,15,0.08223425006135902,2.0666735145595405,99.1281265199174,94.76426136423231
94,95,Multi-cover greedy,17,sensor01→gatewayA;sensor01→gatewayC;sensor02→gatewayA;sensor02→gatewayC;sensor03→gatewayA;sensor03→gatewayC;sensor04→gatewayA;sensor04→gatewayC;sensor05→gatewayA;sensor05→gatewayB;sensor06→gatewayA;sensor07→gatewayA;sensor07→gatewayC;sensor08→gatewayA;sensor08→gatewayB;sensor09→gatewayA;sensor10→gatewayC,4deb1457865a,88.66211101494581,60.10386612810156,-5.337888985054192,-34.89613387189844,16,15,15,0.31399346970907016,2.0666735145595405,98.62758524078373,94.41404901090611
95,91,Proposed fairness greedy (lambda=1),14,sensor01→gatewayA;sensor01→gatewayC;sensor02→gatewayC;sensor03→gatewayC;sensor04→gatewayA;sensor04→gatewayC;sensor05→gatewayA;sensor06→gatewayA;sensor07→gatewayA;sensor07→gatewayC;sensor08→gatewayA;sensor08→gatewayB;sensor09→gatewayA;sensor10→gatewayC,ba7836f47dfe,81.05742110584855,17.333499005964214,-13.942578894151453,-73.66650099403579,15,14,14,1.250870510374034,6.483755642410328,97.23834709357982,89.23134868455652
95,91,Multi-cover greedy,14,sensor01→gatewayA;sensor01→gatewayC;sensor02→gatewayC;sensor03→gatewayC;sensor04→gatewayA;sensor04→gatewayC;sensor05→gatewayA;sensor06→gatewayA;sensor07→gatewayA;sensor07→gatewayB;sensor08→gatewayA;sensor08→gatewayB;sensor09→gatewayA;sensor10→gatewayC,7d0409742162,80.99223032302699,17.333499005964214,-14.007769676973012,-73.66650099403579,15,11,11,1.4676957844924294,7.005931362090352,96.43474975762871,86.58389421375502
95,92,Proposed fairness greedy (lambda=1),14,sensor01→gatewayA;sensor01→gatewayC;sensor02→gatewayC;sensor03→gatewayC;sensor04→gatewayA;sensor04→gatewayC;sensor05→gatewayA;sensor06→gatewayA;sensor07→gatewayA;sensor07→gatewayC;sensor08→gatewayA;sensor08→gatewayB;sensor09→gatewayA;sensor10→gatewayC,ba7836f47dfe,81.05742110584855,17.333499005964214,-13.942578894151453,-74.66650099403579,15,14,14,1.250870510374034,6.660226230645622,97.23834709357982,89.23134868455652
95,92,Multi-cover greedy,14,sensor01→gatewayA;sensor01→gatewayC;sensor02→gatewayC;sensor03→gatewayC;sensor04→gatewayA;sensor04→gatewayC;sensor05→gatewayA;sensor06→gatewayA;sensor07→gatewayA;sensor07→gatewayB;sensor08→gatewayA;sensor08→gatewayB;sensor09→gatewayA;sensor10→gatewayC,7d0409742162,80.99223032302699,17.333499005964214,-14.007769676973012,-74.66650099403579,15,10,10,1.4676957844924294,7.417269307087821,96.43474975762871,86.58389421375502
95,95,Proposed fairness greedy (lambda=1),17,sensor01→gatewayA;sensor01→gatewayC;sensor02→gatewayA;sensor02→gatewayC;sensor03→gatewayA;sensor03→gatewayC;sensor04→gatewayA;sensor04→gatewayC;sensor05→gatewayA;sensor05→gatewayC;sensor06→gatewayA;sensor07→gatewayA;sensor07→gatewayC;sensor08→gatewayA;sensor08→gatewayB;sensor09→gatewayA;sensor10→gatewayC,126ff9a6f407,92.6020177489569,60.10386612810156,-2.3979822510431035,-34.89613387189844,16,15,15,0.14105777947312373,2.0666735145595405,99.1281265199174,94.76426136423231
95,95,Multi-cover greedy,17,sensor01→gatewayA;sensor01→gatewayC;sensor02→gatewayA;sensor02→gatewayC;sensor03→gatewayA;sensor03→gatewayC;sensor04→gatewayA;sensor04→gatewayC;sensor05→gatewayA;sensor05→gatewayB;sensor06→gatewayA;sensor07→gatewayA;sensor07→gatewayC;sensor08→gatewayA;sensor08→gatewayB;sensor09→gatewayA;sensor10→gatewayC,4deb1457865a,88.66211101494581,60.10386612810156,-6.337888985054192,-34.89613387189844,16,15,15,0.3728169991208348,2.0666735145595405,98.62758524078373,94.41404901090611
96,95,Proposed fairness greedy (lambda=1),17,sensor01→gatewayA;sensor01→gatewayC;sensor02→gatewayA;sensor02→gatewayC;sensor03→gatewayA;sensor03→gatewayC;sensor04→gatewayA;sensor04→gatewayC;sensor05→gatewayA;sensor05→gatewayC;sensor06→gatewayA;sensor07→gatewayA;sensor07→gatewayC;sensor08→gatewayA;sensor08→gatewayB;sensor09→gatewayA;sensor10→gatewayC,126ff9a6f407,92.6020177489569,60.10386612810156,-3.3979822510431035,-34.89613387189844,16,15,15,0.19988130888488845,2.0666735145595405,99.1281265199174,94.76426136423231
96,95,Multi-cover greedy,17,sensor01→gatewayA;sensor01→gatewayC;sensor02→gatewayA;sensor02→gatewayC;sensor03→gatewayA;sensor03→gatewayC;sensor04→gatewayA;sensor04→gatewayC;sensor05→gatewayA;sensor05→gatewayB;sensor06→gatewayA;sensor07→gatewayA;sensor07→gatewayC;sensor08→gatewayA;sensor08→gatewayB;sensor09→gatewayA;sensor10→gatewayC,4deb1457865a,88.66211101494581,60.10386612810156,-7.337888985054192,-34.89613387189844,16,15,15,0.43164052853259954,2.0666735145595405,98.62758524078373,94.41404901090611
97,95,Proposed fairness greedy (lambda=1),17,sensor01→gatewayA;sensor01→gatewayC;sensor02→gatewayA;sensor02→gatewayC;sensor03→gatewayA;sensor03→gatewayC;sensor04→gatewayA;sensor04→gatewayC;sensor05→gatewayA;sensor05→gatewayC;sensor06→gatewayA;sensor07→gatewayA;sensor07→gatewayC;sensor08→gatewayA;sensor08→gatewayB;sensor09→gatewayA;sensor10→gatewayC,126ff9a6f407,92.6020177489569,60.10386612810156,-4.3979822510431035,-34.89613387189844,16,15,15,0.25870483829665314,2.0666735145595405,99.1281265199174,94.76426136423231
97,95,Multi-cover greedy,17,sensor01→gatewayA;sensor01→gatewayC;sensor02→gatewayA;sensor02→gatewayC;sensor03→gatewayA;sensor03→gatewayC;sensor04→gatewayA;sensor04→gatewayC;sensor05→gatewayA;sensor05→gatewayB;sensor06→gatewayA;sensor07→gatewayA;sensor07→gatewayC;sensor08→gatewayA;sensor08→gatewayB;sensor09→gatewayA;sensor10→gatewayC,4deb1457865a,88.66211101494581,60.10386612810156,-8.337888985054192,-34.89613387189844,16,15,15,0.49046405794436426,2.0666735145595405,98.62758524078373,94.41404901090611
98,95,Proposed fairness greedy (lambda=1),17,sensor01→gatewayA;sensor01→gatewayC;sensor02→gatewayA;sensor02→gatewayC;sensor03→gatewayA;sensor03→gatewayC;sensor04→gatewayA;sensor04→gatewayC;sensor05→gatewayA;sensor05→gatewayC;sensor06→gatewayA;sensor07→gatewayA;sensor07→gatewayC;sensor08→gatewayA;sensor08→gatewayB;sensor09→gatewayA;sensor10→gatewayC,126ff9a6f407,92.6020177489569,60.10386612810156,-5.3979822510431035,-34.89613387189844,16,15,15,0.31752836770841786,2.0666735145595405,99.1281265199174,94.76426136423231
98,95,Multi-cover greedy,17,sensor01→gatewayA;sensor01→gatewayC;sensor02→gatewayA;sensor02→gatewayC;sensor03→gatewayA;sensor03→gatewayC;sensor04→gatewayA;sensor04→gatewayC;sensor05→gatewayA;sensor05→gatewayB;sensor06→gatewayA;sensor07→gatewayA;sensor07→gatewayC;sensor08→gatewayA;sensor08→gatewayB;sensor09→gatewayA;sensor10→gatewayC,4deb1457865a,88.66211101494581,60.10386612810156,-9.337888985054192,-34.89613387189844,16,15,15,0.5492875873561289,2.0666735145595405,98.62758524078373,94.41404901090611
