test_month,P_min_pct,S_min_pct,policy,fit_method,fit_months,fit_status,n_links,selected_links,subset_hash,packet_coverage_pct,worst_sensor_coverage_pct,median_sensor_coverage_pct,n_active_sensors,meets_packet_threshold,meets_sensor_threshold,meets_both_thresholds,test_oracle_n_links,budget_minus_test_oracle,subset_jaccard_with_test_oracle,is_initial_observation_cold_start,is_before_frozen_policy_available
2024-03,90,80,previous_month,proposed,2024-02,Feasible,9,sensor01→gatewayC;sensor02→gatewayC;sensor03→gatewayC;sensor04→gatewayC;sensor05→gatewayA;sensor06→gatewayA;sensor07→gatewayA;sensor08→gatewayA;sensor09→gatewayA,68aabbae95322465,62.564525570751954,14.617775015537601,95.02749502749502,9,False,False,False,9,0,0.38461538461538464,True,True
2024-03,90,80,expanding_window,proposed,2024-02,Feasible,9,sensor01→gatewayC;sensor02→gatewayC;sensor03→gatewayC;sensor04→gatewayC;sensor05→gatewayA;sensor06→gatewayA;sensor07→gatewayA;sensor08→gatewayA;sensor09→gatewayA,68aabbae95322465,62.564525570751954,14.617775015537601,95.02749502749502,9,False,False,False,9,0,0.38461538461538464,True,True
2024-03,90,80,previous_month,multicover,2024-02,Feasible,9,sensor01→gatewayA;sensor02→gatewayC;sensor03→gatewayC;sensor04→gatewayC;sensor05→gatewayA;sensor06→gatewayA;sensor07→gatewayA;sensor08→gatewayA;sensor09→gatewayA,2d610032a3e50ee7,71.56218402426694,17.333499005964214,95.73250685421385,9,False,False,False,9,0,0.5,True,True
2024-03,90,80,expanding_window,multicover,2024-02,Feasible,9,sensor01→gatewayA;sensor02→gatewayC;sensor03→gatewayC;sensor04→gatewayC;sensor05→gatewayA;sensor06→gatewayA;sensor07→gatewayA;sensor08→gatewayA;sensor09→gatewayA,2d610032a3e50ee7,71.56218402426694,17.333499005964214,95.73250685421385,9,False,False,False,9,0,0.5,True,True
2024-03,90,80,previous_month,coverage_only,2024-02,Feasible,9,sensor01→gatewayC;sensor02→gatewayC;sensor03→gatewayC;sensor04→gatewayC;sensor05→gatewayA;sensor06→gatewayA;sensor07→gatewayA;sensor08→gatewayA;sensor09→gatewayA,68aabbae95322465,62.564525570751954,14.617775015537601,95.02749502749502,9,False,False,False,9,0,0.38461538461538464,True,True
2024-03,90,80,expanding_window,coverage_only,2024-02,Feasible,9,sensor01→gatewayC;sensor02→gatewayC;sensor03→gatewayC;sensor04→gatewayC;sensor05→gatewayA;sensor06→gatewayA;sensor07→gatewayA;sensor08→gatewayA;sensor09→gatewayA,68aabbae95322465,62.564525570751954,14.617775015537601,95.02749502749502,9,False,False,False,9,0,0.38461538461538464,True,True
2024-03,90,80,previous_month,exact,2024-02,Optimal,9,sensor01→gatewayC;sensor02→gatewayC;sensor03→gatewayC;sensor04→gatewayC;sensor05→gatewayA;sensor06→gatewayA;sensor07→gatewayA;sensor08→gatewayA;sensor09→gatewayA,68aabbae95322465,62.564525570751954,14.617775015537601,95.02749502749502,9,False,False,False,9,0,0.38461538461538464,True,True
2024-03,90,80,expanding_window,exact,2024-02,Optimal,9,sensor01→gatewayC;sensor02→gatewayC;sensor03→gatewayC;sensor04→gatewayC;sensor05→gatewayA;sensor06→gatewayA;sensor07→gatewayA;sensor08→gatewayA;sensor09→gatewayA,68aabbae95322465,62.564525570751954,14.617775015537601,95.02749502749502,9,False,False,False,9,0,0.38461538461538464,True,True
2024-03,90,80,retrospective_oracle,exact,2024-03,Optimal,9,sensor01→gatewayA;sensor02→gatewayA;sensor03→gatewayA;sensor04→gatewayA;sensor05→gatewayA;sensor06→gatewayA;sensor07→gatewayA;sensor08→gatewayA;sensor09→gatewayA,5116df5a05fbbfe0,97.15289234207866,95.02749502749502,96.28147799482231,9,True,True,True,9,0,1.0,True,True
2024-03,95,85,previous_month,proposed,2024-02,Feasible,9,sensor01→gatewayC;sensor02→gatewayC;sensor03→gatewayC;sensor04→gatewayC;sensor05→gatewayA;sensor06→gatewayA;sensor07→gatewayA;sensor08→gatewayA;sensor09→gatewayA,68aabbae95322465,62.564525570751954,14.617775015537601,95.02749502749502,9,False,False,False,9,0,0.38461538461538464,True,True
2024-03,95,85,expanding_window,proposed,2024-02,Feasible,9,sensor01→gatewayC;sensor02→gatewayC;sensor03→gatewayC;sensor04→gatewayC;sensor05→gatewayA;sensor06→gatewayA;sensor07→gatewayA;sensor08→gatewayA;sensor09→gatewayA,68aabbae95322465,62.564525570751954,14.617775015537601,95.02749502749502,9,False,False,False,9,0,0.38461538461538464,True,True
2024-03,95,85,previous_month,multicover,2024-02,Feasible,9,sensor01→gatewayA;sensor02→gatewayC;sensor03→gatewayC;sensor04→gatewayC;sensor05→gatewayA;sensor06→gatewayA;sensor07→gatewayA;sensor08→gatewayA;sensor09→gatewayA,2d610032a3e50ee7,71.56218402426694,17.333499005964214,95.73250685421385,9,False,False,False,9,0,0.5,True,True
2024-03,95,85,expanding_window,multicover,2024-02,Feasible,9,sensor01→gatewayA;sensor02→gatewayC;sensor03→gatewayC;sensor04→gatewayC;sensor05→gatewayA;sensor06→gatewayA;sensor07→gatewayA;sensor08→gatewayA;sensor09→gatewayA,2d610032a3e50ee7,71.56218402426694,17.333499005964214,95.73250685421385,9,False,False,False,9,0,0.5,True,True
2024-03,95,85,previous_month,coverage_only,2024-02,Feasible,9,sensor01→gatewayC;sensor02→gatewayC;sensor03→gatewayC;sensor04→gatewayC;sensor05→gatewayA;sensor06→gatewayA;sensor07→gatewayA;sensor08→gatewayA;sensor09→gatewayA,68aabbae95322465,62.564525570751954,14.617775015537601,95.02749502749502,9,False,False,False,9,0,0.38461538461538464,True,True
2024-03,95,85,expanding_window,coverage_only,2024-02,Feasible,9,sensor01→gatewayC;sensor02→gatewayC;sensor03→gatewayC;sensor04→gatewayC;sensor05→gatewayA;sensor06→gatewayA;sensor07→gatewayA;sensor08→gatewayA;sensor09→gatewayA,68aabbae95322465,62.564525570751954,14.617775015537601,95.02749502749502,9,False,False,False,9,0,0.38461538461538464,True,True
2024-03,95,85,previous_month,exact,2024-02,Optimal,9,sensor01→gatewayC;sensor02→gatewayC;sensor03→gatewayC;sensor04→gatewayC;sensor05→gatewayA;sensor06→gatewayA;sensor07→gatewayA;sensor08→gatewayA;sensor09→gatewayA,68aabbae95322465,62.564525570751954,14.617775015537601,95.02749502749502,9,False,False,False,9,0,0.38461538461538464,True,True
2024-03,95,85,expanding_window,exact,2024-02,Optimal,9,sensor01→gatewayC;sensor02→gatewayC;sensor03→gatewayC;sensor04→gatewayC;sensor05→gatewayA;sensor06→gatewayA;sensor07→gatewayA;sensor08→gatewayA;sensor09→gatewayA,68aabbae95322465,62.564525570751954,14.617775015537601,95.02749502749502,9,False,False,False,9,0,0.38461538461538464,True,True
2024-03,95,85,retrospective_oracle,exact,2024-03,Optimal,9,sensor01→gatewayA;sensor02→gatewayA;sensor03→gatewayA;sensor04→gatewayA;sensor05→gatewayA;sensor06→gatewayA;sensor07→gatewayA;sensor08→gatewayA;sensor09→gatewayA,5116df5a05fbbfe0,97.15289234207866,95.02749502749502,96.28147799482231,9,True,True,True,9,0,1.0,True,True
2024-03,98,90,previous_month,proposed,2024-02,Feasible,11,sensor01→gatewayA;sensor01→gatewayC;sensor02→gatewayC;sensor03→gatewayC;sensor04→gatewayC;sensor05→gatewayA;sensor06→gatewayA;sensor07→gatewayA;sensor07→gatewayC;sensor08→gatewayA;sensor09→gatewayA,c5938768945b9d17,71.95598956947475,17.333499005964214,95.73250685421385,9,False,False,False,11,0,0.375,True,True
2024-03,98,90,expanding_window,proposed,2024-02,Feasible,11,sensor01→gatewayA;sensor01→gatewayC;sensor02→gatewayC;sensor03→gatewayC;sensor04→gatewayC;sensor05→gatewayA;sensor06→gatewayA;sensor07→gatewayA;sensor07→gatewayC;sensor08→gatewayA;sensor09→gatewayA,c5938768945b9d17,71.95598956947475,17.333499005964214,95.73250685421385,9,False,False,False,11,0,0.375,True,True
2024-03,98,90,previous_month,multicover,2024-02,Feasible,11,sensor01→gatewayA;sensor01→gatewayC;sensor02→gatewayC;sensor03→gatewayC;sensor04→gatewayC;sensor05→gatewayA;sensor06→gatewayA;sensor07→gatewayA;sensor07→gatewayC;sensor08→gatewayA;sensor09→gatewayA,c5938768945b9d17,71.95598956947475,17.333499005964214,95.73250685421385,9,False,False,False,11,0,0.375,True,True
2024-03,98,90,expanding_window,multicover,2024-02,Feasible,11,sensor01→gatewayA;sensor01→gatewayC;sensor02→gatewayC;sensor03→gatewayC;sensor04→gatewayC;sensor05→gatewayA;sensor06→gatewayA;sensor07→gatewayA;sensor07→gatewayC;sensor08→gatewayA;sensor09→gatewayA,c5938768945b9d17,71.95598956947475,17.333499005964214,95.73250685421385,9,False,False,False,11,0,0.375,True,True
2024-03,98,90,previous_month,coverage_only,2024-02,Feasible,11,sensor01→gatewayA;sensor01→gatewayC;sensor02→gatewayC;sensor03→gatewayC;sensor04→gatewayC;sensor05→gatewayA;sensor06→gatewayA;sensor07→gatewayA;sensor07→gatewayC;sensor08→gatewayA;sensor09→gatewayA,c5938768945b9d17,71.95598956947475,17.333499005964214,95.73250685421385,9,False,False,False,11,0,0.375,True,True
2024-03,98,90,expanding_window,coverage_only,2024-02,Feasible,11,sensor01→gatewayA;sensor01→gatewayC;sensor02→gatewayC;sensor03→gatewayC;sensor04→gatewayC;sensor05→gatewayA;sensor06→gatewayA;sensor07→gatewayA;sensor07→gatewayC;sensor08→gatewayA;sensor09→gatewayA,c5938768945b9d17,71.95598956947475,17.333499005964214,95.73250685421385,9,False,False,False,11,0,0.375,True,True
2024-03,98,90,previous_month,exact,2024-02,Optimal,11,sensor01→gatewayA;sensor01→gatewayC;sensor02→gatewayC;sensor03→gatewayC;sensor04→gatewayC;sensor05→gatewayA;sensor06→gatewayA;sensor07→gatewayA;sensor07→gatewayC;sensor08→gatewayA;sensor09→gatewayA,c5938768945b9d17,71.95598956947475,17.333499005964214,95.73250685421385,9,False,False,False,11,0,0.375,True,True
2024-03,98,90,expanding_window,exact,2024-02,Optimal,11,sensor01→gatewayA;sensor01→gatewayC;sensor02→gatewayC;sensor03→gatewayC;sensor04→gatewayC;sensor05→gatewayA;sensor06→gatewayA;sensor07→gatewayA;sensor07→gatewayC;sensor08→gatewayA;sensor09→gatewayA,c5938768945b9d17,71.95598956947475,17.333499005964214,95.73250685421385,9,False,False,False,11,0,0.375,True,True
2024-03,98,90,retrospective_oracle,exact,2024-03,Optimal,11,sensor01→gatewayA;sensor02→gatewayA;sensor03→gatewayA;sensor04→gatewayA;sensor05→gatewayA;sensor06→gatewayA;sensor07→gatewayA;sensor08→gatewayA;sensor08→gatewayB;sensor09→gatewayA;sensor09→gatewayB,91d8c74dc49370dc,98.19461444308446,96.11999073430623,98.68241143567433,9,True,True,True,11,0,1.0,True,True
2024-04,90,80,previous_month,proposed,2024-03,Feasible,9,sensor01→gatewayA;sensor02→gatewayA;sensor03→gatewayA;sensor04→gatewayA;sensor05→gatewayA;sensor06→gatewayA;sensor07→gatewayA;sensor08→gatewayA;sensor09→gatewayA,5116df5a05fbbfe0,91.7900736538011,75.37305752804363,94.47077409162718,9,True,False,False,9,0,0.8,False,True
2024-04,90,80,expanding_window,proposed,2024-02;2024-03,Feasible,9,sensor01→gatewayA;sensor02→gatewayA;sensor03→gatewayA;sensor04→gatewayA;sensor05→gatewayA;sensor06→gatewayA;sensor07→gatewayA;sensor08→gatewayA;sensor09→gatewayA,5116df5a05fbbfe0,91.7900736538011,75.37305752804363,94.47077409162718,9,True,False,False,9,0,0.8,False,True
2024-04,90,80,previous_month,multicover,2024-03,Feasible,9,sensor01→gatewayA;sensor02→gatewayA;sensor03→gatewayA;sensor04→gatewayA;sensor05→gatewayA;sensor06→gatewayA;sensor07→gatewayA;sensor08→gatewayA;sensor09→gatewayA,5116df5a05fbbfe0,91.7900736538011,75.37305752804363,94.47077409162718,9,True,False,False,9,0,0.8,False,True
2024-04,90,80,expanding_window,multicover,2024-02;2024-03,Feasible,9,sensor01→gatewayA;sensor02→gatewayA;sensor03→gatewayA;sensor04→gatewayA;sensor05→gatewayA;sensor06→gatewayA;sensor07→gatewayA;sensor08→gatewayA;sensor09→gatewayA,5116df5a05fbbfe0,91.7900736538011,75.37305752804363,94.47077409162718,9,True,False,False,9,0,0.8,False,True
2024-04,90,80,previous_month,coverage_only,2024-03,Feasible,9,sensor01→gatewayA;sensor02→gatewayA;sensor03→gatewayA;sensor04→gatewayA;sensor05→gatewayA;sensor06→gatewayA;sensor07→gatewayA;sensor08→gatewayA;sensor09→gatewayA,5116df5a05fbbfe0,91.7900736538011,75.37305752804363,94.47077409162718,9,True,False,False,9,0,0.8,False,True
2024-04,90,80,expanding_window,coverage_only,2024-02;2024-03,Feasible,9,sensor01→gatewayA;sensor02→gatewayA;sensor03→gatewayA;sensor04→gatewayA;sensor05→gatewayA;sensor06→gatewayA;sensor07→gatewayA;sensor08→gatewayA;sensor09→gatewayA,5116df5a05fbbfe0,91.7900736538011,75.37305752804363,94.47077409162718,9,True,False,False,9,0,0.8,False,True
2024-04,90,80,previous_month,exact,2024-03,Optimal,9,sensor01→gatewayA;sensor02→gatewayA;sensor03→gatewayA;sensor04→gatewayA;sensor05→gatewayA;sensor06→gatewayA;sensor07→gatewayA;sensor08→gatewayA;sensor09→gatewayA,5116df5a05fbbfe0,91.7900736538011,75.37305752804363,94.47077409162718,9,True,False,False,9,0,0.8,False,True
2024-04,90,80,expanding_window,exact,2024-02;2024-03,Optimal,9,sensor01→gatewayA;sensor02→gatewayA;sensor03→gatewayA;sensor04→gatewayA;sensor05→gatewayA;sensor06→gatewayA;sensor07→gatewayA;sensor08→gatewayA;sensor09→gatewayA,5116df5a05fbbfe0,91.7900736538011,75.37305752804363,94.47077409162718,9,True,False,False,9,0,0.8,False,True
2024-04,90,80,retrospective_oracle,exact,2024-04,Optimal,9,sensor01→gatewayA;sensor02→gatewayC;sensor03→gatewayA;sensor04→gatewayA;sensor05→gatewayA;sensor06→gatewayA;sensor07→gatewayA;sensor08→gatewayA;sensor09→gatewayA,a3ace494bf9be893,93.60929651510814,86.56627226006933,94.47077409162718,9,True,True,True,9,0,1.0,False,True
2024-04,95,85,previous_month,proposed,2024-03,Feasible,9,sensor01→gatewayA;sensor02→gatewayA;sensor03→gatewayA;sensor04→gatewayA;sensor05→gatewayA;sensor06→gatewayA;sensor07→gatewayA;sensor08→gatewayA;sensor09→gatewayA,5116df5a05fbbfe0,91.7900736538011,75.37305752804363,94.47077409162718,9,False,False,False,10,-1,0.7272727272727273,False,True
2024-04,95,85,expanding_window,proposed,2024-02;2024-03,Feasible,10,sensor01→gatewayA;sensor02→gatewayA;sensor02→gatewayC;sensor03→gatewayA;sensor04→gatewayA;sensor05→gatewayA;sensor06→gatewayA;sensor07→gatewayA;sensor08→gatewayA;sensor09→gatewayA,653063214fd849c6,94.9040939020899,86.56627226006933,95.0222882615156,9,False,True,False,10,0,0.8181818181818182,False,True
2024-04,95,85,previous_month,multicover,2024-03,Feasible,9,sensor01→gatewayA;sensor02→gatewayA;sensor03→gatewayA;sensor04→gatewayA;sensor05→gatewayA;sensor06→gatewayA;sensor07→gatewayA;sensor08→gatewayA;sensor09→gatewayA,5116df5a05fbbfe0,91.7900736538011,75.37305752804363,94.47077409162718,9,False,False,False,10,-1,0.7272727272727273,False,True
2024-04,95,85,expanding_window,multicover,2024-02;2024-03,Feasible,10,sensor01→gatewayA;sensor01→gatewayC;sensor02→gatewayA;sensor03→gatewayA;sensor04→gatewayA;sensor05→gatewayA;sensor06→gatewayA;sensor07→gatewayA;sensor08→gatewayA;sensor09→gatewayA,6756bef9be569a69,92.37696171563907,75.37305752804363,95.0222882615156,9,False,False,False,10,0,0.6666666666666666,False,True
2024-04,95,85,previous_month,coverage_only,2024-03,Feasible,9,sensor01→gatewayA;sensor02→gatewayA;sensor03→gatewayA;sensor04→gatewayA;sensor05→gatewayA;sensor06→gatewayA;sensor07→gatewayA;sensor08→gatewayA;sensor09→gatewayA,5116df5a05fbbfe0,91.7900736538011,75.37305752804363,94.47077409162718,9,False,False,False,10,-1,0.7272727272727273,False,True
2024-04,95,85,expanding_window,coverage_only,2024-02;2024-03,Feasible,10,sensor01→gatewayA;sensor02→gatewayA;sensor02→gatewayC;sensor03→gatewayA;sensor04→gatewayA;sensor05→gatewayA;sensor06→gatewayA;sensor07→gatewayA;sensor08→gatewayA;sensor09→gatewayA,653063214fd849c6,94.9040939020899,86.56627226006933,95.0222882615156,9,False,True,False,10,0,0.8181818181818182,False,True
2024-04,95,85,previous_month,exact,2024-03,Optimal,9,sensor01→gatewayA;sensor02→gatewayA;sensor03→gatewayA;sensor04→gatewayA;sensor05→gatewayA;sensor06→gatewayA;sensor07→gatewayA;sensor08→gatewayA;sensor09→gatewayA,5116df5a05fbbfe0,91.7900736538011,75.37305752804363,94.47077409162718,9,False,False,False,10,-1,0.7272727272727273,False,True
2024-04,95,85,expanding_window,exact,2024-02;2024-03,Optimal,10,sensor01→gatewayA;sensor02→gatewayA;sensor02→gatewayC;sensor03→gatewayA;sensor04→gatewayA;sensor05→gatewayA;sensor06→gatewayA;sensor07→gatewayA;sensor08→gatewayA;sensor09→gatewayA,653063214fd849c6,94.9040939020899,86.56627226006933,95.0222882615156,9,False,True,False,10,0,0.8181818181818182,False,True
2024-04,95,85,retrospective_oracle,exact,2024-04,Optimal,10,sensor01→gatewayA;sensor02→gatewayC;sensor03→gatewayA;sensor04→gatewayA;sensor04→gatewayC;sensor05→gatewayA;sensor06→gatewayA;sensor07→gatewayA;sensor08→gatewayA;sensor09→gatewayA,947350bea811764a,95.0680581943107,89.76021405783678,95.0222882615156,9,True,True,True,10,0,1.0,False,True
2024-04,98,90,previous_month,proposed,2024-03,Feasible,11,sensor01→gatewayA;sensor02→gatewayA;sensor03→gatewayA;sensor04→gatewayA;sensor05→gatewayA;sensor06→gatewayA;sensor07→gatewayA;sensor08→gatewayA;sensor08→gatewayB;sensor09→gatewayA;sensor09→gatewayB,91d8c74dc49370dc,93.22280925487338,75.37305752804363,96.05309116311561,9,False,False,False,14,-3,0.6666666666666666,False,True
2024-04,98,90,expanding_window,proposed,2024-02;2024-03,Feasible,13,sensor01→gatewayA;sensor01→gatewayC;sensor02→gatewayA;sensor02→gatewayC;sensor03→gatewayA;sensor03→gatewayC;sensor04→gatewayA;sensor04→gatewayC;sensor05→gatewayA;sensor06→gatewayA;sensor07→gatewayA;sensor08→gatewayA;sensor09→gatewayA,02b483276331df2a,97.58868386122896,91.56031784252347,98.2044360990494,9,False,True,False,14,-1,0.9285714285714286,False,True
2024-04,98,90,previous_month,multicover,2024-03,Feasible,11,sensor01→gatewayA;sensor02→gatewayA;sensor02→gatewayC;sensor03→gatewayA;sensor04→gatewayA;sensor05→gatewayA;sensor06→gatewayA;sensor07→gatewayA;sensor08→gatewayA;sensor08→gatewayB;sensor09→gatewayA,ce4a3ca4dad5360b,95.81630794055644,86.56627226006933,96.05309116311561,9,False,False,False,14,-3,0.7857142857142857,False,True
2024-04,98,90,expanding_window,multicover,2024-02;2024-03,Feasible,13,sensor01→gatewayA;sensor01→gatewayC;sensor02→gatewayA;sensor02→gatewayC;sensor03→gatewayA;sensor03→gatewayC;sensor04→gatewayA;sensor04→gatewayC;sensor05→gatewayA;sensor06→gatewayA;sensor07→gatewayA;sensor08→gatewayA;sensor09→gatewayA,02b483276331df2a,97.58868386122896,91.56031784252347,98.2044360990494,9,False,True,False,14,-1,0.9285714285714286,False,True
2024-04,98,90,previous_month,coverage_only,2024-03,Feasible,11,sensor01→gatewayA;sensor02→gatewayA;sensor03→gatewayA;sensor04→gatewayA;sensor05→gatewayA;sensor06→gatewayA;sensor07→gatewayA;sensor08→gatewayA;sensor08→gatewayB;sensor09→gatewayA;sensor09→gatewayB,91d8c74dc49370dc,93.22280925487338,75.37305752804363,96.05309116311561,9,False,False,False,14,-3,0.6666666666666666,False,True
2024-04,98,90,expanding_window,coverage_only,2024-02;2024-03,Feasible,13,sensor01→gatewayA;sensor01→gatewayC;sensor02→gatewayA;sensor02→gatewayC;sensor03→gatewayA;sensor03→gatewayC;sensor04→gatewayA;sensor04→gatewayC;sensor05→gatewayA;sensor06→gatewayA;sensor07→gatewayA;sensor08→gatewayA;sensor09→gatewayA,02b483276331df2a,97.58868386122896,91.56031784252347,98.2044360990494,9,False,True,False,14,-1,0.9285714285714286,False,True
2024-04,98,90,previous_month,exact,2024-03,Optimal,11,sensor01→gatewayA;sensor02→gatewayA;sensor03→gatewayA;sensor04→gatewayA;sensor05→gatewayA;sensor06→gatewayA;sensor07→gatewayA;sensor08→gatewayA;sensor08→gatewayB;sensor09→gatewayA;sensor09→gatewayB,91d8c74dc49370dc,93.22280925487338,75.37305752804363,96.05309116311561,9,False,False,False,14,-3,0.6666666666666666,False,True
2024-04,98,90,expanding_window,exact,2024-02;2024-03,Optimal,13,sensor01→gatewayA;sensor01→gatewayC;sensor02→gatewayA;sensor02→gatewayC;sensor03→gatewayA;sensor03→gatewayC;sensor04→gatewayA;sensor04→gatewayC;sensor05→gatewayA;sensor06→gatewayA;sensor07→gatewayA;sensor08→gatewayA;sensor09→gatewayA,02b483276331df2a,97.58868386122896,91.56031784252347,98.2044360990494,9,False,True,False,14,-1,0.9285714285714286,False,True
2024-04,98,90,retrospective_oracle,exact,2024-04,Optimal,14,sensor01→gatewayA;sensor01→gatewayC;sensor02→gatewayA;sensor02→gatewayC;sensor03→gatewayA;sensor03→gatewayC;sensor04→gatewayA;sensor04→gatewayC;sensor05→gatewayA;sensor06→gatewayA;sensor07→gatewayA;sensor08→gatewayA;sensor08→gatewayB;sensor09→gatewayA,41373d6960c195b8,98.50089789969549,95.0222882615156,99.7769691278319,9,True,True,True,14,0,1.0,False,True
2024-05,90,80,previous_month,proposed,2024-04,Feasible,9,sensor01→gatewayA;sensor02→gatewayC;sensor03→gatewayA;sensor04→gatewayA;sensor05→gatewayA;sensor06→gatewayA;sensor07→gatewayA;sensor08→gatewayA;sensor09→gatewayA,a3ace494bf9be893,94.88627137486104,88.03892723775037,95.6629491945477,9,True,True,True,9,0,0.38461538461538464,False,False
2024-05,90,80,expanding_window,proposed,2024-02;2024-03;2024-04,Feasible,9,sensor01→gatewayA;sensor02→gatewayA;sensor03→gatewayA;sensor04→gatewayA;sensor05→gatewayA;sensor06→gatewayA;sensor07→gatewayA;sensor08→gatewayA;sensor09→gatewayA,5116df5a05fbbfe0,91.51250952422588,73.34748624915565,95.19770636722016,9,True,False,False,9,0,0.2857142857142857,False,False
2024-05,90,80,previous_month,multicover,2024-04,Feasible,9,sensor01→gatewayA;sensor02→gatewayC;sensor03→gatewayA;sensor04→gatewayA;sensor05→gatewayA;sensor06→gatewayA;sensor07→gatewayA;sensor08→gatewayA;sensor09→gatewayA,a3ace494bf9be893,94.88627137486104,88.03892723775037,95.6629491945477,9,True,True,True,9,0,0.38461538461538464,False,False
2024-05,90,80,expanding_window,multicover,2024-02;2024-03;2024-04,Feasible,9,sensor01→gatewayA;sensor02→gatewayA;sensor03→gatewayA;sensor04→gatewayA;sensor05→gatewayA;sensor06→gatewayA;sensor07→gatewayA;sensor08→gatewayA;sensor09→gatewayA,5116df5a05fbbfe0,91.51250952422588,73.34748624915565,95.19770636722016,9,True,False,False,9,0,0.2857142857142857,False,False
2024-05,90,80,previous_month,coverage_only,2024-04,Feasible,9,sensor01→gatewayA;sensor02→gatewayC;sensor03→gatewayA;sensor04→gatewayA;sensor05→gatewayA;sensor06→gatewayA;sensor07→gatewayA;sensor08→gatewayA;sensor09→gatewayA,a3ace494bf9be893,94.88627137486104,88.03892723775037,95.6629491945477,9,True,True,True,9,0,0.38461538461538464,False,False
2024-05,90,80,expanding_window,coverage_only,2024-02;2024-03;2024-04,Feasible,9,sensor01→gatewayA;sensor02→gatewayA;sensor03→gatewayA;sensor04→gatewayA;sensor05→gatewayA;sensor06→gatewayA;sensor07→gatewayA;sensor08→gatewayA;sensor09→gatewayA,5116df5a05fbbfe0,91.51250952422588,73.34748624915565,95.19770636722016,9,True,False,False,9,0,0.2857142857142857,False,False
2024-05,90,80,previous_month,exact,2024-04,Optimal,9,sensor01→gatewayA;sensor02→gatewayC;sensor03→gatewayA;sensor04→gatewayA;sensor05→gatewayA;sensor06→gatewayA;sensor07→gatewayA;sensor08→gatewayA;sensor09→gatewayA,a3ace494bf9be893,94.88627137486104,88.03892723775037,95.6629491945477,9,True,True,True,9,0,0.38461538461538464,False,False
2024-05,90,80,expanding_window,exact,2024-02;2024-03;2024-04,Optimal,9,sensor01→gatewayA;sensor02→gatewayA;sensor03→gatewayA;sensor04→gatewayA;sensor05→gatewayA;sensor06→gatewayA;sensor07→gatewayA;sensor08→gatewayA;sensor09→gatewayA,5116df5a05fbbfe0,91.51250952422588,73.34748624915565,95.19770636722016,9,True,False,False,9,0,0.2857142857142857,False,False
2024-05,90,80,frozen_initial_window,proposed,2024-02;2024-03;2024-04,Feasible,9,sensor01→gatewayA;sensor02→gatewayA;sensor03→gatewayA;sensor04→gatewayA;sensor05→gatewayA;sensor06→gatewayA;sensor07→gatewayA;sensor08→gatewayA;sensor09→gatewayA,5116df5a05fbbfe0,91.51250952422588,73.34748624915565,95.19770636722016,9,True,False,False,9,0,0.2857142857142857,False,False
2024-05,90,80,frozen_initial_window,multicover,2024-02;2024-03;2024-04,Feasible,9,sensor01→gatewayA;sensor02→gatewayA;sensor03→gatewayA;sensor04→gatewayA;sensor05→gatewayA;sensor06→gatewayA;sensor07→gatewayA;sensor08→gatewayA;sensor09→gatewayA,5116df5a05fbbfe0,91.51250952422588,73.34748624915565,95.19770636722016,9,True,False,False,9,0,0.2857142857142857,False,False
2024-05,90,80,frozen_initial_window,coverage_only,2024-02;2024-03;2024-04,Feasible,9,sensor01→gatewayA;sensor02→gatewayA;sensor03→gatewayA;sensor04→gatewayA;sensor05→gatewayA;sensor06→gatewayA;sensor07→gatewayA;sensor08→gatewayA;sensor09→gatewayA,5116df5a05fbbfe0,91.51250952422588,73.34748624915565,95.19770636722016,9,True,False,False,9,0,0.2857142857142857,False,False
2024-05,90,80,retrospective_oracle,exact,2024-05,Optimal,9,sensor01→gatewayA;sensor02→gatewayC;sensor03→gatewayC;sensor04→gatewayC;sensor05→gatewayC;sensor06→gatewayA;sensor07→gatewayC;sensor08→gatewayA;sensor09→gatewayA,97c48b93a4fc4650,96.64622341023495,90.36767297075062,97.35151583455426,9,True,True,True,9,0,1.0,False,False
2024-05,95,85,previous_month,proposed,2024-04,Feasible,10,sensor01→gatewayA;sensor02→gatewayC;sensor03→gatewayA;sensor04→gatewayA;sensor04→gatewayC;sensor05→gatewayA;sensor06→gatewayA;sensor07→gatewayA;sensor08→gatewayA;sensor09→gatewayA,947350bea811764a,96.20654767109257,90.36767297075062,96.47244449453397,9,True,True,True,9,1,0.46153846153846156,False,False
2024-05,95,85,expanding_window,proposed,2024-02;2024-03;2024-04,Feasible,10,sensor01→gatewayA;sensor02→gatewayA;sensor02→gatewayC;sensor03→gatewayA;sensor04→gatewayA;sensor05→gatewayA;sensor06→gatewayA;sensor07→gatewayA;sensor08→gatewayA;sensor09→gatewayA,653063214fd849c6,94.96246518192832,88.03892723775037,95.6629491945477,9,False,True,False,9,1,0.35714285714285715,False,False
2024-05,95,85,previous_month,multicover,2024-04,Feasible,10,sensor01→gatewayA;sensor02→gatewayC;sensor03→gatewayA;sensor04→gatewayA;sensor04→gatewayC;sensor05→gatewayA;sensor06→gatewayA;sensor07→gatewayA;sensor08→gatewayA;sensor09→gatewayA,947350bea811764a,96.20654767109257,90.36767297075062,96.47244449453397,9,True,True,True,9,1,0.46153846153846156,False,False
2024-05,95,85,expanding_window,multicover,2024-02;2024-03;2024-04,Feasible,10,sensor01→gatewayA;sensor02→gatewayA;sensor02→gatewayC;sensor03→gatewayA;sensor04→gatewayA;sensor05→gatewayA;sensor06→gatewayA;sensor07→gatewayA;sensor08→gatewayA;sensor09→gatewayA,653063214fd849c6,94.96246518192832,88.03892723775037,95.6629491945477,9,False,True,False,9,1,0.35714285714285715,False,False
2024-05,95,85,previous_month,coverage_only,2024-04,Feasible,10,sensor01→gatewayA;sensor02→gatewayC;sensor03→gatewayA;sensor04→gatewayA;sensor04→gatewayC;sensor05→gatewayA;sensor06→gatewayA;sensor07→gatewayA;sensor08→gatewayA;sensor09→gatewayA,947350bea811764a,96.20654767109257,90.36767297075062,96.47244449453397,9,True,True,True,9,1,0.46153846153846156,False,False
2024-05,95,85,expanding_window,coverage_only,2024-02;2024-03;2024-04,Feasible,10,sensor01→gatewayA;sensor02→gatewayA;sensor02→gatewayC;sensor03→gatewayA;sensor04→gatewayA;sensor05→gatewayA;sensor06→gatewayA;sensor07→gatewayA;sensor08→gatewayA;sensor09→gatewayA,653063214fd849c6,94.96246518192832,88.03892723775037,95.6629491945477,9,False,True,False,9,1,0.35714285714285715,False,False
2024-05,95,85,previous_month,exact,2024-04,Optimal,10,sensor01→gatewayA;sensor02→gatewayC;sensor03→gatewayA;sensor04→gatewayA;sensor04→gatewayC;sensor05→gatewayA;sensor06→gatewayA;sensor07→gatewayA;sensor08→gatewayA;sensor09→gatewayA,947350bea811764a,96.20654767109257,90.36767297075062,96.47244449453397,9,True,True,True,9,1,0.46153846153846156,False,False
2024-05,95,85,expanding_window,exact,2024-02;2024-03;2024-04,Optimal,10,sensor01→gatewayA;sensor02→gatewayA;sensor02→gatewayC;sensor03→gatewayA;sensor04→gatewayA;sensor05→gatewayA;sensor06→gatewayA;sensor07→gatewayA;sensor08→gatewayA;sensor09→gatewayA,653063214fd849c6,94.96246518192832,88.03892723775037,95.6629491945477,9,False,True,False,9,1,0.35714285714285715,False,False
2024-05,95,85,frozen_initial_window,proposed,2024-02;2024-03;2024-04,Feasible,10,sensor01→gatewayA;sensor02→gatewayA;sensor02→gatewayC;sensor03→gatewayA;sensor04→gatewayA;sensor05→gatewayA;sensor06→gatewayA;sensor07→gatewayA;sensor08→gatewayA;sensor09→gatewayA,653063214fd849c6,94.96246518192832,88.03892723775037,95.6629491945477,9,False,True,False,9,1,0.35714285714285715,False,False
2024-05,95,85,frozen_initial_window,multicover,2024-02;2024-03;2024-04,Feasible,10,sensor01→gatewayA;sensor02→gatewayA;sensor02→gatewayC;sensor03→gatewayA;sensor04→gatewayA;sensor05→gatewayA;sensor06→gatewayA;sensor07→gatewayA;sensor08→gatewayA;sensor09→gatewayA,653063214fd849c6,94.96246518192832,88.03892723775037,95.6629491945477,9,False,True,False,9,1,0.35714285714285715,False,False
2024-05,95,85,frozen_initial_window,coverage_only,2024-02;2024-03;2024-04,Feasible,10,sensor01→gatewayA;sensor02→gatewayA;sensor02→gatewayC;sensor03→gatewayA;sensor04→gatewayA;sensor05→gatewayA;sensor06→gatewayA;sensor07→gatewayA;sensor08→gatewayA;sensor09→gatewayA,653063214fd849c6,94.96246518192832,88.03892723775037,95.6629491945477,9,False,True,False,9,1,0.35714285714285715,False,False
2024-05,95,85,retrospective_oracle,exact,2024-05,Optimal,9,sensor01→gatewayA;sensor02→gatewayC;sensor03→gatewayC;sensor04→gatewayC;sensor05→gatewayC;sensor06→gatewayA;sensor07→gatewayC;sensor08→gatewayA;sensor09→gatewayA,97c48b93a4fc4650,96.64622341023495,90.36767297075062,97.35151583455426,9,True,True,True,9,0,1.0,False,False
2024-05,98,90,previous_month,proposed,2024-04,Feasible,14,sensor01→gatewayA;sensor01→gatewayC;sensor02→gatewayA;sensor02→gatewayC;sensor03→gatewayA;sensor03→gatewayC;sensor04→gatewayA;sensor04→gatewayC;sensor05→gatewayA;sensor06→gatewayA;sensor07→gatewayA;sensor08→gatewayA;sensor08→gatewayB;sensor09→gatewayA,41373d6960c195b8,98.53732872006896,95.19770636722016,99.92951955832257,9,True,True,True,11,3,0.5625,False,False
2024-05,98,90,expanding_window,proposed,2024-02;2024-03;2024-04,Feasible,14,sensor01→gatewayA;sensor01→gatewayC;sensor02→gatewayA;sensor02→gatewayC;sensor03→gatewayA;sensor03→gatewayC;sensor04→gatewayA;sensor04→gatewayC;sensor05→gatewayA;sensor06→gatewayA;sensor07→gatewayA;sensor08→gatewayA;sensor08→gatewayB;sensor09→gatewayA,41373d6960c195b8,98.53732872006896,95.19770636722016,99.92951955832257,9,True,True,True,11,3,0.5625,False,False
2024-05,98,90,previous_month,multicover,2024-04,Feasible,14,sensor01→gatewayA;sensor01→gatewayC;sensor02→gatewayA;sensor02→gatewayC;sensor03→gatewayA;sensor03→gatewayC;sensor04→gatewayA;sensor04→gatewayC;sensor05→gatewayA;sensor06→gatewayA;sensor07→gatewayA;sensor08→gatewayA;sensor08→gatewayB;sensor09→gatewayA,41373d6960c195b8,98.53732872006896,95.19770636722016,99.92951955832257,9,True,True,True,11,3,0.5625,False,False
2024-05,98,90,expanding_window,multicover,2024-02;2024-03;2024-04,Feasible,14,sensor01→gatewayA;sensor01→gatewayC;sensor02→gatewayA;sensor02→gatewayC;sensor03→gatewayA;sensor03→gatewayC;sensor04→gatewayA;sensor04→gatewayC;sensor05→gatewayA;sensor06→gatewayA;sensor07→gatewayA;sensor08→gatewayA;sensor08→gatewayB;sensor09→gatewayA,41373d6960c195b8,98.53732872006896,95.19770636722016,99.92951955832257,9,True,True,True,11,3,0.5625,False,False
2024-05,98,90,previous_month,coverage_only,2024-04,Feasible,14,sensor01→gatewayA;sensor01→gatewayC;sensor02→gatewayA;sensor02→gatewayC;sensor03→gatewayA;sensor03→gatewayC;sensor04→gatewayA;sensor04→gatewayC;sensor05→gatewayA;sensor06→gatewayA;sensor07→gatewayA;sensor08→gatewayA;sensor08→gatewayB;sensor09→gatewayA,41373d6960c195b8,98.53732872006896,95.19770636722016,99.92951955832257,9,True,True,True,11,3,0.5625,False,False
2024-05,98,90,expanding_window,coverage_only,2024-02;2024-03;2024-04,Feasible,14,sensor01→gatewayA;sensor01→gatewayC;sensor02→gatewayA;sensor02→gatewayC;sensor03→gatewayA;sensor03→gatewayC;sensor04→gatewayA;sensor04→gatewayC;sensor05→gatewayA;sensor06→gatewayA;sensor07→gatewayA;sensor08→gatewayA;sensor08→gatewayB;sensor09→gatewayA,41373d6960c195b8,98.53732872006896,95.19770636722016,99.92951955832257,9,True,True,True,11,3,0.5625,False,False
2024-05,98,90,previous_month,exact,2024-04,Optimal,14,sensor01→gatewayA;sensor01→gatewayC;sensor02→gatewayA;sensor02→gatewayC;sensor03→gatewayA;sensor03→gatewayC;sensor04→gatewayA;sensor04→gatewayC;sensor05→gatewayA;sensor06→gatewayA;sensor07→gatewayA;sensor08→gatewayA;sensor08→gatewayB;sensor09→gatewayA,41373d6960c195b8,98.53732872006896,95.19770636722016,99.92951955832257,9,True,True,True,11,3,0.5625,False,False
2024-05,98,90,expanding_window,exact,2024-02;2024-03;2024-04,Optimal,14,sensor01→gatewayA;sensor01→gatewayC;sensor02→gatewayA;sensor02→gatewayC;sensor03→gatewayA;sensor03→gatewayC;sensor04→gatewayA;sensor04→gatewayC;sensor05→gatewayA;sensor06→gatewayA;sensor07→gatewayA;sensor08→gatewayA;sensor08→gatewayB;sensor09→gatewayA,41373d6960c195b8,98.53732872006896,95.19770636722016,99.92951955832257,9,True,True,True,11,3,0.5625,False,False
2024-05,98,90,frozen_initial_window,proposed,2024-02;2024-03;2024-04,Feasible,14,sensor01→gatewayA;sensor01→gatewayC;sensor02→gatewayA;sensor02→gatewayC;sensor03→gatewayA;sensor03→gatewayC;sensor04→gatewayA;sensor04→gatewayC;sensor05→gatewayA;sensor06→gatewayA;sensor07→gatewayA;sensor08→gatewayA;sensor08→gatewayB;sensor09→gatewayA,41373d6960c195b8,98.53732872006896,95.19770636722016,99.92951955832257,9,True,True,True,11,3,0.5625,False,False
2024-05,98,90,frozen_initial_window,multicover,2024-02;2024-03;2024-04,Feasible,14,sensor01→gatewayA;sensor01→gatewayC;sensor02→gatewayA;sensor02→gatewayC;sensor03→gatewayA;sensor03→gatewayC;sensor04→gatewayA;sensor04→gatewayC;sensor05→gatewayA;sensor06→gatewayA;sensor07→gatewayA;sensor08→gatewayA;sensor08→gatewayB;sensor09→gatewayA,41373d6960c195b8,98.53732872006896,95.19770636722016,99.92951955832257,9,True,True,True,11,3,0.5625,False,False
2024-05,98,90,frozen_initial_window,coverage_only,2024-02;2024-03;2024-04,Feasible,14,sensor01→gatewayA;sensor01→gatewayC;sensor02→gatewayA;sensor02→gatewayC;sensor03→gatewayA;sensor03→gatewayC;sensor04→gatewayA;sensor04→gatewayC;sensor05→gatewayA;sensor06→gatewayA;sensor07→gatewayA;sensor08→gatewayA;sensor08→gatewayB;sensor09→gatewayA,41373d6960c195b8,98.53732872006896,95.19770636722016,99.92951955832257,9,True,True,True,11,3,0.5625,False,False
2024-05,98,90,retrospective_oracle,exact,2024-05,Optimal,11,sensor01→gatewayA;sensor01→gatewayC;sensor02→gatewayC;sensor03→gatewayC;sensor04→gatewayC;sensor05→gatewayC;sensor06→gatewayA;sensor07→gatewayC;sensor08→gatewayA;sensor08→gatewayB;sensor09→gatewayA,0c19051bc9488d92,98.51484530159007,95.19770636722016,99.26851226648661,9,True,True,True,11,0,1.0,False,False
2024-06,90,80,previous_month,proposed,2024-05,Feasible,9,sensor01→gatewayA;sensor02→gatewayC;sensor03→gatewayC;sensor04→gatewayC;sensor05→gatewayC;sensor06→gatewayA;sensor07→gatewayC;sensor08→gatewayA;sensor09→gatewayA,97c48b93a4fc4650,95.42242584252213,87.10053650571496,98.22244794311834,9,True,True,True,9,0,0.6363636363636364,False,False
2024-06,90,80,expanding_window,proposed,2024-02;2024-03;2024-04;2024-05,Feasible,9,sensor01→gatewayA;sensor02→gatewayA;sensor03→gatewayA;sensor04→gatewayA;sensor05→gatewayA;sensor06→gatewayA;sensor07→gatewayA;sensor08→gatewayA;sensor09→gatewayA,5116df5a05fbbfe0,90.92120929750996,68.6696562032885,96.0455919981391,9,True,False,False,9,0,0.5,False,False
2024-06,90,80,previous_month,multicover,2024-05,Feasible,9,sensor01→gatewayA;sensor02→gatewayC;sensor03→gatewayC;sensor04→gatewayC;sensor05→gatewayC;sensor06→gatewayA;sensor07→gatewayC;sensor08→gatewayA;sensor09→gatewayA,97c48b93a4fc4650,95.42242584252213,87.10053650571496,98.22244794311834,9,True,True,True,9,0,0.6363636363636364,False,False
2024-06,90,80,expanding_window,multicover,2024-02;2024-03;2024-04;2024-05,Feasible,9,sensor01→gatewayA;sensor02→gatewayA;sensor03→gatewayA;sensor04→gatewayA;sensor05→gatewayA;sensor06→gatewayA;sensor07→gatewayA;sensor08→gatewayA;sensor09→gatewayA,5116df5a05fbbfe0,90.92120929750996,68.6696562032885,96.0455919981391,9,True,False,False,9,0,0.5,False,False
2024-06,90,80,previous_month,coverage_only,2024-05,Feasible,9,sensor01→gatewayA;sensor02→gatewayC;sensor03→gatewayC;sensor04→gatewayC;sensor05→gatewayC;sensor06→gatewayA;sensor07→gatewayC;sensor08→gatewayA;sensor09→gatewayA,97c48b93a4fc4650,95.42242584252213,87.10053650571496,98.22244794311834,9,True,True,True,9,0,0.6363636363636364,False,False
2024-06,90,80,expanding_window,coverage_only,2024-02;2024-03;2024-04;2024-05,Feasible,9,sensor01→gatewayA;sensor02→gatewayA;sensor03→gatewayA;sensor04→gatewayA;sensor05→gatewayA;sensor06→gatewayA;sensor07→gatewayA;sensor08→gatewayA;sensor09→gatewayA,5116df5a05fbbfe0,90.92120929750996,68.6696562032885,96.0455919981391,9,True,False,False,9,0,0.5,False,False
2024-06,90,80,previous_month,exact,2024-05,Optimal,9,sensor01→gatewayA;sensor02→gatewayC;sensor03→gatewayC;sensor04→gatewayC;sensor05→gatewayC;sensor06→gatewayA;sensor07→gatewayC;sensor08→gatewayA;sensor09→gatewayA,97c48b93a4fc4650,95.42242584252213,87.10053650571496,98.22244794311834,9,True,True,True,9,0,0.6363636363636364,False,False
2024-06,90,80,expanding_window,exact,2024-02;2024-03;2024-04;2024-05,Optimal,9,sensor01→gatewayA;sensor02→gatewayA;sensor03→gatewayA;sensor04→gatewayA;sensor05→gatewayA;sensor06→gatewayA;sensor07→gatewayA;sensor08→gatewayA;sensor09→gatewayA,5116df5a05fbbfe0,90.92120929750996,68.6696562032885,96.0455919981391,9,True,False,False,9,0,0.5,False,False
2024-06,90,80,frozen_initial_window,proposed,2024-02;2024-03;2024-04,Feasible,9,sensor01→gatewayA;sensor02→gatewayA;sensor03→gatewayA;sensor04→gatewayA;sensor05→gatewayA;sensor06→gatewayA;sensor07→gatewayA;sensor08→gatewayA;sensor09→gatewayA,5116df5a05fbbfe0,90.92120929750996,68.6696562032885,96.0455919981391,9,True,False,False,9,0,0.5,False,False
2024-06,90,80,frozen_initial_window,multicover,2024-02;2024-03;2024-04,Feasible,9,sensor01→gatewayA;sensor02→gatewayA;sensor03→gatewayA;sensor04→gatewayA;sensor05→gatewayA;sensor06→gatewayA;sensor07→gatewayA;sensor08→gatewayA;sensor09→gatewayA,5116df5a05fbbfe0,90.92120929750996,68.6696562032885,96.0455919981391,9,True,False,False,9,0,0.5,False,False
2024-06,90,80,frozen_initial_window,coverage_only,2024-02;2024-03;2024-04,Feasible,9,sensor01→gatewayA;sensor02→gatewayA;sensor03→gatewayA;sensor04→gatewayA;sensor05→gatewayA;sensor06→gatewayA;sensor07→gatewayA;sensor08→gatewayA;sensor09→gatewayA,5116df5a05fbbfe0,90.92120929750996,68.6696562032885,96.0455919981391,9,True,False,False,9,0,0.5,False,False
2024-06,90,80,retrospective_oracle,exact,2024-06,Optimal,9,sensor01→gatewayA;sensor02→gatewayC;sensor03→gatewayC;sensor04→gatewayC;sensor05→gatewayA;sensor06→gatewayA;sensor07→gatewayA;sensor08→gatewayA;sensor09→gatewayA,2d610032a3e50ee7,96.73732981311798,88.48433530906011,98.22244794311834,9,True,True,True,9,0,1.0,False,False
2024-06,95,85,previous_month,proposed,2024-05,Feasible,9,sensor01→gatewayA;sensor02→gatewayC;sensor03→gatewayC;sensor04→gatewayC;sensor05→gatewayC;sensor06→gatewayA;sensor07→gatewayC;sensor08→gatewayA;sensor09→gatewayA,97c48b93a4fc4650,95.42242584252213,87.10053650571496,98.22244794311834,9,True,True,True,9,0,0.6363636363636364,False,False
2024-06,95,85,expanding_window,proposed,2024-02;2024-03;2024-04;2024-05,Feasible,10,sensor01→gatewayA;sensor02→gatewayA;sensor02→gatewayC;sensor03→gatewayA;sensor04→gatewayA;sensor05→gatewayA;sensor06→gatewayA;sensor07→gatewayA;sensor08→gatewayA;sensor09→gatewayA,653063214fd849c6,94.99016410415696,84.5183887915937,96.90685820203892,9,False,False,False,9,1,0.5833333333333334,False,False
2024-06,95,85,previous_month,multicover,2024-05,Feasible,9,sensor01→gatewayA;sensor02→gatewayC;sensor03→gatewayC;sensor04→gatewayC;sensor05→gatewayC;sensor06→gatewayA;sensor07→gatewayC;sensor08→gatewayA;sensor09→gatewayA,97c48b93a4fc4650,95.42242584252213,87.10053650571496,98.22244794311834,9,True,True,True,9,0,0.6363636363636364,False,False
2024-06,95,85,expanding_window,multicover,2024-02;2024-03;2024-04;2024-05,Feasible,10,sensor01→gatewayA;sensor02→gatewayA;sensor02→gatewayC;sensor03→gatewayA;sensor04→gatewayA;sensor05→gatewayA;sensor06→gatewayA;sensor07→gatewayA;sensor08→gatewayA;sensor09→gatewayA,653063214fd849c6,94.99016410415696,84.5183887915937,96.90685820203892,9,False,False,False,9,1,0.5833333333333334,False,False
2024-06,95,85,previous_month,coverage_only,2024-05,Feasible,9,sensor01→gatewayA;sensor02→gatewayC;sensor03→gatewayC;sensor04→gatewayC;sensor05→gatewayC;sensor06→gatewayA;sensor07→gatewayC;sensor08→gatewayA;sensor09→gatewayA,97c48b93a4fc4650,95.42242584252213,87.10053650571496,98.22244794311834,9,True,True,True,9,0,0.6363636363636364,False,False
2024-06,95,85,expanding_window,coverage_only,2024-02;2024-03;2024-04;2024-05,Feasible,10,sensor01→gatewayA;sensor02→gatewayA;sensor02→gatewayC;sensor03→gatewayA;sensor04→gatewayA;sensor05→gatewayA;sensor06→gatewayA;sensor07→gatewayA;sensor08→gatewayA;sensor09→gatewayA,653063214fd849c6,94.99016410415696,84.5183887915937,96.90685820203892,9,False,False,False,9,1,0.5833333333333334,False,False
2024-06,95,85,previous_month,exact,2024-05,Optimal,9,sensor01→gatewayA;sensor02→gatewayC;sensor03→gatewayC;sensor04→gatewayC;sensor05→gatewayC;sensor06→gatewayA;sensor07→gatewayC;sensor08→gatewayA;sensor09→gatewayA,97c48b93a4fc4650,95.42242584252213,87.10053650571496,98.22244794311834,9,True,True,True,9,0,0.6363636363636364,False,False
2024-06,95,85,expanding_window,exact,2024-02;2024-03;2024-04;2024-05,Optimal,10,sensor01→gatewayA;sensor02→gatewayA;sensor02→gatewayC;sensor03→gatewayA;sensor04→gatewayA;sensor05→gatewayA;sensor06→gatewayA;sensor07→gatewayA;sensor08→gatewayA;sensor09→gatewayA,653063214fd849c6,94.99016410415696,84.5183887915937,96.90685820203892,9,False,False,False,9,1,0.5833333333333334,False,False
2024-06,95,85,frozen_initial_window,proposed,2024-02;2024-03;2024-04,Feasible,10,sensor01→gatewayA;sensor02→gatewayA;sensor02→gatewayC;sensor03→gatewayA;sensor04→gatewayA;sensor05→gatewayA;sensor06→gatewayA;sensor07→gatewayA;sensor08→gatewayA;sensor09→gatewayA,653063214fd849c6,94.99016410415696,84.5183887915937,96.90685820203892,9,False,False,False,9,1,0.5833333333333334,False,False
2024-06,95,85,frozen_initial_window,multicover,2024-02;2024-03;2024-04,Feasible,10,sensor01→gatewayA;sensor02→gatewayA;sensor02→gatewayC;sensor03→gatewayA;sensor04→gatewayA;sensor05→gatewayA;sensor06→gatewayA;sensor07→gatewayA;sensor08→gatewayA;sensor09→gatewayA,653063214fd849c6,94.99016410415696,84.5183887915937,96.90685820203892,9,False,False,False,9,1,0.5833333333333334,False,False
2024-06,95,85,frozen_initial_window,coverage_only,2024-02;2024-03;2024-04,Feasible,10,sensor01→gatewayA;sensor02→gatewayA;sensor02→gatewayC;sensor03→gatewayA;sensor04→gatewayA;sensor05→gatewayA;sensor06→gatewayA;sensor07→gatewayA;sensor08→gatewayA;sensor09→gatewayA,653063214fd849c6,94.99016410415696,84.5183887915937,96.90685820203892,9,False,False,False,9,1,0.5833333333333334,False,False
2024-06,95,85,retrospective_oracle,exact,2024-06,Optimal,9,sensor01→gatewayA;sensor02→gatewayC;sensor03→gatewayC;sensor04→gatewayC;sensor05→gatewayA;sensor06→gatewayA;sensor07→gatewayA;sensor08→gatewayA;sensor09→gatewayA,2d610032a3e50ee7,96.73732981311798,88.48433530906011,98.22244794311834,9,True,True,True,9,0,1.0,False,False
2024-06,98,90,previous_month,proposed,2024-05,Feasible,11,sensor01→gatewayA;sensor01→gatewayC;sensor02→gatewayC;sensor03→gatewayC;sensor04→gatewayC;sensor05→gatewayC;sensor06→gatewayA;sensor07→gatewayC;sensor08→gatewayA;sensor08→gatewayB;sensor09→gatewayA,0c19051bc9488d92,97.38572242066573,87.10053650571496,98.75812441968431,9,False,False,False,11,0,0.6923076923076923,False,False
2024-06,98,90,expanding_window,proposed,2024-02;2024-03;2024-04;2024-05,Feasible,14,sensor01→gatewayA;sensor01→gatewayC;sensor02→gatewayA;sensor02→gatewayC;sensor03→gatewayA;sensor03→gatewayC;sensor04→gatewayA;sensor04→gatewayC;sensor05→gatewayA;sensor06→gatewayA;sensor07→gatewayA;sensor08→gatewayA;sensor08→gatewayB;sensor09→gatewayA,41373d6960c195b8,99.01511621887457,96.0455919981391,99.9032297084795,9,True,True,True,11,3,0.7857142857142857,False,False
2024-06,98,90,previous_month,multicover,2024-05,Feasible,11,sensor01→gatewayA;sensor01→gatewayC;sensor02→gatewayC;sensor03→gatewayC;sensor04→gatewayC;sensor05→gatewayC;sensor06→gatewayA;sensor07→gatewayC;sensor08→gatewayA;sensor08→gatewayB;sensor09→gatewayA,0c19051bc9488d92,97.38572242066573,87.10053650571496,98.75812441968431,9,False,False,False,11,0,0.6923076923076923,False,False
2024-06,98,90,expanding_window,multicover,2024-02;2024-03;2024-04;2024-05,Feasible,14,sensor01→gatewayA;sensor01→gatewayC;sensor02→gatewayA;sensor02→gatewayC;sensor03→gatewayA;sensor03→gatewayB;sensor04→gatewayA;sensor04→gatewayC;sensor05→gatewayA;sensor06→gatewayA;sensor07→gatewayA;sensor08→gatewayA;sensor08→gatewayB;sensor09→gatewayA,08b2e0041fbd69c2,98.68768442304706,96.0455919981391,98.75812441968431,9,True,True,True,11,3,0.6666666666666666,False,False
2024-06,98,90,previous_month,coverage_only,2024-05,Feasible,11,sensor01→gatewayA;sensor01→gatewayC;sensor02→gatewayC;sensor03→gatewayC;sensor04→gatewayC;sensor05→gatewayC;sensor06→gatewayA;sensor07→gatewayC;sensor08→gatewayA;sensor08→gatewayB;sensor09→gatewayA,0c19051bc9488d92,97.38572242066573,87.10053650571496,98.75812441968431,9,False,False,False,11,0,0.6923076923076923,False,False
2024-06,98,90,expanding_window,coverage_only,2024-02;2024-03;2024-04;2024-05,Feasible,14,sensor01→gatewayA;sensor01→gatewayC;sensor02→gatewayA;sensor02→gatewayC;sensor03→gatewayA;sensor03→gatewayC;sensor04→gatewayA;sensor04→gatewayC;sensor05→gatewayA;sensor06→gatewayA;sensor07→gatewayA;sensor08→gatewayA;sensor08→gatewayB;sensor09→gatewayA,41373d6960c195b8,99.01511621887457,96.0455919981391,99.9032297084795,9,True,True,True,11,3,0.7857142857142857,False,False
2024-06,98,90,previous_month,exact,2024-05,Optimal,11,sensor01→gatewayA;sensor01→gatewayC;sensor02→gatewayC;sensor03→gatewayC;sensor04→gatewayC;sensor05→gatewayC;sensor06→gatewayA;sensor07→gatewayC;sensor08→gatewayA;sensor08→gatewayB;sensor09→gatewayA,0c19051bc9488d92,97.38572242066573,87.10053650571496,98.75812441968431,9,False,False,False,11,0,0.6923076923076923,False,False
2024-06,98,90,expanding_window,exact,2024-02;2024-03;2024-04;2024-05,Optimal,14,sensor01→gatewayA;sensor01→gatewayC;sensor02→gatewayA;sensor02→gatewayC;sensor03→gatewayA;sensor03→gatewayC;sensor04→gatewayA;sensor04→gatewayC;sensor05→gatewayA;sensor06→gatewayA;sensor07→gatewayA;sensor08→gatewayA;sensor08→gatewayB;sensor09→gatewayA,41373d6960c195b8,99.01511621887457,96.0455919981391,99.9032297084795,9,True,True,True,11,3,0.7857142857142857,False,False
2024-06,98,90,frozen_initial_window,proposed,2024-02;2024-03;2024-04,Feasible,14,sensor01→gatewayA;sensor01→gatewayC;sensor02→gatewayA;sensor02→gatewayC;sensor03→gatewayA;sensor03→gatewayC;sensor04→gatewayA;sensor04→gatewayC;sensor05→gatewayA;sensor06→gatewayA;sensor07→gatewayA;sensor08→gatewayA;sensor08→gatewayB;sensor09→gatewayA,41373d6960c195b8,99.01511621887457,96.0455919981391,99.9032297084795,9,True,True,True,11,3,0.7857142857142857,False,False
2024-06,98,90,frozen_initial_window,multicover,2024-02;2024-03;2024-04,Feasible,14,sensor01→gatewayA;sensor01→gatewayC;sensor02→gatewayA;sensor02→gatewayC;sensor03→gatewayA;sensor03→gatewayC;sensor04→gatewayA;sensor04→gatewayC;sensor05→gatewayA;sensor06→gatewayA;sensor07→gatewayA;sensor08→gatewayA;sensor08→gatewayB;sensor09→gatewayA,41373d6960c195b8,99.01511621887457,96.0455919981391,99.9032297084795,9,True,True,True,11,3,0.7857142857142857,False,False
2024-06,98,90,frozen_initial_window,coverage_only,2024-02;2024-03;2024-04,Feasible,14,sensor01→gatewayA;sensor01→gatewayC;sensor02→gatewayA;sensor02→gatewayC;sensor03→gatewayA;sensor03→gatewayC;sensor04→gatewayA;sensor04→gatewayC;sensor05→gatewayA;sensor06→gatewayA;sensor07→gatewayA;sensor08→gatewayA;sensor08→gatewayB;sensor09→gatewayA,41373d6960c195b8,99.01511621887457,96.0455919981391,99.9032297084795,9,True,True,True,11,3,0.7857142857142857,False,False
2024-06,98,90,retrospective_oracle,exact,2024-06,Optimal,11,sensor01→gatewayA;sensor01→gatewayC;sensor02→gatewayC;sensor03→gatewayC;sensor04→gatewayC;sensor05→gatewayA;sensor06→gatewayA;sensor07→gatewayA;sensor08→gatewayA;sensor08→gatewayB;sensor09→gatewayA,eab7e0605c2ef02e,98.70062639126158,96.0455919981391,98.75812441968431,9,True,True,True,11,0,1.0,False,False
2024-07,90,80,previous_month,proposed,2024-06,Feasible,9,sensor01→gatewayA;sensor02→gatewayC;sensor03→gatewayC;sensor04→gatewayC;sensor05→gatewayA;sensor06→gatewayA;sensor07→gatewayA;sensor08→gatewayA;sensor09→gatewayA,2d610032a3e50ee7,95.20314121722167,85.65976639296866,97.20287575825657,9,True,True,True,9,0,0.5,False,False
2024-07,90,80,expanding_window,proposed,2024-02;2024-03;2024-04;2024-05;2024-06,Feasible,9,sensor01→gatewayA;sensor02→gatewayC;sensor03→gatewayA;sensor04→gatewayA;sensor05→gatewayA;sensor06→gatewayA;sensor07→gatewayA;sensor08→gatewayA;sensor09→gatewayA,a3ace494bf9be893,94.77297452762946,85.65976639296866,96.4433972848648,9,True,True,True,9,0,0.2857142857142857,False,False
2024-07,90,80,previous_month,multicover,2024-06,Feasible,9,sensor01→gatewayA;sensor02→gatewayC;sensor03→gatewayC;sensor04→gatewayC;sensor05→gatewayA;sensor06→gatewayA;sensor07→gatewayA;sensor08→gatewayA;sensor09→gatewayA,2d610032a3e50ee7,95.20314121722167,85.65976639296866,97.20287575825657,9,True,True,True,9,0,0.5,False,False
2024-07,90,80,expanding_window,multicover,2024-02;2024-03;2024-04;2024-05;2024-06,Feasible,9,sensor01→gatewayA;sensor02→gatewayC;sensor03→gatewayA;sensor04→gatewayA;sensor05→gatewayA;sensor06→gatewayA;sensor07→gatewayA;sensor08→gatewayA;sensor09→gatewayA,a3ace494bf9be893,94.77297452762946,85.65976639296866,96.4433972848648,9,True,True,True,9,0,0.2857142857142857,False,False
2024-07,90,80,previous_month,coverage_only,2024-06,Feasible,9,sensor01→gatewayA;sensor02→gatewayC;sensor03→gatewayC;sensor04→gatewayC;sensor05→gatewayA;sensor06→gatewayA;sensor07→gatewayA;sensor08→gatewayA;sensor09→gatewayA,2d610032a3e50ee7,95.20314121722167,85.65976639296866,97.20287575825657,9,True,True,True,9,0,0.5,False,False
2024-07,90,80,expanding_window,coverage_only,2024-02;2024-03;2024-04;2024-05;2024-06,Feasible,9,sensor01→gatewayA;sensor02→gatewayC;sensor03→gatewayA;sensor04→gatewayA;sensor05→gatewayA;sensor06→gatewayA;sensor07→gatewayA;sensor08→gatewayA;sensor09→gatewayA,a3ace494bf9be893,94.77297452762946,85.65976639296866,96.4433972848648,9,True,True,True,9,0,0.2857142857142857,False,False
2024-07,90,80,previous_month,exact,2024-06,Optimal,9,sensor01→gatewayA;sensor02→gatewayC;sensor03→gatewayC;sensor04→gatewayC;sensor05→gatewayA;sensor06→gatewayA;sensor07→gatewayA;sensor08→gatewayA;sensor09→gatewayA,2d610032a3e50ee7,95.20314121722167,85.65976639296866,97.20287575825657,9,True,True,True,9,0,0.5,False,False
2024-07,90,80,expanding_window,exact,2024-02;2024-03;2024-04;2024-05;2024-06,Optimal,9,sensor01→gatewayA;sensor02→gatewayC;sensor03→gatewayA;sensor04→gatewayA;sensor05→gatewayA;sensor06→gatewayA;sensor07→gatewayA;sensor08→gatewayA;sensor09→gatewayA,a3ace494bf9be893,94.77297452762946,85.65976639296866,96.4433972848648,9,True,True,True,9,0,0.2857142857142857,False,False
2024-07,90,80,frozen_initial_window,proposed,2024-02;2024-03;2024-04,Feasible,9,sensor01→gatewayA;sensor02→gatewayA;sensor03→gatewayA;sensor04→gatewayA;sensor05→gatewayA;sensor06→gatewayA;sensor07→gatewayA;sensor08→gatewayA;sensor09→gatewayA,5116df5a05fbbfe0,90.50382023033926,66.59597030752916,93.46383170210372,9,True,False,False,9,0,0.2,False,False
2024-07,90,80,frozen_initial_window,multicover,2024-02;2024-03;2024-04,Feasible,9,sensor01→gatewayA;sensor02→gatewayA;sensor03→gatewayA;sensor04→gatewayA;sensor05→gatewayA;sensor06→gatewayA;sensor07→gatewayA;sensor08→gatewayA;sensor09→gatewayA,5116df5a05fbbfe0,90.50382023033926,66.59597030752916,93.46383170210372,9,True,False,False,9,0,0.2,False,False
2024-07,90,80,frozen_initial_window,coverage_only,2024-02;2024-03;2024-04,Feasible,9,sensor01→gatewayA;sensor02→gatewayA;sensor03→gatewayA;sensor04→gatewayA;sensor05→gatewayA;sensor06→gatewayA;sensor07→gatewayA;sensor08→gatewayA;sensor09→gatewayA,5116df5a05fbbfe0,90.50382023033926,66.59597030752916,93.46383170210372,9,True,False,False,9,0,0.2,False,False
2024-07,90,80,retrospective_oracle,exact,2024-07,Optimal,9,sensor01→gatewayC;sensor02→gatewayC;sensor03→gatewayC;sensor04→gatewayC;sensor05→gatewayA;sensor06→gatewayC;sensor07→gatewayC;sensor08→gatewayA;sensor09→gatewayA,6cde103f9014589e,96.2948142405182,88.28495431941714,98.55639833618791,9,True,True,True,9,0,1.0,False,False
2024-07,95,85,previous_month,proposed,2024-06,Feasible,9,sensor01→gatewayA;sensor02→gatewayC;sensor03→gatewayC;sensor04→gatewayC;sensor05→gatewayA;sensor06→gatewayA;sensor07→gatewayA;sensor08→gatewayA;sensor09→gatewayA,2d610032a3e50ee7,95.20314121722167,85.65976639296866,97.20287575825657,9,True,True,True,9,0,0.5,False,False
2024-07,95,85,expanding_window,proposed,2024-02;2024-03;2024-04;2024-05;2024-06,Feasible,10,sensor01→gatewayA;sensor02→gatewayA;sensor02→gatewayC;sensor03→gatewayA;sensor04→gatewayA;sensor05→gatewayA;sensor06→gatewayA;sensor07→gatewayA;sensor08→gatewayA;sensor09→gatewayA,653063214fd849c6,94.83674924033063,85.65976639296866,96.4433972848648,9,False,True,False,9,1,0.26666666666666666,False,False
2024-07,95,85,previous_month,multicover,2024-06,Feasible,9,sensor01→gatewayA;sensor02→gatewayC;sensor03→gatewayC;sensor04→gatewayC;sensor05→gatewayA;sensor06→gatewayA;sensor07→gatewayA;sensor08→gatewayA;sensor09→gatewayA,2d610032a3e50ee7,95.20314121722167,85.65976639296866,97.20287575825657,9,True,True,True,9,0,0.5,False,False
2024-07,95,85,expanding_window,multicover,2024-02;2024-03;2024-04;2024-05;2024-06,Feasible,10,sensor01→gatewayA;sensor02→gatewayA;sensor02→gatewayC;sensor03→gatewayA;sensor04→gatewayA;sensor05→gatewayA;sensor06→gatewayA;sensor07→gatewayA;sensor08→gatewayA;sensor09→gatewayA,653063214fd849c6,94.83674924033063,85.65976639296866,96.4433972848648,9,False,True,False,9,1,0.26666666666666666,False,False
2024-07,95,85,previous_month,coverage_only,2024-06,Feasible,9,sensor01→gatewayA;sensor02→gatewayC;sensor03→gatewayC;sensor04→gatewayC;sensor05→gatewayA;sensor06→gatewayA;sensor07→gatewayA;sensor08→gatewayA;sensor09→gatewayA,2d610032a3e50ee7,95.20314121722167,85.65976639296866,97.20287575825657,9,True,True,True,9,0,0.5,False,False
2024-07,95,85,expanding_window,coverage_only,2024-02;2024-03;2024-04;2024-05;2024-06,Feasible,10,sensor01→gatewayA;sensor02→gatewayA;sensor02→gatewayC;sensor03→gatewayA;sensor04→gatewayA;sensor05→gatewayA;sensor06→gatewayA;sensor07→gatewayA;sensor08→gatewayA;sensor09→gatewayA,653063214fd849c6,94.83674924033063,85.65976639296866,96.4433972848648,9,False,True,False,9,1,0.26666666666666666,False,False
2024-07,95,85,previous_month,exact,2024-06,Optimal,9,sensor01→gatewayA;sensor02→gatewayC;sensor03→gatewayC;sensor04→gatewayC;sensor05→gatewayA;sensor06→gatewayA;sensor07→gatewayA;sensor08→gatewayA;sensor09→gatewayA,2d610032a3e50ee7,95.20314121722167,85.65976639296866,97.20287575825657,9,True,True,True,9,0,0.5,False,False
2024-07,95,85,expanding_window,exact,2024-02;2024-03;2024-04;2024-05;2024-06,Optimal,10,sensor01→gatewayA;sensor02→gatewayA;sensor02→gatewayC;sensor03→gatewayA;sensor04→gatewayA;sensor05→gatewayA;sensor06→gatewayA;sensor07→gatewayA;sensor08→gatewayA;sensor09→gatewayA,653063214fd849c6,94.83674924033063,85.65976639296866,96.4433972848648,9,False,True,False,9,1,0.26666666666666666,False,False
2024-07,95,85,frozen_initial_window,proposed,2024-02;2024-03;2024-04,Feasible,10,sensor01→gatewayA;sensor02→gatewayA;sensor02→gatewayC;sensor03→gatewayA;sensor04→gatewayA;sensor05→gatewayA;sensor06→gatewayA;sensor07→gatewayA;sensor08→gatewayA;sensor09→gatewayA,653063214fd849c6,94.83674924033063,85.65976639296866,96.4433972848648,9,False,True,False,9,1,0.26666666666666666,False,False
2024-07,95,85,frozen_initial_window,multicover,2024-02;2024-03;2024-04,Feasible,10,sensor01→gatewayA;sensor02→gatewayA;sensor02→gatewayC;sensor03→gatewayA;sensor04→gatewayA;sensor05→gatewayA;sensor06→gatewayA;sensor07→gatewayA;sensor08→gatewayA;sensor09→gatewayA,653063214fd849c6,94.83674924033063,85.65976639296866,96.4433972848648,9,False,True,False,9,1,0.26666666666666666,False,False
2024-07,95,85,frozen_initial_window,coverage_only,2024-02;2024-03;2024-04,Feasible,10,sensor01→gatewayA;sensor02→gatewayA;sensor02→gatewayC;sensor03→gatewayA;sensor04→gatewayA;sensor05→gatewayA;sensor06→gatewayA;sensor07→gatewayA;sensor08→gatewayA;sensor09→gatewayA,653063214fd849c6,94.83674924033063,85.65976639296866,96.4433972848648,9,False,True,False,9,1,0.26666666666666666,False,False
2024-07,95,85,retrospective_oracle,exact,2024-07,Optimal,9,sensor01→gatewayC;sensor02→gatewayC;sensor03→gatewayC;sensor04→gatewayC;sensor05→gatewayA;sensor06→gatewayC;sensor07→gatewayC;sensor08→gatewayA;sensor09→gatewayA,6cde103f9014589e,96.2948142405182,88.28495431941714,98.55639833618791,9,True,True,True,9,0,1.0,False,False
2024-07,98,90,previous_month,proposed,2024-06,Feasible,11,sensor01→gatewayA;sensor01→gatewayC;sensor02→gatewayC;sensor03→gatewayC;sensor04→gatewayC;sensor05→gatewayA;sensor06→gatewayA;sensor07→gatewayA;sensor08→gatewayA;sensor08→gatewayB;sensor09→gatewayA,eab7e0605c2ef02e,97.56905800997886,91.78473491773309,98.55639833618791,9,False,True,False,11,0,0.5714285714285714,False,False
2024-07,98,90,expanding_window,proposed,2024-02;2024-03;2024-04;2024-05;2024-06,Feasible,13,sensor01→gatewayA;sensor01→gatewayC;sensor02→gatewayA;sensor02→gatewayC;sensor03→gatewayA;sensor04→gatewayA;sensor04→gatewayC;sensor05→gatewayA;sensor06→gatewayA;sensor07→gatewayA;sensor08→gatewayA;sensor08→gatewayB;sensor09→gatewayA,b895b38864b202d9,98.23681676649701,93.46383170210372,98.55639833618791,9,True,True,True,11,2,0.5,False,False
2024-07,98,90,previous_month,multicover,2024-06,Feasible,11,sensor01→gatewayA;sensor01→gatewayC;sensor02→gatewayA;sensor02→gatewayC;sensor03→gatewayC;sensor04→gatewayC;sensor05→gatewayA;sensor06→gatewayA;sensor07→gatewayA;sensor08→gatewayA;sensor09→gatewayA,2222a3c912793d0d,96.81751678775525,91.78473491773309,98.37177747625509,9,False,True,False,11,0,0.5714285714285714,False,False
2024-07,98,90,expanding_window,multicover,2024-02;2024-03;2024-04;2024-05;2024-06,Feasible,13,sensor01→gatewayA;sensor01→gatewayC;sensor02→gatewayA;sensor02→gatewayC;sensor03→gatewayA;sensor04→gatewayA;sensor04→gatewayC;sensor05→gatewayA;sensor06→gatewayA;sensor07→gatewayA;sensor08→gatewayA;sensor08→gatewayB;sensor09→gatewayA,b895b38864b202d9,98.23681676649701,93.46383170210372,98.55639833618791,9,True,True,True,11,2,0.5,False,False
2024-07,98,90,previous_month,coverage_only,2024-06,Feasible,11,sensor01→gatewayA;sensor01→gatewayC;sensor02→gatewayC;sensor03→gatewayC;sensor04→gatewayC;sensor05→gatewayA;sensor06→gatewayA;sensor07→gatewayA;sensor08→gatewayA;sensor08→gatewayB;sensor09→gatewayA,eab7e0605c2ef02e,97.56905800997886,91.78473491773309,98.55639833618791,9,False,True,False,11,0,0.5714285714285714,False,False
2024-07,98,90,expanding_window,coverage_only,2024-02;2024-03;2024-04;2024-05;2024-06,Feasible,13,sensor01→gatewayA;sensor01→gatewayC;sensor02→gatewayA;sensor02→gatewayC;sensor03→gatewayA;sensor04→gatewayA;sensor04→gatewayC;sensor05→gatewayA;sensor06→gatewayA;sensor07→gatewayA;sensor08→gatewayA;sensor08→gatewayB;sensor09→gatewayA,b895b38864b202d9,98.23681676649701,93.46383170210372,98.55639833618791,9,True,True,True,11,2,0.5,False,False
2024-07,98,90,previous_month,exact,2024-06,Optimal,11,sensor01→gatewayA;sensor01→gatewayC;sensor02→gatewayC;sensor03→gatewayC;sensor04→gatewayC;sensor05→gatewayA;sensor06→gatewayA;sensor07→gatewayA;sensor08→gatewayA;sensor08→gatewayB;sensor09→gatewayA,eab7e0605c2ef02e,97.56905800997886,91.78473491773309,98.55639833618791,9,False,True,False,11,0,0.5714285714285714,False,False
2024-07,98,90,expanding_window,exact,2024-02;2024-03;2024-04;2024-05;2024-06,Optimal,13,sensor01→gatewayA;sensor01→gatewayC;sensor02→gatewayA;sensor02→gatewayC;sensor03→gatewayA;sensor04→gatewayA;sensor04→gatewayC;sensor05→gatewayA;sensor06→gatewayA;sensor07→gatewayA;sensor08→gatewayA;sensor08→gatewayB;sensor09→gatewayA,b895b38864b202d9,98.23681676649701,93.46383170210372,98.55639833618791,9,True,True,True,11,2,0.5,False,False
2024-07,98,90,frozen_initial_window,proposed,2024-02;2024-03;2024-04,Feasible,14,sensor01→gatewayA;sensor01→gatewayC;sensor02→gatewayA;sensor02→gatewayC;sensor03→gatewayA;sensor03→gatewayC;sensor04→gatewayA;sensor04→gatewayC;sensor05→gatewayA;sensor06→gatewayA;sensor07→gatewayA;sensor08→gatewayA;sensor08→gatewayB;sensor09→gatewayA,41373d6960c195b8,98.6332203728945,93.46383170210372,99.9882005899705,9,True,True,True,11,3,0.5625,False,False
2024-07,98,90,frozen_initial_window,multicover,2024-02;2024-03;2024-04,Feasible,14,sensor01→gatewayA;sensor01→gatewayC;sensor02→gatewayA;sensor02→gatewayC;sensor03→gatewayA;sensor03→gatewayC;sensor04→gatewayA;sensor04→gatewayC;sensor05→gatewayA;sensor06→gatewayA;sensor07→gatewayA;sensor08→gatewayA;sensor08→gatewayB;sensor09→gatewayA,41373d6960c195b8,98.6332203728945,93.46383170210372,99.9882005899705,9,True,True,True,11,3,0.5625,False,False
2024-07,98,90,frozen_initial_window,coverage_only,2024-02;2024-03;2024-04,Feasible,14,sensor01→gatewayA;sensor01→gatewayC;sensor02→gatewayA;sensor02→gatewayC;sensor03→gatewayA;sensor03→gatewayC;sensor04→gatewayA;sensor04→gatewayC;sensor05→gatewayA;sensor06→gatewayA;sensor07→gatewayA;sensor08→gatewayA;sensor08→gatewayB;sensor09→gatewayA,41373d6960c195b8,98.6332203728945,93.46383170210372,99.9882005899705,9,True,True,True,11,3,0.5625,False,False
2024-07,98,90,retrospective_oracle,exact,2024-07,Optimal,11,sensor01→gatewayA;sensor01→gatewayC;sensor02→gatewayC;sensor03→gatewayC;sensor04→gatewayA;sensor04→gatewayC;sensor05→gatewayA;sensor06→gatewayC;sensor07→gatewayC;sensor08→gatewayA;sensor09→gatewayA,4302cf2a66209441,98.4606535032325,92.29498525073747,99.09121507909795,9,True,True,True,11,0,1.0,False,False
2024-08,90,80,previous_month,proposed,2024-07,Feasible,9,sensor01→gatewayC;sensor02→gatewayC;sensor03→gatewayC;sensor04→gatewayC;sensor05→gatewayA;sensor06→gatewayC;sensor07→gatewayC;sensor08→gatewayA;sensor09→gatewayA,6cde103f9014589e,93.72059235167882,78.71890547263682,96.93706628379995,9,True,False,False,9,0,0.5,False,False
2024-08,90,80,expanding_window,proposed,2024-02;2024-03;2024-04;2024-05;2024-06;2024-07,Feasible,9,sensor01→gatewayA;sensor02→gatewayC;sensor03→gatewayA;sensor04→gatewayA;sensor05→gatewayA;sensor06→gatewayA;sensor07→gatewayA;sensor08→gatewayA;sensor09→gatewayA,a3ace494bf9be893,95.27744824920357,89.02635160212792,96.2623497202714,9,True,True,True,9,0,0.6363636363636364,False,False
2024-08,90,80,previous_month,multicover,2024-07,Feasible,9,sensor01→gatewayA;sensor02→gatewayC;sensor03→gatewayC;sensor04→gatewayC;sensor05→gatewayA;sensor06→gatewayC;sensor07→gatewayC;sensor08→gatewayA;sensor09→gatewayA,6d4d30ee26226959,94.18578302653853,78.71890547263682,96.93706628379995,9,True,False,False,9,0,0.6363636363636364,False,False
2024-08,90,80,expanding_window,multicover,2024-02;2024-03;2024-04;2024-05;2024-06;2024-07,Feasible,9,sensor01→gatewayA;sensor02→gatewayC;sensor03→gatewayA;sensor04→gatewayA;sensor05→gatewayA;sensor06→gatewayA;sensor07→gatewayA;sensor08→gatewayA;sensor09→gatewayA,a3ace494bf9be893,95.27744824920357,89.02635160212792,96.2623497202714,9,True,True,True,9,0,0.6363636363636364,False,False
2024-08,90,80,previous_month,coverage_only,2024-07,Feasible,9,sensor01→gatewayC;sensor02→gatewayC;sensor03→gatewayC;sensor04→gatewayC;sensor05→gatewayA;sensor06→gatewayC;sensor07→gatewayC;sensor08→gatewayA;sensor09→gatewayA,6cde103f9014589e,93.72059235167882,78.71890547263682,96.93706628379995,9,True,False,False,9,0,0.5,False,False
2024-08,90,80,expanding_window,coverage_only,2024-02;2024-03;2024-04;2024-05;2024-06;2024-07,Feasible,9,sensor01→gatewayA;sensor02→gatewayC;sensor03→gatewayA;sensor04→gatewayA;sensor05→gatewayA;sensor06→gatewayA;sensor07→gatewayA;sensor08→gatewayA;sensor09→gatewayA,a3ace494bf9be893,95.27744824920357,89.02635160212792,96.2623497202714,9,True,True,True,9,0,0.6363636363636364,False,False
2024-08,90,80,previous_month,exact,2024-07,Optimal,9,sensor01→gatewayC;sensor02→gatewayC;sensor03→gatewayC;sensor04→gatewayC;sensor05→gatewayA;sensor06→gatewayC;sensor07→gatewayC;sensor08→gatewayA;sensor09→gatewayA,6cde103f9014589e,93.72059235167882,78.71890547263682,96.93706628379995,9,True,False,False,9,0,0.5,False,False
2024-08,90,80,expanding_window,exact,2024-02;2024-03;2024-04;2024-05;2024-06;2024-07,Optimal,9,sensor01→gatewayA;sensor02→gatewayC;sensor03→gatewayA;sensor04→gatewayA;sensor05→gatewayA;sensor06→gatewayA;sensor07→gatewayA;sensor08→gatewayA;sensor09→gatewayA,a3ace494bf9be893,95.27744824920357,89.02635160212792,96.2623497202714,9,True,True,True,9,0,0.6363636363636364,False,False
2024-08,90,80,frozen_initial_window,proposed,2024-02;2024-03;2024-04,Feasible,9,sensor01→gatewayA;sensor02→gatewayA;sensor03→gatewayA;sensor04→gatewayA;sensor05→gatewayA;sensor06→gatewayA;sensor07→gatewayA;sensor08→gatewayA;sensor09→gatewayA,5116df5a05fbbfe0,91.2653452941098,68.66693927622163,95.4512893982808,9,True,False,False,9,0,0.5,False,False
2024-08,90,80,frozen_initial_window,multicover,2024-02;2024-03;2024-04,Feasible,9,sensor01→gatewayA;sensor02→gatewayA;sensor03→gatewayA;sensor04→gatewayA;sensor05→gatewayA;sensor06→gatewayA;sensor07→gatewayA;sensor08→gatewayA;sensor09→gatewayA,5116df5a05fbbfe0,91.2653452941098,68.66693927622163,95.4512893982808,9,True,False,False,9,0,0.5,False,False
2024-08,90,80,frozen_initial_window,coverage_only,2024-02;2024-03;2024-04,Feasible,9,sensor01→gatewayA;sensor02→gatewayA;sensor03→gatewayA;sensor04→gatewayA;sensor05→gatewayA;sensor06→gatewayA;sensor07→gatewayA;sensor08→gatewayA;sensor09→gatewayA,5116df5a05fbbfe0,91.2653452941098,68.66693927622163,95.4512893982808,9,True,False,False,9,0,0.5,False,False
2024-08,90,80,retrospective_oracle,exact,2024-08,Optimal,9,sensor01→gatewayA;sensor02→gatewayC;sensor03→gatewayC;sensor04→gatewayA;sensor05→gatewayA;sensor06→gatewayA;sensor07→gatewayC;sensor08→gatewayA;sensor09→gatewayA,6d0e4a795f1bf86d,95.83061194567,89.02635160212792,97.70773638968481,9,True,True,True,9,0,1.0,False,False
2024-08,95,85,previous_month,proposed,2024-07,Feasible,9,sensor01→gatewayC;sensor02→gatewayC;sensor03→gatewayC;sensor04→gatewayC;sensor05→gatewayA;sensor06→gatewayC;sensor07→gatewayC;sensor08→gatewayA;sensor09→gatewayA,6cde103f9014589e,93.72059235167882,78.71890547263682,96.93706628379995,9,False,False,False,9,0,0.5,False,False
2024-08,95,85,expanding_window,proposed,2024-02;2024-03;2024-04;2024-05;2024-06;2024-07,Feasible,10,sensor01→gatewayA;sensor02→gatewayA;sensor02→gatewayC;sensor03→gatewayA;sensor04→gatewayA;sensor05→gatewayA;sensor06→gatewayA;sensor07→gatewayA;sensor08→gatewayA;sensor09→gatewayA,653063214fd849c6,95.3507591005425,89.02635160212792,96.2623497202714,9,True,True,True,9,1,0.5833333333333334,False,False
2024-08,95,85,previous_month,multicover,2024-07,Feasible,9,sensor01→gatewayA;sensor02→gatewayC;sensor03→gatewayC;sensor04→gatewayC;sensor05→gatewayA;sensor06→gatewayC;sensor07→gatewayC;sensor08→gatewayA;sensor09→gatewayA,6d4d30ee26226959,94.18578302653853,78.71890547263682,96.93706628379995,9,False,False,False,9,0,0.6363636363636364,False,False
2024-08,95,85,expanding_window,multicover,2024-02;2024-03;2024-04;2024-05;2024-06;2024-07,Feasible,10,sensor01→gatewayA;sensor02→gatewayA;sensor02→gatewayC;sensor03→gatewayA;sensor04→gatewayA;sensor05→gatewayA;sensor06→gatewayA;sensor07→gatewayA;sensor08→gatewayA;sensor09→gatewayA,653063214fd849c6,95.3507591005425,89.02635160212792,96.2623497202714,9,True,True,True,9,1,0.5833333333333334,False,False
2024-08,95,85,previous_month,coverage_only,2024-07,Feasible,9,sensor01→gatewayC;sensor02→gatewayC;sensor03→gatewayC;sensor04→gatewayC;sensor05→gatewayA;sensor06→gatewayC;sensor07→gatewayC;sensor08→gatewayA;sensor09→gatewayA,6cde103f9014589e,93.72059235167882,78.71890547263682,96.93706628379995,9,False,False,False,9,0,0.5,False,False
2024-08,95,85,expanding_window,coverage_only,2024-02;2024-03;2024-04;2024-05;2024-06;2024-07,Feasible,10,sensor01→gatewayA;sensor02→gatewayA;sensor02→gatewayC;sensor03→gatewayA;sensor04→gatewayA;sensor05→gatewayA;sensor06→gatewayA;sensor07→gatewayA;sensor08→gatewayA;sensor09→gatewayA,653063214fd849c6,95.3507591005425,89.02635160212792,96.2623497202714,9,True,True,True,9,1,0.5833333333333334,False,False
2024-08,95,85,previous_month,exact,2024-07,Optimal,9,sensor01→gatewayC;sensor02→gatewayC;sensor03→gatewayC;sensor04→gatewayC;sensor05→gatewayA;sensor06→gatewayC;sensor07→gatewayC;sensor08→gatewayA;sensor09→gatewayA,6cde103f9014589e,93.72059235167882,78.71890547263682,96.93706628379995,9,False,False,False,9,0,0.5,False,False
2024-08,95,85,expanding_window,exact,2024-02;2024-03;2024-04;2024-05;2024-06;2024-07,Optimal,10,sensor01→gatewayA;sensor02→gatewayA;sensor02→gatewayC;sensor03→gatewayA;sensor04→gatewayA;sensor05→gatewayA;sensor06→gatewayA;sensor07→gatewayA;sensor08→gatewayA;sensor09→gatewayA,653063214fd849c6,95.3507591005425,89.02635160212792,96.2623497202714,9,True,True,True,9,1,0.5833333333333334,False,False
2024-08,95,85,frozen_initial_window,proposed,2024-02;2024-03;2024-04,Feasible,10,sensor01→gatewayA;sensor02→gatewayA;sensor02→gatewayC;sensor03→gatewayA;sensor04→gatewayA;sensor05→gatewayA;sensor06→gatewayA;sensor07→gatewayA;sensor08→gatewayA;sensor09→gatewayA,653063214fd849c6,95.3507591005425,89.02635160212792,96.2623497202714,9,True,True,True,9,1,0.5833333333333334,False,False
2024-08,95,85,frozen_initial_window,multicover,2024-02;2024-03;2024-04,Feasible,10,sensor01→gatewayA;sensor02→gatewayA;sensor02→gatewayC;sensor03→gatewayA;sensor04→gatewayA;sensor05→gatewayA;sensor06→gatewayA;sensor07→gatewayA;sensor08→gatewayA;sensor09→gatewayA,653063214fd849c6,95.3507591005425,89.02635160212792,96.2623497202714,9,True,True,True,9,1,0.5833333333333334,False,False
2024-08,95,85,frozen_initial_window,coverage_only,2024-02;2024-03;2024-04,Feasible,10,sensor01→gatewayA;sensor02→gatewayA;sensor02→gatewayC;sensor03→gatewayA;sensor04→gatewayA;sensor05→gatewayA;sensor06→gatewayA;sensor07→gatewayA;sensor08→gatewayA;sensor09→gatewayA,653063214fd849c6,95.3507591005425,89.02635160212792,96.2623497202714,9,True,True,True,9,1,0.5833333333333334,False,False
2024-08,95,85,retrospective_oracle,exact,2024-08,Optimal,9,sensor01→gatewayA;sensor02→gatewayC;sensor03→gatewayC;sensor04→gatewayA;sensor05→gatewayA;sensor06→gatewayA;sensor07→gatewayC;sensor08→gatewayA;sensor09→gatewayA,6d0e4a795f1bf86d,95.83061194567,89.02635160212792,97.70773638968481,9,True,True,True,9,0,1.0,False,False
2024-08,98,90,previous_month,proposed,2024-07,Feasible,11,sensor01→gatewayA;sensor01→gatewayC;sensor02→gatewayC;sensor03→gatewayC;sensor04→gatewayA;sensor04→gatewayC;sensor05→gatewayA;sensor06→gatewayC;sensor07→gatewayC;sensor08→gatewayA;sensor09→gatewayA,4302cf2a66209441,97.64205643602628,91.5478615071283,98.13047962867458,9,False,True,False,12,-1,0.7692307692307693,False,False
2024-08,98,90,expanding_window,proposed,2024-02;2024-03;2024-04;2024-05;2024-06;2024-07,Feasible,13,sensor01→gatewayA;sensor01→gatewayC;sensor02→gatewayA;sensor02→gatewayC;sensor03→gatewayA;sensor04→gatewayA;sensor04→gatewayC;sensor05→gatewayA;sensor06→gatewayA;sensor07→gatewayA;sensor08→gatewayA;sensor08→gatewayB;sensor09→gatewayA,b895b38864b202d9,98.35517108086853,95.4512893982808,98.4111814598017,9,True,True,True,12,1,0.6666666666666666,False,False
2024-08,98,90,previous_month,multicover,2024-07,Feasible,11,sensor01→gatewayA;sensor01→gatewayC;sensor02→gatewayC;sensor03→gatewayC;sensor04→gatewayA;sensor04→gatewayC;sensor05→gatewayA;sensor06→gatewayC;sensor07→gatewayC;sensor08→gatewayA;sensor09→gatewayA,4302cf2a66209441,97.64205643602628,91.5478615071283,98.13047962867458,9,False,True,False,12,-1,0.7692307692307693,False,False
2024-08,98,90,expanding_window,multicover,2024-02;2024-03;2024-04;2024-05;2024-06;2024-07,Feasible,13,sensor01→gatewayA;sensor01→gatewayC;sensor02→gatewayA;sensor02→gatewayC;sensor03→gatewayA;sensor04→gatewayA;sensor04→gatewayC;sensor05→gatewayA;sensor06→gatewayA;sensor07→gatewayA;sensor08→gatewayA;sensor08→gatewayB;sensor09→gatewayA,b895b38864b202d9,98.35517108086853,95.4512893982808,98.4111814598017,9,True,True,True,12,1,0.6666666666666666,False,False
2024-08,98,90,previous_month,coverage_only,2024-07,Feasible,11,sensor01→gatewayA;sensor01→gatewayC;sensor02→gatewayC;sensor03→gatewayC;sensor04→gatewayA;sensor04→gatewayC;sensor05→gatewayA;sensor06→gatewayC;sensor07→gatewayC;sensor08→gatewayA;sensor09→gatewayA,4302cf2a66209441,97.64205643602628,91.5478615071283,98.13047962867458,9,False,True,False,12,-1,0.7692307692307693,False,False
2024-08,98,90,expanding_window,coverage_only,2024-02;2024-03;2024-04;2024-05;2024-06;2024-07,Feasible,13,sensor01→gatewayA;sensor01→gatewayC;sensor02→gatewayA;sensor02→gatewayC;sensor03→gatewayA;sensor04→gatewayA;sensor04→gatewayC;sensor05→gatewayA;sensor06→gatewayA;sensor07→gatewayA;sensor08→gatewayA;sensor08→gatewayB;sensor09→gatewayA,b895b38864b202d9,98.35517108086853,95.4512893982808,98.4111814598017,9,True,True,True,12,1,0.6666666666666666,False,False
2024-08,98,90,previous_month,exact,2024-07,Optimal,11,sensor01→gatewayA;sensor01→gatewayC;sensor02→gatewayC;sensor03→gatewayC;sensor04→gatewayA;sensor04→gatewayC;sensor05→gatewayA;sensor06→gatewayC;sensor07→gatewayC;sensor08→gatewayA;sensor09→gatewayA,4302cf2a66209441,97.64205643602628,91.5478615071283,98.13047962867458,9,False,True,False,12,-1,0.7692307692307693,False,False
2024-08,98,90,expanding_window,exact,2024-02;2024-03;2024-04;2024-05;2024-06;2024-07,Optimal,13,sensor01→gatewayA;sensor01→gatewayC;sensor02→gatewayA;sensor02→gatewayC;sensor03→gatewayA;sensor04→gatewayA;sensor04→gatewayC;sensor05→gatewayA;sensor06→gatewayA;sensor07→gatewayA;sensor08→gatewayA;sensor08→gatewayB;sensor09→gatewayA,b895b38864b202d9,98.35517108086853,95.4512893982808,98.4111814598017,9,True,True,True,12,1,0.6666666666666666,False,False
2024-08,98,90,frozen_initial_window,proposed,2024-02;2024-03;2024-04,Feasible,14,sensor01→gatewayA;sensor01→gatewayC;sensor02→gatewayA;sensor02→gatewayC;sensor03→gatewayA;sensor03→gatewayC;sensor04→gatewayA;sensor04→gatewayC;sensor05→gatewayA;sensor06→gatewayA;sensor07→gatewayA;sensor08→gatewayA;sensor08→gatewayB;sensor09→gatewayA,41373d6960c195b8,98.7723764712155,95.4512893982808,99.93814177904244,9,True,True,True,12,2,0.7333333333333333,False,False
2024-08,98,90,frozen_initial_window,multicover,2024-02;2024-03;2024-04,Feasible,14,sensor01→gatewayA;sensor01→gatewayC;sensor02→gatewayA;sensor02→gatewayC;sensor03→gatewayA;sensor03→gatewayC;sensor04→gatewayA;sensor04→gatewayC;sensor05→gatewayA;sensor06→gatewayA;sensor07→gatewayA;sensor08→gatewayA;sensor08→gatewayB;sensor09→gatewayA,41373d6960c195b8,98.7723764712155,95.4512893982808,99.93814177904244,9,True,True,True,12,2,0.7333333333333333,False,False
2024-08,98,90,frozen_initial_window,coverage_only,2024-02;2024-03;2024-04,Feasible,14,sensor01→gatewayA;sensor01→gatewayC;sensor02→gatewayA;sensor02→gatewayC;sensor03→gatewayA;sensor03→gatewayC;sensor04→gatewayA;sensor04→gatewayC;sensor05→gatewayA;sensor06→gatewayA;sensor07→gatewayA;sensor08→gatewayA;sensor08→gatewayB;sensor09→gatewayA,41373d6960c195b8,98.7723764712155,95.4512893982808,99.93814177904244,9,True,True,True,12,2,0.7333333333333333,False,False
2024-08,98,90,retrospective_oracle,exact,2024-08,Optimal,12,sensor01→gatewayA;sensor01→gatewayC;sensor02→gatewayC;sensor03→gatewayC;sensor04→gatewayA;sensor04→gatewayC;sensor05→gatewayA;sensor06→gatewayA;sensor07→gatewayC;sensor08→gatewayA;sensor08→gatewayB;sensor09→gatewayA,cd2c8a168b473a4f,98.83502392599603,96.93706628379995,98.9525056540888,9,True,True,True,12,0,1.0,False,False
2024-09,90,80,previous_month,proposed,2024-08,Feasible,9,sensor01→gatewayA;sensor02→gatewayC;sensor03→gatewayC;sensor04→gatewayA;sensor05→gatewayA;sensor06→gatewayA;sensor07→gatewayC;sensor08→gatewayA;sensor09→gatewayA,6d0e4a795f1bf86d,96.01012318260466,86.88077743541123,98.13996744943036,9,True,True,True,9,0,0.6363636363636364,False,False
2024-09,90,80,expanding_window,proposed,2024-02;2024-03;2024-04;2024-05;2024-06;2024-07;2024-08,Feasible,9,sensor01→gatewayA;sensor02→gatewayC;sensor03→gatewayA;sensor04→gatewayA;sensor05→gatewayA;sensor06→gatewayA;sensor07→gatewayA;sensor08→gatewayA;sensor09→gatewayA,a3ace494bf9be893,95.09077292565142,86.88077743541123,95.20278099652376,9,True,True,True,9,0,0.38461538461538464,False,False
2024-09,90,80,previous_month,multicover,2024-08,Feasible,9,sensor01→gatewayA;sensor02→gatewayC;sensor03→gatewayC;sensor04→gatewayA;sensor05→gatewayA;sensor06→gatewayA;sensor07→gatewayC;sensor08→gatewayA;sensor09→gatewayA,6d0e4a795f1bf86d,96.01012318260466,86.88077743541123,98.13996744943036,9,True,True,True,9,0,0.6363636363636364,False,False
2024-09,90,80,expanding_window,multicover,2024-02;2024-03;2024-04;2024-05;2024-06;2024-07;2024-08,Feasible,9,sensor01→gatewayA;sensor02→gatewayC;sensor03→gatewayA;sensor04→gatewayA;sensor05→gatewayA;sensor06→gatewayA;sensor07→gatewayA;sensor08→gatewayA;sensor09→gatewayA,a3ace494bf9be893,95.09077292565142,86.88077743541123,95.20278099652376,9,True,True,True,9,0,0.38461538461538464,False,False
2024-09,90,80,previous_month,coverage_only,2024-08,Feasible,9,sensor01→gatewayA;sensor02→gatewayC;sensor03→gatewayC;sensor04→gatewayA;sensor05→gatewayA;sensor06→gatewayA;sensor07→gatewayC;sensor08→gatewayA;sensor09→gatewayA,6d0e4a795f1bf86d,96.01012318260466,86.88077743541123,98.13996744943036,9,True,True,True,9,0,0.6363636363636364,False,False
2024-09,90,80,expanding_window,coverage_only,2024-02;2024-03;2024-04;2024-05;2024-06;2024-07;2024-08,Feasible,9,sensor01→gatewayA;sensor02→gatewayC;sensor03→gatewayA;sensor04→gatewayA;sensor05→gatewayA;sensor06→gatewayA;sensor07→gatewayA;sensor08→gatewayA;sensor09→gatewayA,a3ace494bf9be893,95.09077292565142,86.88077743541123,95.20278099652376,9,True,True,True,9,0,0.38461538461538464,False,False
2024-09,90,80,previous_month,exact,2024-08,Optimal,9,sensor01→gatewayA;sensor02→gatewayC;sensor03→gatewayC;sensor04→gatewayA;sensor05→gatewayA;sensor06→gatewayA;sensor07→gatewayC;sensor08→gatewayA;sensor09→gatewayA,6d0e4a795f1bf86d,96.01012318260466,86.88077743541123,98.13996744943036,9,True,True,True,9,0,0.6363636363636364,False,False
2024-09,90,80,expanding_window,exact,2024-02;2024-03;2024-04;2024-05;2024-06;2024-07;2024-08,Optimal,9,sensor01→gatewayA;sensor02→gatewayC;sensor03→gatewayA;sensor04→gatewayA;sensor05→gatewayA;sensor06→gatewayA;sensor07→gatewayA;sensor08→gatewayA;sensor09→gatewayA,a3ace494bf9be893,95.09077292565142,86.88077743541123,95.20278099652376,9,True,True,True,9,0,0.38461538461538464,False,False
2024-09,90,80,frozen_initial_window,proposed,2024-02;2024-03;2024-04,Feasible,9,sensor01→gatewayA;sensor02→gatewayA;sensor03→gatewayA;sensor04→gatewayA;sensor05→gatewayA;sensor06→gatewayA;sensor07→gatewayA;sensor08→gatewayA;sensor09→gatewayA,5116df5a05fbbfe0,91.40820700875449,71.31074232336282,94.02464543129504,9,True,False,False,9,0,0.2857142857142857,False,False
2024-09,90,80,frozen_initial_window,multicover,2024-02;2024-03;2024-04,Feasible,9,sensor01→gatewayA;sensor02→gatewayA;sensor03→gatewayA;sensor04→gatewayA;sensor05→gatewayA;sensor06→gatewayA;sensor07→gatewayA;sensor08→gatewayA;sensor09→gatewayA,5116df5a05fbbfe0,91.40820700875449,71.31074232336282,94.02464543129504,9,True,False,False,9,0,0.2857142857142857,False,False
2024-09,90,80,frozen_initial_window,coverage_only,2024-02;2024-03;2024-04,Feasible,9,sensor01→gatewayA;sensor02→gatewayA;sensor03→gatewayA;sensor04→gatewayA;sensor05→gatewayA;sensor06→gatewayA;sensor07→gatewayA;sensor08→gatewayA;sensor09→gatewayA,5116df5a05fbbfe0,91.40820700875449,71.31074232336282,94.02464543129504,9,True,False,False,9,0,0.2857142857142857,False,False
2024-09,90,80,retrospective_oracle,exact,2024-09,Optimal,9,sensor01→gatewayC;sensor02→gatewayC;sensor03→gatewayC;sensor04→gatewayA;sensor05→gatewayC;sensor06→gatewayA;sensor07→gatewayC;sensor08→gatewayA;sensor09→gatewayA,df7247ee941ecdb2,96.44268264339023,88.62289642095283,98.27779857731187,9,True,True,True,9,0,1.0,False,False
2024-09,95,85,previous_month,proposed,2024-08,Feasible,9,sensor01→gatewayA;sensor02→gatewayC;sensor03→gatewayC;sensor04→gatewayA;sensor05→gatewayA;sensor06→gatewayA;sensor07→gatewayC;sensor08→gatewayA;sensor09→gatewayA,6d0e4a795f1bf86d,96.01012318260466,86.88077743541123,98.13996744943036,9,True,True,True,9,0,0.6363636363636364,False,False
2024-09,95,85,expanding_window,proposed,2024-02;2024-03;2024-04;2024-05;2024-06;2024-07;2024-08,Feasible,10,sensor01→gatewayA;sensor02→gatewayA;sensor02→gatewayC;sensor03→gatewayA;sensor04→gatewayA;sensor05→gatewayA;sensor06→gatewayA;sensor07→gatewayA;sensor08→gatewayA;sensor09→gatewayA,653063214fd849c6,95.13596570513648,86.88077743541123,95.20278099652376,9,True,True,True,9,1,0.35714285714285715,False,False
2024-09,95,85,previous_month,multicover,2024-08,Feasible,9,sensor01→gatewayA;sensor02→gatewayC;sensor03→gatewayC;sensor04→gatewayA;sensor05→gatewayA;sensor06→gatewayA;sensor07→gatewayC;sensor08→gatewayA;sensor09→gatewayA,6d0e4a795f1bf86d,96.01012318260466,86.88077743541123,98.13996744943036,9,True,True,True,9,0,0.6363636363636364,False,False
2024-09,95,85,expanding_window,multicover,2024-02;2024-03;2024-04;2024-05;2024-06;2024-07;2024-08,Feasible,10,sensor01→gatewayA;sensor02→gatewayA;sensor02→gatewayC;sensor03→gatewayA;sensor04→gatewayA;sensor05→gatewayA;sensor06→gatewayA;sensor07→gatewayA;sensor08→gatewayA;sensor09→gatewayA,653063214fd849c6,95.13596570513648,86.88077743541123,95.20278099652376,9,True,True,True,9,1,0.35714285714285715,False,False
2024-09,95,85,previous_month,coverage_only,2024-08,Feasible,9,sensor01→gatewayA;sensor02→gatewayC;sensor03→gatewayC;sensor04→gatewayA;sensor05→gatewayA;sensor06→gatewayA;sensor07→gatewayC;sensor08→gatewayA;sensor09→gatewayA,6d0e4a795f1bf86d,96.01012318260466,86.88077743541123,98.13996744943036,9,True,True,True,9,0,0.6363636363636364,False,False
2024-09,95,85,expanding_window,coverage_only,2024-02;2024-03;2024-04;2024-05;2024-06;2024-07;2024-08,Feasible,10,sensor01→gatewayA;sensor02→gatewayA;sensor02→gatewayC;sensor03→gatewayA;sensor04→gatewayA;sensor05→gatewayA;sensor06→gatewayA;sensor07→gatewayA;sensor08→gatewayA;sensor09→gatewayA,653063214fd849c6,95.13596570513648,86.88077743541123,95.20278099652376,9,True,True,True,9,1,0.35714285714285715,False,False
2024-09,95,85,previous_month,exact,2024-08,Optimal,9,sensor01→gatewayA;sensor02→gatewayC;sensor03→gatewayC;sensor04→gatewayA;sensor05→gatewayA;sensor06→gatewayA;sensor07→gatewayC;sensor08→gatewayA;sensor09→gatewayA,6d0e4a795f1bf86d,96.01012318260466,86.88077743541123,98.13996744943036,9,True,True,True,9,0,0.6363636363636364,False,False
2024-09,95,85,expanding_window,exact,2024-02;2024-03;2024-04;2024-05;2024-06;2024-07;2024-08,Optimal,10,sensor01→gatewayA;sensor02→gatewayA;sensor02→gatewayC;sensor03→gatewayA;sensor04→gatewayA;sensor05→gatewayA;sensor06→gatewayA;sensor07→gatewayA;sensor08→gatewayA;sensor09→gatewayA,653063214fd849c6,95.13596570513648,86.88077743541123,95.20278099652376,9,True,True,True,9,1,0.35714285714285715,False,False
2024-09,95,85,frozen_initial_window,proposed,2024-02;2024-03;2024-04,Feasible,10,sensor01→gatewayA;sensor02→gatewayA;sensor02→gatewayC;sensor03→gatewayA;sensor04→gatewayA;sensor05→gatewayA;sensor06→gatewayA;sensor07→gatewayA;sensor08→gatewayA;sensor09→gatewayA,653063214fd849c6,95.13596570513648,86.88077743541123,95.20278099652376,9,True,True,True,9,1,0.35714285714285715,False,False
2024-09,95,85,frozen_initial_window,multicover,2024-02;2024-03;2024-04,Feasible,10,sensor01→gatewayA;sensor02→gatewayA;sensor02→gatewayC;sensor03→gatewayA;sensor04→gatewayA;sensor05→gatewayA;sensor06→gatewayA;sensor07→gatewayA;sensor08→gatewayA;sensor09→gatewayA,653063214fd849c6,95.13596570513648,86.88077743541123,95.20278099652376,9,True,True,True,9,1,0.35714285714285715,False,False
2024-09,95,85,frozen_initial_window,coverage_only,2024-02;2024-03;2024-04,Feasible,10,sensor01→gatewayA;sensor02→gatewayA;sensor02→gatewayC;sensor03→gatewayA;sensor04→gatewayA;sensor05→gatewayA;sensor06→gatewayA;sensor07→gatewayA;sensor08→gatewayA;sensor09→gatewayA,653063214fd849c6,95.13596570513648,86.88077743541123,95.20278099652376,9,True,True,True,9,1,0.35714285714285715,False,False
2024-09,95,85,retrospective_oracle,exact,2024-09,Optimal,9,sensor01→gatewayC;sensor02→gatewayC;sensor03→gatewayC;sensor04→gatewayA;sensor05→gatewayC;sensor06→gatewayA;sensor07→gatewayC;sensor08→gatewayA;sensor09→gatewayA,df7247ee941ecdb2,96.44268264339023,88.62289642095283,98.27779857731187,9,True,True,True,9,0,1.0,False,False
2024-09,98,90,previous_month,proposed,2024-08,Feasible,12,sensor01→gatewayA;sensor01→gatewayC;sensor02→gatewayC;sensor03→gatewayC;sensor04→gatewayA;sensor04→gatewayC;sensor05→gatewayA;sensor06→gatewayA;sensor07→gatewayC;sensor08→gatewayA;sensor08→gatewayB;sensor09→gatewayA,cd2c8a168b473a4f,99.05353407535573,96.85578373361179,99.35110081112398,9,True,True,True,11,1,0.7692307692307693,False,False
2024-09,98,90,expanding_window,proposed,2024-02;2024-03;2024-04;2024-05;2024-06;2024-07;2024-08,Feasible,13,sensor01→gatewayA;sensor01→gatewayC;sensor02→gatewayA;sensor02→gatewayC;sensor03→gatewayA;sensor04→gatewayA;sensor04→gatewayC;sensor05→gatewayA;sensor06→gatewayA;sensor07→gatewayA;sensor08→gatewayA;sensor08→gatewayB;sensor09→gatewayA,b895b38864b202d9,98.17937659788755,94.02464543129504,99.25822902178952,9,True,True,True,11,2,0.5,False,False
2024-09,98,90,previous_month,multicover,2024-08,Feasible,12,sensor01→gatewayA;sensor01→gatewayC;sensor02→gatewayA;sensor02→gatewayC;sensor03→gatewayC;sensor04→gatewayA;sensor04→gatewayC;sensor05→gatewayA;sensor06→gatewayA;sensor07→gatewayC;sensor08→gatewayA;sensor09→gatewayA,cd7f964ed292494d,98.34594427084679,92.85714285714286,99.25822902178952,9,True,True,True,11,1,0.7692307692307693,False,False
2024-09,98,90,expanding_window,multicover,2024-02;2024-03;2024-04;2024-05;2024-06;2024-07;2024-08,Feasible,13,sensor01→gatewayA;sensor01→gatewayC;sensor02→gatewayA;sensor02→gatewayC;sensor03→gatewayA;sensor04→gatewayA;sensor04→gatewayC;sensor05→gatewayA;sensor06→gatewayA;sensor07→gatewayA;sensor08→gatewayA;sensor08→gatewayB;sensor09→gatewayA,b895b38864b202d9,98.17937659788755,94.02464543129504,99.25822902178952,9,True,True,True,11,2,0.5,False,False
2024-09,98,90,previous_month,coverage_only,2024-08,Feasible,12,sensor01→gatewayA;sensor01→gatewayC;sensor02→gatewayC;sensor03→gatewayC;sensor04→gatewayA;sensor04→gatewayC;sensor05→gatewayA;sensor06→gatewayA;sensor07→gatewayC;sensor08→gatewayA;sensor08→gatewayB;sensor09→gatewayA,cd2c8a168b473a4f,99.05353407535573,96.85578373361179,99.35110081112398,9,True,True,True,11,1,0.7692307692307693,False,False
2024-09,98,90,expanding_window,coverage_only,2024-02;2024-03;2024-04;2024-05;2024-06;2024-07;2024-08,Feasible,13,sensor01→gatewayA;sensor01→gatewayC;sensor02→gatewayA;sensor02→gatewayC;sensor03→gatewayA;sensor04→gatewayA;sensor04→gatewayC;sensor05→gatewayA;sensor06→gatewayA;sensor07→gatewayA;sensor08→gatewayA;sensor08→gatewayB;sensor09→gatewayA,b895b38864b202d9,98.17937659788755,94.02464543129504,99.25822902178952,9,True,True,True,11,2,0.5,False,False
2024-09,98,90,previous_month,exact,2024-08,Optimal,12,sensor01→gatewayA;sensor01→gatewayC;sensor02→gatewayC;sensor03→gatewayC;sensor04→gatewayA;sensor04→gatewayC;sensor05→gatewayA;sensor06→gatewayA;sensor07→gatewayC;sensor08→gatewayA;sensor08→gatewayB;sensor09→gatewayA,cd2c8a168b473a4f,99.05353407535573,96.85578373361179,99.35110081112398,9,True,True,True,11,1,0.7692307692307693,False,False
2024-09,98,90,expanding_window,exact,2024-02;2024-03;2024-04;2024-05;2024-06;2024-07;2024-08,Optimal,13,sensor01→gatewayA;sensor01→gatewayC;sensor02→gatewayA;sensor02→gatewayC;sensor03→gatewayA;sensor04→gatewayA;sensor04→gatewayC;sensor05→gatewayA;sensor06→gatewayA;sensor07→gatewayA;sensor08→gatewayA;sensor08→gatewayB;sensor09→gatewayA,b895b38864b202d9,98.17937659788755,94.02464543129504,99.25822902178952,9,True,True,True,11,2,0.5,False,False
2024-09,98,90,frozen_initial_window,proposed,2024-02;2024-03;2024-04,Feasible,14,sensor01→gatewayA;sensor01→gatewayC;sensor02→gatewayA;sensor02→gatewayC;sensor03→gatewayA;sensor03→gatewayC;sensor04→gatewayA;sensor04→gatewayC;sensor05→gatewayA;sensor06→gatewayA;sensor07→gatewayA;sensor08→gatewayA;sensor08→gatewayB;sensor09→gatewayA,41373d6960c195b8,98.71394261808227,94.02464543129504,99.89333965394643,9,True,True,True,11,3,0.5625,False,False
2024-09,98,90,frozen_initial_window,multicover,2024-02;2024-03;2024-04,Feasible,14,sensor01→gatewayA;sensor01→gatewayC;sensor02→gatewayA;sensor02→gatewayC;sensor03→gatewayA;sensor03→gatewayC;sensor04→gatewayA;sensor04→gatewayC;sensor05→gatewayA;sensor06→gatewayA;sensor07→gatewayA;sensor08→gatewayA;sensor08→gatewayB;sensor09→gatewayA,41373d6960c195b8,98.71394261808227,94.02464543129504,99.89333965394643,9,True,True,True,11,3,0.5625,False,False
2024-09,98,90,frozen_initial_window,coverage_only,2024-02;2024-03;2024-04,Feasible,14,sensor01→gatewayA;sensor01→gatewayC;sensor02→gatewayA;sensor02→gatewayC;sensor03→gatewayA;sensor03→gatewayC;sensor04→gatewayA;sensor04→gatewayC;sensor05→gatewayA;sensor06→gatewayA;sensor07→gatewayA;sensor08→gatewayA;sensor08→gatewayB;sensor09→gatewayA,41373d6960c195b8,98.71394261808227,94.02464543129504,99.89333965394643,9,True,True,True,11,3,0.5625,False,False
2024-09,98,90,retrospective_oracle,exact,2024-09,Optimal,11,sensor01→gatewayA;sensor01→gatewayC;sensor02→gatewayC;sensor03→gatewayC;sensor04→gatewayA;sensor04→gatewayC;sensor05→gatewayC;sensor06→gatewayA;sensor07→gatewayC;sensor08→gatewayA;sensor09→gatewayA,369dafd623176e72,98.54350127831005,92.85714285714286,99.25822902178952,9,True,True,True,11,0,1.0,False,False
2024-10,90,80,previous_month,proposed,2024-09,Feasible,9,sensor01→gatewayC;sensor02→gatewayC;sensor03→gatewayC;sensor04→gatewayA;sensor05→gatewayC;sensor06→gatewayA;sensor07→gatewayC;sensor08→gatewayA;sensor09→gatewayA,df7247ee941ecdb2,92.85239153080563,65.3061224489796,96.28043282236249,9,True,False,False,9,0,0.5,False,False
2024-10,90,80,expanding_window,proposed,2024-02;2024-03;2024-04;2024-05;2024-06;2024-07;2024-08;2024-09,Feasible,9,sensor01→gatewayA;sensor02→gatewayC;sensor03→gatewayA;sensor04→gatewayA;sensor05→gatewayA;sensor06→gatewayA;sensor07→gatewayA;sensor08→gatewayA;sensor09→gatewayA,a3ace494bf9be893,95.04624923127126,88.79837067209776,95.84367245657569,9,True,True,True,9,0,0.5,False,False
2024-10,90,80,previous_month,multicover,2024-09,Feasible,9,sensor01→gatewayA;sensor02→gatewayC;sensor03→gatewayC;sensor04→gatewayA;sensor05→gatewayC;sensor06→gatewayA;sensor07→gatewayC;sensor08→gatewayA;sensor09→gatewayA,61407d81614458de,95.66123222510888,88.79837067209776,96.28043282236249,9,True,True,True,9,0,0.6363636363636364,False,False
2024-10,90,80,expanding_window,multicover,2024-02;2024-03;2024-04;2024-05;2024-06;2024-07;2024-08;2024-09,Feasible,9,sensor01→gatewayA;sensor02→gatewayC;sensor03→gatewayA;sensor04→gatewayA;sensor05→gatewayA;sensor06→gatewayA;sensor07→gatewayA;sensor08→gatewayA;sensor09→gatewayA,a3ace494bf9be893,95.04624923127126,88.79837067209776,95.84367245657569,9,True,True,True,9,0,0.5,False,False
2024-10,90,80,previous_month,coverage_only,2024-09,Feasible,9,sensor01→gatewayC;sensor02→gatewayC;sensor03→gatewayC;sensor04→gatewayA;sensor05→gatewayC;sensor06→gatewayA;sensor07→gatewayC;sensor08→gatewayA;sensor09→gatewayA,df7247ee941ecdb2,92.85239153080563,65.3061224489796,96.28043282236249,9,True,False,False,9,0,0.5,False,False
2024-10,90,80,expanding_window,coverage_only,2024-02;2024-03;2024-04;2024-05;2024-06;2024-07;2024-08;2024-09,Feasible,9,sensor01→gatewayA;sensor02→gatewayC;sensor03→gatewayA;sensor04→gatewayA;sensor05→gatewayA;sensor06→gatewayA;sensor07→gatewayA;sensor08→gatewayA;sensor09→gatewayA,a3ace494bf9be893,95.04624923127126,88.79837067209776,95.84367245657569,9,True,True,True,9,0,0.5,False,False
2024-10,90,80,previous_month,exact,2024-09,Optimal,9,sensor01→gatewayC;sensor02→gatewayC;sensor03→gatewayC;sensor04→gatewayA;sensor05→gatewayC;sensor06→gatewayA;sensor07→gatewayC;sensor08→gatewayA;sensor09→gatewayA,df7247ee941ecdb2,92.85239153080563,65.3061224489796,96.28043282236249,9,True,False,False,9,0,0.5,False,False
2024-10,90,80,expanding_window,exact,2024-02;2024-03;2024-04;2024-05;2024-06;2024-07;2024-08;2024-09,Optimal,9,sensor01→gatewayA;sensor02→gatewayC;sensor03→gatewayA;sensor04→gatewayA;sensor05→gatewayA;sensor06→gatewayA;sensor07→gatewayA;sensor08→gatewayA;sensor09→gatewayA,a3ace494bf9be893,95.04624923127126,88.79837067209776,95.84367245657569,9,True,True,True,9,0,0.5,False,False
2024-10,90,80,frozen_initial_window,proposed,2024-02;2024-03;2024-04,Feasible,9,sensor01→gatewayA;sensor02→gatewayA;sensor03→gatewayA;sensor04→gatewayA;sensor05→gatewayA;sensor06→gatewayA;sensor07→gatewayA;sensor08→gatewayA;sensor09→gatewayA,5116df5a05fbbfe0,91.50319414636596,72.27579556412729,94.56717763751128,9,True,False,False,9,0,0.38461538461538464,False,False
2024-10,90,80,frozen_initial_window,multicover,2024-02;2024-03;2024-04,Feasible,9,sensor01→gatewayA;sensor02→gatewayA;sensor03→gatewayA;sensor04→gatewayA;sensor05→gatewayA;sensor06→gatewayA;sensor07→gatewayA;sensor08→gatewayA;sensor09→gatewayA,5116df5a05fbbfe0,91.50319414636596,72.27579556412729,94.56717763751128,9,True,False,False,9,0,0.38461538461538464,False,False
2024-10,90,80,frozen_initial_window,coverage_only,2024-02;2024-03;2024-04,Feasible,9,sensor01→gatewayA;sensor02→gatewayA;sensor03→gatewayA;sensor04→gatewayA;sensor05→gatewayA;sensor06→gatewayA;sensor07→gatewayA;sensor08→gatewayA;sensor09→gatewayA,5116df5a05fbbfe0,91.50319414636596,72.27579556412729,94.56717763751128,9,True,False,False,9,0,0.38461538461538464,False,False
2024-10,90,80,retrospective_oracle,exact,2024-10,Optimal,9,sensor01→gatewayA;sensor02→gatewayC;sensor03→gatewayC;sensor04→gatewayC;sensor05→gatewayA;sensor06→gatewayA;sensor07→gatewayC;sensor08→gatewayA;sensor09→gatewayA,47454e12767c9b83,96.94767624283043,91.55524278676988,96.5331094049904,9,True,True,True,9,0,1.0,False,False
2024-10,95,85,previous_month,proposed,2024-09,Feasible,9,sensor01→gatewayC;sensor02→gatewayC;sensor03→gatewayC;sensor04→gatewayA;sensor05→gatewayC;sensor06→gatewayA;sensor07→gatewayC;sensor08→gatewayA;sensor09→gatewayA,df7247ee941ecdb2,92.85239153080563,65.3061224489796,96.28043282236249,9,False,False,False,9,0,0.5,False,False
2024-10,95,85,expanding_window,proposed,2024-02;2024-03;2024-04;2024-05;2024-06;2024-07;2024-08;2024-09,Feasible,10,sensor01→gatewayA;sensor02→gatewayA;sensor02→gatewayC;sensor03→gatewayA;sensor04→gatewayA;sensor05→gatewayA;sensor06→gatewayA;sensor07→gatewayA;sensor08→gatewayA;sensor09→gatewayA,653063214fd849c6,95.11151273265811,88.79837067209776,95.84367245657569,9,True,True,True,9,1,0.46153846153846156,False,False
2024-10,95,85,previous_month,multicover,2024-09,Feasible,9,sensor01→gatewayA;sensor02→gatewayC;sensor03→gatewayC;sensor04→gatewayA;sensor05→gatewayC;sensor06→gatewayA;sensor07→gatewayC;sensor08→gatewayA;sensor09→gatewayA,61407d81614458de,95.66123222510888,88.79837067209776,96.28043282236249,9,True,True,True,9,0,0.6363636363636364,False,False
2024-10,95,85,expanding_window,multicover,2024-02;2024-03;2024-04;2024-05;2024-06;2024-07;2024-08;2024-09,Feasible,10,sensor01→gatewayA;sensor02→gatewayA;sensor02→gatewayC;sensor03→gatewayA;sensor04→gatewayA;sensor05→gatewayA;sensor06→gatewayA;sensor07→gatewayA;sensor08→gatewayA;sensor09→gatewayA,653063214fd849c6,95.11151273265811,88.79837067209776,95.84367245657569,9,True,True,True,9,1,0.46153846153846156,False,False
2024-10,95,85,previous_month,coverage_only,2024-09,Feasible,9,sensor01→gatewayC;sensor02→gatewayC;sensor03→gatewayC;sensor04→gatewayA;sensor05→gatewayC;sensor06→gatewayA;sensor07→gatewayC;sensor08→gatewayA;sensor09→gatewayA,df7247ee941ecdb2,92.85239153080563,65.3061224489796,96.28043282236249,9,False,False,False,9,0,0.5,False,False
2024-10,95,85,expanding_window,coverage_only,2024-02;2024-03;2024-04;2024-05;2024-06;2024-07;2024-08;2024-09,Feasible,10,sensor01→gatewayA;sensor02→gatewayA;sensor02→gatewayC;sensor03→gatewayA;sensor04→gatewayA;sensor05→gatewayA;sensor06→gatewayA;sensor07→gatewayA;sensor08→gatewayA;sensor09→gatewayA,653063214fd849c6,95.11151273265811,88.79837067209776,95.84367245657569,9,True,True,True,9,1,0.46153846153846156,False,False
2024-10,95,85,previous_month,exact,2024-09,Optimal,9,sensor01→gatewayC;sensor02→gatewayC;sensor03→gatewayC;sensor04→gatewayA;sensor05→gatewayC;sensor06→gatewayA;sensor07→gatewayC;sensor08→gatewayA;sensor09→gatewayA,df7247ee941ecdb2,92.85239153080563,65.3061224489796,96.28043282236249,9,False,False,False,9,0,0.5,False,False
2024-10,95,85,expanding_window,exact,2024-02;2024-03;2024-04;2024-05;2024-06;2024-07;2024-08;2024-09,Optimal,10,sensor01→gatewayA;sensor02→gatewayA;sensor02→gatewayC;sensor03→gatewayA;sensor04→gatewayA;sensor05→gatewayA;sensor06→gatewayA;sensor07→gatewayA;sensor08→gatewayA;sensor09→gatewayA,653063214fd849c6,95.11151273265811,88.79837067209776,95.84367245657569,9,True,True,True,9,1,0.46153846153846156,False,False
2024-10,95,85,frozen_initial_window,proposed,2024-02;2024-03;2024-04,Feasible,10,sensor01→gatewayA;sensor02→gatewayA;sensor02→gatewayC;sensor03→gatewayA;sensor04→gatewayA;sensor05→gatewayA;sensor06→gatewayA;sensor07→gatewayA;sensor08→gatewayA;sensor09→gatewayA,653063214fd849c6,95.11151273265811,88.79837067209776,95.84367245657569,9,True,True,True,9,1,0.46153846153846156,False,False
2024-10,95,85,frozen_initial_window,multicover,2024-02;2024-03;2024-04,Feasible,10,sensor01→gatewayA;sensor02→gatewayA;sensor02→gatewayC;sensor03→gatewayA;sensor04→gatewayA;sensor05→gatewayA;sensor06→gatewayA;sensor07→gatewayA;sensor08→gatewayA;sensor09→gatewayA,653063214fd849c6,95.11151273265811,88.79837067209776,95.84367245657569,9,True,True,True,9,1,0.46153846153846156,False,False
2024-10,95,85,frozen_initial_window,coverage_only,2024-02;2024-03;2024-04,Feasible,10,sensor01→gatewayA;sensor02→gatewayA;sensor02→gatewayC;sensor03→gatewayA;sensor04→gatewayA;sensor05→gatewayA;sensor06→gatewayA;sensor07→gatewayA;sensor08→gatewayA;sensor09→gatewayA,653063214fd849c6,95.11151273265811,88.79837067209776,95.84367245657569,9,True,True,True,9,1,0.46153846153846156,False,False
2024-10,95,85,retrospective_oracle,exact,2024-10,Optimal,9,sensor01→gatewayA;sensor02→gatewayC;sensor03→gatewayC;sensor04→gatewayC;sensor05→gatewayA;sensor06→gatewayA;sensor07→gatewayC;sensor08→gatewayA;sensor09→gatewayA,47454e12767c9b83,96.94767624283043,91.55524278676988,96.5331094049904,9,True,True,True,9,0,1.0,False,False
2024-10,98,90,previous_month,proposed,2024-09,Feasible,11,sensor01→gatewayA;sensor01→gatewayC;sensor02→gatewayC;sensor03→gatewayC;sensor04→gatewayA;sensor04→gatewayC;sensor05→gatewayC;sensor06→gatewayA;sensor07→gatewayC;sensor08→gatewayA;sensor09→gatewayA,369dafd623176e72,97.79359162619075,93.04602227973444,99.22567613062508,9,False,True,False,11,0,0.6923076923076923,False,False
2024-10,98,90,expanding_window,proposed,2024-02;2024-03;2024-04;2024-05;2024-06;2024-07;2024-08;2024-09,Feasible,13,sensor01→gatewayA;sensor01→gatewayC;sensor02→gatewayA;sensor02→gatewayC;sensor03→gatewayA;sensor04→gatewayA;sensor04→gatewayC;sensor05→gatewayA;sensor06→gatewayA;sensor07→gatewayA;sensor08→gatewayA;sensor08→gatewayB;sensor09→gatewayA,b895b38864b202d9,97.60658659337074,91.28043990573448,99.39168638053397,9,False,True,False,11,2,0.5,False,False
2024-10,98,90,previous_month,multicover,2024-09,Feasible,11,sensor01→gatewayA;sensor01→gatewayC;sensor02→gatewayC;sensor03→gatewayC;sensor04→gatewayA;sensor04→gatewayC;sensor05→gatewayC;sensor06→gatewayA;sensor07→gatewayC;sensor08→gatewayA;sensor09→gatewayA,369dafd623176e72,97.79359162619075,93.04602227973444,99.22567613062508,9,False,True,False,11,0,0.6923076923076923,False,False
2024-10,98,90,expanding_window,multicover,2024-02;2024-03;2024-04;2024-05;2024-06;2024-07;2024-08;2024-09,Feasible,13,sensor01→gatewayA;sensor01→gatewayC;sensor02→gatewayA;sensor02→gatewayC;sensor03→gatewayA;sensor04→gatewayA;sensor04→gatewayC;sensor05→gatewayA;sensor06→gatewayA;sensor07→gatewayA;sensor08→gatewayA;sensor08→gatewayB;sensor09→gatewayA,b895b38864b202d9,97.60658659337074,91.28043990573448,99.39168638053397,9,False,True,False,11,2,0.5,False,False
2024-10,98,90,previous_month,coverage_only,2024-09,Feasible,11,sensor01→gatewayA;sensor01→gatewayC;sensor02→gatewayC;sensor03→gatewayC;sensor04→gatewayA;sensor04→gatewayC;sensor05→gatewayC;sensor06→gatewayA;sensor07→gatewayC;sensor08→gatewayA;sensor09→gatewayA,369dafd623176e72,97.79359162619075,93.04602227973444,99.22567613062508,9,False,True,False,11,0,0.6923076923076923,False,False
2024-10,98,90,expanding_window,coverage_only,2024-02;2024-03;2024-04;2024-05;2024-06;2024-07;2024-08;2024-09,Feasible,13,sensor01→gatewayA;sensor01→gatewayC;sensor02→gatewayA;sensor02→gatewayC;sensor03→gatewayA;sensor04→gatewayA;sensor04→gatewayC;sensor05→gatewayA;sensor06→gatewayA;sensor07→gatewayA;sensor08→gatewayA;sensor08→gatewayB;sensor09→gatewayA,b895b38864b202d9,97.60658659337074,91.28043990573448,99.39168638053397,9,False,True,False,11,2,0.5,False,False
2024-10,98,90,previous_month,exact,2024-09,Optimal,11,sensor01→gatewayA;sensor01→gatewayC;sensor02→gatewayC;sensor03→gatewayC;sensor04→gatewayA;sensor04→gatewayC;sensor05→gatewayC;sensor06→gatewayA;sensor07→gatewayC;sensor08→gatewayA;sensor09→gatewayA,369dafd623176e72,97.79359162619075,93.04602227973444,99.22567613062508,9,False,True,False,11,0,0.6923076923076923,False,False
2024-10,98,90,expanding_window,exact,2024-02;2024-03;2024-04;2024-05;2024-06;2024-07;2024-08;2024-09,Optimal,13,sensor01→gatewayA;sensor01→gatewayC;sensor02→gatewayA;sensor02→gatewayC;sensor03→gatewayA;sensor04→gatewayA;sensor04→gatewayC;sensor05→gatewayA;sensor06→gatewayA;sensor07→gatewayA;sensor08→gatewayA;sensor08→gatewayB;sensor09→gatewayA,b895b38864b202d9,97.60658659337074,91.28043990573448,99.39168638053397,9,False,True,False,11,2,0.5,False,False
2024-10,98,90,frozen_initial_window,proposed,2024-02;2024-03;2024-04,Feasible,14,sensor01→gatewayA;sensor01→gatewayC;sensor02→gatewayA;sensor02→gatewayC;sensor03→gatewayA;sensor03→gatewayC;sensor04→gatewayA;sensor04→gatewayC;sensor05→gatewayA;sensor06→gatewayA;sensor07→gatewayA;sensor08→gatewayA;sensor08→gatewayB;sensor09→gatewayA,41373d6960c195b8,98.5780087101673,94.56717763751128,99.87098287590898,9,True,True,True,11,3,0.5625,False,False
2024-10,98,90,frozen_initial_window,multicover,2024-02;2024-03;2024-04,Feasible,14,sensor01→gatewayA;sensor01→gatewayC;sensor02→gatewayA;sensor02→gatewayC;sensor03→gatewayA;sensor03→gatewayC;sensor04→gatewayA;sensor04→gatewayC;sensor05→gatewayA;sensor06→gatewayA;sensor07→gatewayA;sensor08→gatewayA;sensor08→gatewayB;sensor09→gatewayA,41373d6960c195b8,98.5780087101673,94.56717763751128,99.87098287590898,9,True,True,True,11,3,0.5625,False,False
2024-10,98,90,frozen_initial_window,coverage_only,2024-02;2024-03;2024-04,Feasible,14,sensor01→gatewayA;sensor01→gatewayC;sensor02→gatewayA;sensor02→gatewayC;sensor03→gatewayA;sensor03→gatewayC;sensor04→gatewayA;sensor04→gatewayC;sensor05→gatewayA;sensor06→gatewayA;sensor07→gatewayA;sensor08→gatewayA;sensor08→gatewayB;sensor09→gatewayA,41373d6960c195b8,98.5780087101673,94.56717763751128,99.87098287590898,9,True,True,True,11,3,0.5625,False,False
2024-10,98,90,retrospective_oracle,exact,2024-10,Optimal,11,sensor01→gatewayA;sensor01→gatewayC;sensor02→gatewayC;sensor03→gatewayC;sensor04→gatewayC;sensor05→gatewayA;sensor06→gatewayA;sensor07→gatewayC;sensor08→gatewayA;sensor09→gatewayA;sensor09→gatewayB,116bbfc59e6bf3dd,98.25796653990487,96.20954967187146,99.22567613062508,9,True,True,True,11,0,1.0,False,False
2024-11,90,80,previous_month,proposed,2024-10,Feasible,9,sensor01→gatewayA;sensor02→gatewayC;sensor03→gatewayC;sensor04→gatewayC;sensor05→gatewayA;sensor06→gatewayA;sensor07→gatewayC;sensor08→gatewayA;sensor09→gatewayA,47454e12767c9b83,96.92557686057849,90.53297639328304,97.97257705379117,9,True,True,True,9,0,1.0,False,False
2024-11,90,80,expanding_window,proposed,2024-02;2024-03;2024-04;2024-05;2024-06;2024-07;2024-08;2024-09;2024-10,Feasible,9,sensor01→gatewayA;sensor02→gatewayC;sensor03→gatewayA;sensor04→gatewayA;sensor05→gatewayA;sensor06→gatewayA;sensor07→gatewayA;sensor08→gatewayA;sensor09→gatewayA,a3ace494bf9be893,94.4998375040624,87.82968657599054,95.22204138572425,9,True,True,True,9,0,0.5,False,False
2024-11,90,80,previous_month,multicover,2024-10,Feasible,9,sensor01→gatewayA;sensor02→gatewayC;sensor03→gatewayC;sensor04→gatewayC;sensor05→gatewayA;sensor06→gatewayA;sensor07→gatewayC;sensor08→gatewayA;sensor09→gatewayA,47454e12767c9b83,96.92557686057849,90.53297639328304,97.97257705379117,9,True,True,True,9,0,1.0,False,False
2024-11,90,80,expanding_window,multicover,2024-02;2024-03;2024-04;2024-05;2024-06;2024-07;2024-08;2024-09;2024-10,Feasible,9,sensor01→gatewayA;sensor02→gatewayC;sensor03→gatewayA;sensor04→gatewayA;sensor05→gatewayA;sensor06→gatewayA;sensor07→gatewayA;sensor08→gatewayA;sensor09→gatewayA,a3ace494bf9be893,94.4998375040624,87.82968657599054,95.22204138572425,9,True,True,True,9,0,0.5,False,False
2024-11,90,80,previous_month,coverage_only,2024-10,Feasible,9,sensor01→gatewayA;sensor02→gatewayC;sensor03→gatewayC;sensor04→gatewayC;sensor05→gatewayA;sensor06→gatewayA;sensor07→gatewayC;sensor08→gatewayA;sensor09→gatewayA,47454e12767c9b83,96.92557686057849,90.53297639328304,97.97257705379117,9,True,True,True,9,0,1.0,False,False
2024-11,90,80,expanding_window,coverage_only,2024-02;2024-03;2024-04;2024-05;2024-06;2024-07;2024-08;2024-09;2024-10,Feasible,9,sensor01→gatewayA;sensor02→gatewayC;sensor03→gatewayA;sensor04→gatewayA;sensor05→gatewayA;sensor06→gatewayA;sensor07→gatewayA;sensor08→gatewayA;sensor09→gatewayA,a3ace494bf9be893,94.4998375040624,87.82968657599054,95.22204138572425,9,True,True,True,9,0,0.5,False,False
2024-11,90,80,previous_month,exact,2024-10,Optimal,9,sensor01→gatewayA;sensor02→gatewayC;sensor03→gatewayC;sensor04→gatewayC;sensor05→gatewayA;sensor06→gatewayA;sensor07→gatewayC;sensor08→gatewayA;sensor09→gatewayA,47454e12767c9b83,96.92557686057849,90.53297639328304,97.97257705379117,9,True,True,True,9,0,1.0,False,False
2024-11,90,80,expanding_window,exact,2024-02;2024-03;2024-04;2024-05;2024-06;2024-07;2024-08;2024-09;2024-10,Optimal,9,sensor01→gatewayA;sensor02→gatewayC;sensor03→gatewayA;sensor04→gatewayA;sensor05→gatewayA;sensor06→gatewayA;sensor07→gatewayA;sensor08→gatewayA;sensor09→gatewayA,a3ace494bf9be893,94.4998375040624,87.82968657599054,95.22204138572425,9,True,True,True,9,0,0.5,False,False
2024-11,90,80,frozen_initial_window,proposed,2024-02;2024-03;2024-04,Feasible,9,sensor01→gatewayA;sensor02→gatewayA;sensor03→gatewayA;sensor04→gatewayA;sensor05→gatewayA;sensor06→gatewayA;sensor07→gatewayA;sensor08→gatewayA;sensor09→gatewayA,5116df5a05fbbfe0,90.67533311667208,70.32637987823136,93.95563310069791,9,True,False,False,9,0,0.38461538461538464,False,False
2024-11,90,80,frozen_initial_window,multicover,2024-02;2024-03;2024-04,Feasible,9,sensor01→gatewayA;sensor02→gatewayA;sensor03→gatewayA;sensor04→gatewayA;sensor05→gatewayA;sensor06→gatewayA;sensor07→gatewayA;sensor08→gatewayA;sensor09→gatewayA,5116df5a05fbbfe0,90.67533311667208,70.32637987823136,93.95563310069791,9,True,False,False,9,0,0.38461538461538464,False,False
2024-11,90,80,frozen_initial_window,coverage_only,2024-02;2024-03;2024-04,Feasible,9,sensor01→gatewayA;sensor02→gatewayA;sensor03→gatewayA;sensor04→gatewayA;sensor05→gatewayA;sensor06→gatewayA;sensor07→gatewayA;sensor08→gatewayA;sensor09→gatewayA,5116df5a05fbbfe0,90.67533311667208,70.32637987823136,93.95563310069791,9,True,False,False,9,0,0.38461538461538464,False,False
2024-11,90,80,retrospective_oracle,exact,2024-11,Optimal,9,sensor01→gatewayA;sensor02→gatewayC;sensor03→gatewayC;sensor04→gatewayC;sensor05→gatewayA;sensor06→gatewayA;sensor07→gatewayC;sensor08→gatewayA;sensor09→gatewayA,47454e12767c9b83,96.92557686057849,90.53297639328304,97.97257705379117,9,True,True,True,9,0,1.0,False,False
2024-11,95,85,previous_month,proposed,2024-10,Feasible,9,sensor01→gatewayA;sensor02→gatewayC;sensor03→gatewayC;sensor04→gatewayC;sensor05→gatewayA;sensor06→gatewayA;sensor07→gatewayC;sensor08→gatewayA;sensor09→gatewayA,47454e12767c9b83,96.92557686057849,90.53297639328304,97.97257705379117,9,True,True,True,9,0,1.0,False,False
2024-11,95,85,expanding_window,proposed,2024-02;2024-03;2024-04;2024-05;2024-06;2024-07;2024-08;2024-09;2024-10,Feasible,10,sensor01→gatewayA;sensor02→gatewayC;sensor03→gatewayA;sensor04→gatewayA;sensor04→gatewayC;sensor05→gatewayA;sensor06→gatewayA;sensor07→gatewayA;sensor08→gatewayA;sensor09→gatewayA,947350bea811764a,95.83750406239844,87.83185840707965,97.18362748779572,9,True,True,True,9,1,0.5833333333333334,False,False
2024-11,95,85,previous_month,multicover,2024-10,Feasible,9,sensor01→gatewayA;sensor02→gatewayC;sensor03→gatewayC;sensor04→gatewayC;sensor05→gatewayA;sensor06→gatewayA;sensor07→gatewayC;sensor08→gatewayA;sensor09→gatewayA,47454e12767c9b83,96.92557686057849,90.53297639328304,97.97257705379117,9,True,True,True,9,0,1.0,False,False
2024-11,95,85,expanding_window,multicover,2024-02;2024-03;2024-04;2024-05;2024-06;2024-07;2024-08;2024-09;2024-10,Feasible,10,sensor01→gatewayA;sensor02→gatewayA;sensor02→gatewayC;sensor03→gatewayA;sensor04→gatewayA;sensor05→gatewayA;sensor06→gatewayA;sensor07→gatewayA;sensor08→gatewayA;sensor09→gatewayA,653063214fd849c6,94.54013649658758,87.82968657599054,95.22204138572425,9,False,True,False,9,1,0.46153846153846156,False,False
2024-11,95,85,previous_month,coverage_only,2024-10,Feasible,9,sensor01→gatewayA;sensor02→gatewayC;sensor03→gatewayC;sensor04→gatewayC;sensor05→gatewayA;sensor06→gatewayA;sensor07→gatewayC;sensor08→gatewayA;sensor09→gatewayA,47454e12767c9b83,96.92557686057849,90.53297639328304,97.97257705379117,9,True,True,True,9,0,1.0,False,False
2024-11,95,85,expanding_window,coverage_only,2024-02;2024-03;2024-04;2024-05;2024-06;2024-07;2024-08;2024-09;2024-10,Feasible,10,sensor01→gatewayA;sensor02→gatewayA;sensor02→gatewayC;sensor03→gatewayA;sensor04→gatewayA;sensor05→gatewayA;sensor06→gatewayA;sensor07→gatewayA;sensor08→gatewayA;sensor09→gatewayA,653063214fd849c6,94.54013649658758,87.82968657599054,95.22204138572425,9,False,True,False,9,1,0.46153846153846156,False,False
2024-11,95,85,previous_month,exact,2024-10,Optimal,9,sensor01→gatewayA;sensor02→gatewayC;sensor03→gatewayC;sensor04→gatewayC;sensor05→gatewayA;sensor06→gatewayA;sensor07→gatewayC;sensor08→gatewayA;sensor09→gatewayA,47454e12767c9b83,96.92557686057849,90.53297639328304,97.97257705379117,9,True,True,True,9,0,1.0,False,False
2024-11,95,85,expanding_window,exact,2024-02;2024-03;2024-04;2024-05;2024-06;2024-07;2024-08;2024-09;2024-10,Optimal,10,sensor01→gatewayA;sensor02→gatewayA;sensor02→gatewayC;sensor03→gatewayA;sensor04→gatewayA;sensor05→gatewayA;sensor06→gatewayA;sensor07→gatewayA;sensor08→gatewayA;sensor09→gatewayA,653063214fd849c6,94.54013649658758,87.82968657599054,95.22204138572425,9,False,True,False,9,1,0.46153846153846156,False,False
2024-11,95,85,frozen_initial_window,proposed,2024-02;2024-03;2024-04,Feasible,10,sensor01→gatewayA;sensor02→gatewayA;sensor02→gatewayC;sensor03→gatewayA;sensor04→gatewayA;sensor05→gatewayA;sensor06→gatewayA;sensor07→gatewayA;sensor08→gatewayA;sensor09→gatewayA,653063214fd849c6,94.54013649658758,87.82968657599054,95.22204138572425,9,False,True,False,9,1,0.46153846153846156,False,False
2024-11,95,85,frozen_initial_window,multicover,2024-02;2024-03;2024-04,Feasible,10,sensor01→gatewayA;sensor02→gatewayA;sensor02→gatewayC;sensor03→gatewayA;sensor04→gatewayA;sensor05→gatewayA;sensor06→gatewayA;sensor07→gatewayA;sensor08→gatewayA;sensor09→gatewayA,653063214fd849c6,94.54013649658758,87.82968657599054,95.22204138572425,9,False,True,False,9,1,0.46153846153846156,False,False
2024-11,95,85,frozen_initial_window,coverage_only,2024-02;2024-03;2024-04,Feasible,10,sensor01→gatewayA;sensor02→gatewayA;sensor02→gatewayC;sensor03→gatewayA;sensor04→gatewayA;sensor05→gatewayA;sensor06→gatewayA;sensor07→gatewayA;sensor08→gatewayA;sensor09→gatewayA,653063214fd849c6,94.54013649658758,87.82968657599054,95.22204138572425,9,False,True,False,9,1,0.46153846153846156,False,False
2024-11,95,85,retrospective_oracle,exact,2024-11,Optimal,9,sensor01→gatewayA;sensor02→gatewayC;sensor03→gatewayC;sensor04→gatewayC;sensor05→gatewayA;sensor06→gatewayA;sensor07→gatewayC;sensor08→gatewayA;sensor09→gatewayA,47454e12767c9b83,96.92557686057849,90.53297639328304,97.97257705379117,9,True,True,True,9,0,1.0,False,False
2024-11,98,90,previous_month,proposed,2024-10,Feasible,11,sensor01→gatewayA;sensor01→gatewayC;sensor02→gatewayC;sensor03→gatewayC;sensor04→gatewayC;sensor05→gatewayA;sensor06→gatewayA;sensor07→gatewayC;sensor08→gatewayA;sensor09→gatewayA;sensor09→gatewayB,116bbfc59e6bf3dd,97.84465388365291,90.53297639328304,99.19655333022823,9,False,True,False,11,0,0.8333333333333334,False,False
2024-11,98,90,expanding_window,proposed,2024-02;2024-03;2024-04;2024-05;2024-06;2024-07;2024-08;2024-09;2024-10,Feasible,13,sensor01→gatewayA;sensor01→gatewayC;sensor02→gatewayA;sensor02→gatewayC;sensor03→gatewayA;sensor04→gatewayA;sensor04→gatewayC;sensor05→gatewayA;sensor06→gatewayA;sensor07→gatewayA;sensor08→gatewayA;sensor08→gatewayB;sensor09→gatewayA,b895b38864b202d9,97.51576210594735,87.83185840707965,99.36448158173474,9,False,False,False,11,2,0.6,False,False
2024-11,98,90,previous_month,multicover,2024-10,Feasible,11,sensor01→gatewayA;sensor01→gatewayC;sensor02→gatewayC;sensor03→gatewayC;sensor04→gatewayA;sensor04→gatewayC;sensor05→gatewayA;sensor06→gatewayA;sensor07→gatewayC;sensor08→gatewayA;sensor09→gatewayA,0493c480da31771a,98.1566460838479,90.53297639328304,99.19655333022823,9,True,True,True,11,0,0.8333333333333334,False,False
2024-11,98,90,expanding_window,multicover,2024-02;2024-03;2024-04;2024-05;2024-06;2024-07;2024-08;2024-09;2024-10,Feasible,13,sensor01→gatewayA;sensor01→gatewayC;sensor02→gatewayA;sensor02→gatewayC;sensor03→gatewayA;sensor04→gatewayA;sensor04→gatewayC;sensor05→gatewayA;sensor06→gatewayA;sensor07→gatewayA;sensor08→gatewayA;sensor08→gatewayB;sensor09→gatewayA,b895b38864b202d9,97.51576210594735,87.83185840707965,99.36448158173474,9,False,False,False,11,2,0.6,False,False
2024-11,98,90,previous_month,coverage_only,2024-10,Feasible,11,sensor01→gatewayA;sensor01→gatewayC;sensor02→gatewayC;sensor03→gatewayC;sensor04→gatewayA;sensor04→gatewayC;sensor05→gatewayA;sensor06→gatewayA;sensor07→gatewayC;sensor08→gatewayA;sensor09→gatewayA,0493c480da31771a,98.1566460838479,90.53297639328304,99.19655333022823,9,True,True,True,11,0,0.8333333333333334,False,False
2024-11,98,90,expanding_window,coverage_only,2024-02;2024-03;2024-04;2024-05;2024-06;2024-07;2024-08;2024-09;2024-10,Feasible,13,sensor01→gatewayA;sensor01→gatewayC;sensor02→gatewayA;sensor02→gatewayC;sensor03→gatewayA;sensor04→gatewayA;sensor04→gatewayC;sensor05→gatewayA;sensor06→gatewayA;sensor07→gatewayA;sensor08→gatewayA;sensor08→gatewayB;sensor09→gatewayA,b895b38864b202d9,97.51576210594735,87.83185840707965,99.36448158173474,9,False,False,False,11,2,0.6,False,False
2024-11,98,90,previous_month,exact,2024-10,Optimal,11,sensor01→gatewayA;sensor01→gatewayC;sensor02→gatewayC;sensor03→gatewayC;sensor04→gatewayC;sensor05→gatewayA;sensor06→gatewayA;sensor07→gatewayC;sensor08→gatewayA;sensor09→gatewayA;sensor09→gatewayB,116bbfc59e6bf3dd,97.84465388365291,90.53297639328304,99.19655333022823,9,False,True,False,11,0,0.8333333333333334,False,False
2024-11,98,90,expanding_window,exact,2024-02;2024-03;2024-04;2024-05;2024-06;2024-07;2024-08;2024-09;2024-10,Optimal,13,sensor01→gatewayA;sensor01→gatewayC;sensor02→gatewayA;sensor02→gatewayC;sensor03→gatewayA;sensor04→gatewayA;sensor04→gatewayC;sensor05→gatewayA;sensor06→gatewayA;sensor07→gatewayA;sensor08→gatewayA;sensor08→gatewayB;sensor09→gatewayA,b895b38864b202d9,97.51576210594735,87.83185840707965,99.36448158173474,9,False,False,False,11,2,0.6,False,False
2024-11,98,90,frozen_initial_window,proposed,2024-02;2024-03;2024-04,Feasible,14,sensor01→gatewayA;sensor01→gatewayC;sensor02→gatewayA;sensor02→gatewayC;sensor03→gatewayA;sensor03→gatewayC;sensor04→gatewayA;sensor04→gatewayC;sensor05→gatewayA;sensor06→gatewayA;sensor07→gatewayA;sensor08→gatewayA;sensor08→gatewayB;sensor09→gatewayA,41373d6960c195b8,98.87162820929477,95.22204138572425,99.96261216350948,9,True,True,True,11,3,0.6666666666666666,False,False
2024-11,98,90,frozen_initial_window,multicover,2024-02;2024-03;2024-04,Feasible,14,sensor01→gatewayA;sensor01→gatewayC;sensor02→gatewayA;sensor02→gatewayC;sensor03→gatewayA;sensor03→gatewayC;sensor04→gatewayA;sensor04→gatewayC;sensor05→gatewayA;sensor06→gatewayA;sensor07→gatewayA;sensor08→gatewayA;sensor08→gatewayB;sensor09→gatewayA,41373d6960c195b8,98.87162820929477,95.22204138572425,99.96261216350948,9,True,True,True,11,3,0.6666666666666666,False,False
2024-11,98,90,frozen_initial_window,coverage_only,2024-02;2024-03;2024-04,Feasible,14,sensor01→gatewayA;sensor01→gatewayC;sensor02→gatewayA;sensor02→gatewayC;sensor03→gatewayA;sensor03→gatewayC;sensor04→gatewayA;sensor04→gatewayC;sensor05→gatewayA;sensor06→gatewayA;sensor07→gatewayA;sensor08→gatewayA;sensor08→gatewayB;sensor09→gatewayA,41373d6960c195b8,98.87162820929477,95.22204138572425,99.96261216350948,9,True,True,True,11,3,0.6666666666666666,False,False
2024-11,98,90,retrospective_oracle,exact,2024-11,Optimal,11,sensor01→gatewayA;sensor01→gatewayC;sensor02→gatewayC;sensor03→gatewayC;sensor04→gatewayC;sensor05→gatewayA;sensor06→gatewayA;sensor07→gatewayC;sensor08→gatewayA;sensor08→gatewayB;sensor09→gatewayA,49b672db7308a770,98.56353591160222,94.5002956830278,99.19655333022823,9,True,True,True,11,0,1.0,False,False
2024-12,90,80,previous_month,proposed,2024-11,Feasible,9,sensor01→gatewayA;sensor02→gatewayC;sensor03→gatewayC;sensor04→gatewayC;sensor05→gatewayA;sensor06→gatewayA;sensor07→gatewayC;sensor08→gatewayA;sensor09→gatewayA,47454e12767c9b83,93.87778182686387,65.05382567426786,97.65607134690144,9,True,False,False,9,0,0.8,False,False
2024-12,90,80,expanding_window,proposed,2024-02;2024-03;2024-04;2024-05;2024-06;2024-07;2024-08;2024-09;2024-10;2024-11,Feasible,9,sensor01→gatewayA;sensor02→gatewayC;sensor03→gatewayA;sensor04→gatewayA;sensor05→gatewayA;sensor06→gatewayA;sensor07→gatewayA;sensor08→gatewayA;sensor09→gatewayA,a3ace494bf9be893,95.7627012151447,88.27686784832848,95.67318498538998,9,True,True,True,9,0,0.6363636363636364,False,False
2024-12,90,80,previous_month,multicover,2024-11,Feasible,9,sensor01→gatewayA;sensor02→gatewayC;sensor03→gatewayC;sensor04→gatewayC;sensor05→gatewayA;sensor06→gatewayA;sensor07→gatewayC;sensor08→gatewayA;sensor09→gatewayA,47454e12767c9b83,93.87778182686387,65.05382567426786,97.65607134690144,9,True,False,False,9,0,0.8,False,False
2024-12,90,80,expanding_window,multicover,2024-02;2024-03;2024-04;2024-05;2024-06;2024-07;2024-08;2024-09;2024-10;2024-11,Feasible,9,sensor01→gatewayA;sensor02→gatewayC;sensor03→gatewayA;sensor04→gatewayA;sensor05→gatewayA;sensor06→gatewayA;sensor07→gatewayA;sensor08→gatewayA;sensor09→gatewayA,a3ace494bf9be893,95.7627012151447,88.27686784832848,95.67318498538998,9,True,True,True,9,0,0.6363636363636364,False,False
2024-12,90,80,previous_month,coverage_only,2024-11,Feasible,9,sensor01→gatewayA;sensor02→gatewayC;sensor03→gatewayC;sensor04→gatewayC;sensor05→gatewayA;sensor06→gatewayA;sensor07→gatewayC;sensor08→gatewayA;sensor09→gatewayA,47454e12767c9b83,93.87778182686387,65.05382567426786,97.65607134690144,9,True,False,False,9,0,0.8,False,False
2024-12,90,80,expanding_window,coverage_only,2024-02;2024-03;2024-04;2024-05;2024-06;2024-07;2024-08;2024-09;2024-10;2024-11,Feasible,9,sensor01→gatewayA;sensor02→gatewayC;sensor03→gatewayA;sensor04→gatewayA;sensor05→gatewayA;sensor06→gatewayA;sensor07→gatewayA;sensor08→gatewayA;sensor09→gatewayA,a3ace494bf9be893,95.7627012151447,88.27686784832848,95.67318498538998,9,True,True,True,9,0,0.6363636363636364,False,False
2024-12,90,80,previous_month,exact,2024-11,Optimal,9,sensor01→gatewayA;sensor02→gatewayC;sensor03→gatewayC;sensor04→gatewayC;sensor05→gatewayA;sensor06→gatewayA;sensor07→gatewayC;sensor08→gatewayA;sensor09→gatewayA,47454e12767c9b83,93.87778182686387,65.05382567426786,97.65607134690144,9,True,False,False,9,0,0.8,False,False
2024-12,90,80,expanding_window,exact,2024-02;2024-03;2024-04;2024-05;2024-06;2024-07;2024-08;2024-09;2024-10;2024-11,Optimal,9,sensor01→gatewayA;sensor02→gatewayC;sensor03→gatewayA;sensor04→gatewayA;sensor05→gatewayA;sensor06→gatewayA;sensor07→gatewayA;sensor08→gatewayA;sensor09→gatewayA,a3ace494bf9be893,95.7627012151447,88.27686784832848,95.67318498538998,9,True,True,True,9,0,0.6363636363636364,False,False
2024-12,90,80,frozen_initial_window,proposed,2024-02;2024-03;2024-04,Feasible,9,sensor01→gatewayA;sensor02→gatewayA;sensor03→gatewayA;sensor04→gatewayA;sensor05→gatewayA;sensor06→gatewayA;sensor07→gatewayA;sensor08→gatewayA;sensor09→gatewayA,5116df5a05fbbfe0,91.8923334045414,70.17510101981912,95.16147702280357,9,True,False,False,9,0,0.5,False,False
2024-12,90,80,frozen_initial_window,multicover,2024-02;2024-03;2024-04,Feasible,9,sensor01→gatewayA;sensor02→gatewayA;sensor03→gatewayA;sensor04→gatewayA;sensor05→gatewayA;sensor06→gatewayA;sensor07→gatewayA;sensor08→gatewayA;sensor09→gatewayA,5116df5a05fbbfe0,91.8923334045414,70.17510101981912,95.16147702280357,9,True,False,False,9,0,0.5,False,False
2024-12,90,80,frozen_initial_window,coverage_only,2024-02;2024-03;2024-04,Feasible,9,sensor01→gatewayA;sensor02→gatewayA;sensor03→gatewayA;sensor04→gatewayA;sensor05→gatewayA;sensor06→gatewayA;sensor07→gatewayA;sensor08→gatewayA;sensor09→gatewayA,5116df5a05fbbfe0,91.8923334045414,70.17510101981912,95.16147702280357,9,True,False,False,9,0,0.5,False,False
2024-12,90,80,retrospective_oracle,exact,2024-12,Optimal,9,sensor01→gatewayA;sensor02→gatewayC;sensor03→gatewayC;sensor04→gatewayA;sensor05→gatewayA;sensor06→gatewayA;sensor07→gatewayC;sensor08→gatewayA;sensor09→gatewayA,6d0e4a795f1bf86d,97.14623204614283,91.63792078030212,97.65607134690144,9,True,True,True,9,0,1.0,False,False
2024-12,95,85,previous_month,proposed,2024-11,Feasible,9,sensor01→gatewayA;sensor02→gatewayC;sensor03→gatewayC;sensor04→gatewayC;sensor05→gatewayA;sensor06→gatewayA;sensor07→gatewayC;sensor08→gatewayA;sensor09→gatewayA,47454e12767c9b83,93.87778182686387,65.05382567426786,97.65607134690144,9,False,False,False,9,0,0.8,False,False
2024-12,95,85,expanding_window,proposed,2024-02;2024-03;2024-04;2024-05;2024-06;2024-07;2024-08;2024-09;2024-10;2024-11,Feasible,10,sensor01→gatewayA;sensor02→gatewayC;sensor03→gatewayA;sensor04→gatewayA;sensor04→gatewayC;sensor05→gatewayA;sensor06→gatewayA;sensor07→gatewayA;sensor08→gatewayA;sensor09→gatewayA,947350bea811764a,96.28796541801229,88.27686784832848,97.65607134690144,9,True,True,True,9,1,0.5833333333333334,False,False
2024-12,95,85,previous_month,multicover,2024-11,Feasible,9,sensor01→gatewayA;sensor02→gatewayC;sensor03→gatewayC;sensor04→gatewayC;sensor05→gatewayA;sensor06→gatewayA;sensor07→gatewayC;sensor08→gatewayA;sensor09→gatewayA,47454e12767c9b83,93.87778182686387,65.05382567426786,97.65607134690144,9,False,False,False,9,0,0.8,False,False
2024-12,95,85,expanding_window,multicover,2024-02;2024-03;2024-04;2024-05;2024-06;2024-07;2024-08;2024-09;2024-10;2024-11,Feasible,10,sensor01→gatewayA;sensor02→gatewayA;sensor02→gatewayC;sensor03→gatewayA;sensor04→gatewayA;sensor05→gatewayA;sensor06→gatewayA;sensor07→gatewayA;sensor08→gatewayA;sensor09→gatewayA,653063214fd849c6,95.78783347365511,88.27686784832848,95.67318498538998,9,True,True,True,9,1,0.5833333333333334,False,False
2024-12,95,85,previous_month,coverage_only,2024-11,Feasible,9,sensor01→gatewayA;sensor02→gatewayC;sensor03→gatewayC;sensor04→gatewayC;sensor05→gatewayA;sensor06→gatewayA;sensor07→gatewayC;sensor08→gatewayA;sensor09→gatewayA,47454e12767c9b83,93.87778182686387,65.05382567426786,97.65607134690144,9,False,False,False,9,0,0.8,False,False
2024-12,95,85,expanding_window,coverage_only,2024-02;2024-03;2024-04;2024-05;2024-06;2024-07;2024-08;2024-09;2024-10;2024-11,Feasible,10,sensor01→gatewayA;sensor02→gatewayC;sensor03→gatewayA;sensor04→gatewayA;sensor04→gatewayC;sensor05→gatewayA;sensor06→gatewayA;sensor07→gatewayA;sensor08→gatewayA;sensor09→gatewayA,947350bea811764a,96.28796541801229,88.27686784832848,97.65607134690144,9,True,True,True,9,1,0.5833333333333334,False,False
2024-12,95,85,previous_month,exact,2024-11,Optimal,9,sensor01→gatewayA;sensor02→gatewayC;sensor03→gatewayC;sensor04→gatewayC;sensor05→gatewayA;sensor06→gatewayA;sensor07→gatewayC;sensor08→gatewayA;sensor09→gatewayA,47454e12767c9b83,93.87778182686387,65.05382567426786,97.65607134690144,9,False,False,False,9,0,0.8,False,False
2024-12,95,85,expanding_window,exact,2024-02;2024-03;2024-04;2024-05;2024-06;2024-07;2024-08;2024-09;2024-10;2024-11,Optimal,10,sensor01→gatewayA;sensor02→gatewayC;sensor03→gatewayA;sensor04→gatewayA;sensor04→gatewayC;sensor05→gatewayA;sensor06→gatewayA;sensor07→gatewayA;sensor08→gatewayA;sensor09→gatewayA,947350bea811764a,96.28796541801229,88.27686784832848,97.65607134690144,9,True,True,True,9,1,0.5833333333333334,False,False
2024-12,95,85,frozen_initial_window,proposed,2024-02;2024-03;2024-04,Feasible,10,sensor01→gatewayA;sensor02→gatewayA;sensor02→gatewayC;sensor03→gatewayA;sensor04→gatewayA;sensor05→gatewayA;sensor06→gatewayA;sensor07→gatewayA;sensor08→gatewayA;sensor09→gatewayA,653063214fd849c6,95.78783347365511,88.27686784832848,95.67318498538998,9,True,True,True,9,1,0.5833333333333334,False,False
2024-12,95,85,frozen_initial_window,multicover,2024-02;2024-03;2024-04,Feasible,10,sensor01→gatewayA;sensor02→gatewayA;sensor02→gatewayC;sensor03→gatewayA;sensor04→gatewayA;sensor05→gatewayA;sensor06→gatewayA;sensor07→gatewayA;sensor08→gatewayA;sensor09→gatewayA,653063214fd849c6,95.78783347365511,88.27686784832848,95.67318498538998,9,True,True,True,9,1,0.5833333333333334,False,False
2024-12,95,85,frozen_initial_window,coverage_only,2024-02;2024-03;2024-04,Feasible,10,sensor01→gatewayA;sensor02→gatewayA;sensor02→gatewayC;sensor03→gatewayA;sensor04→gatewayA;sensor05→gatewayA;sensor06→gatewayA;sensor07→gatewayA;sensor08→gatewayA;sensor09→gatewayA,653063214fd849c6,95.78783347365511,88.27686784832848,95.67318498538998,9,True,True,True,9,1,0.5833333333333334,False,False
2024-12,95,85,retrospective_oracle,exact,2024-12,Optimal,9,sensor01→gatewayA;sensor02→gatewayC;sensor03→gatewayC;sensor04→gatewayA;sensor05→gatewayA;sensor06→gatewayA;sensor07→gatewayC;sensor08→gatewayA;sensor09→gatewayA,6d0e4a795f1bf86d,97.14623204614283,91.63792078030212,97.65607134690144,9,True,True,True,9,0,1.0,False,False
2024-12,98,90,previous_month,proposed,2024-11,Feasible,11,sensor01→gatewayA;sensor01→gatewayC;sensor02→gatewayC;sensor03→gatewayC;sensor04→gatewayC;sensor05→gatewayA;sensor06→gatewayA;sensor07→gatewayC;sensor08→gatewayA;sensor08→gatewayB;sensor09→gatewayA,49b672db7308a770,95.38194749871197,65.05382567426786,99.4054296612071,9,False,False,False,10,1,0.75,False,False
2024-12,98,90,expanding_window,proposed,2024-02;2024-03;2024-04;2024-05;2024-06;2024-07;2024-08;2024-09;2024-10;2024-11,Feasible,13,sensor01→gatewayA;sensor01→gatewayC;sensor02→gatewayA;sensor02→gatewayC;sensor03→gatewayA;sensor04→gatewayA;sensor04→gatewayC;sensor05→gatewayA;sensor06→gatewayA;sensor07→gatewayA;sensor08→gatewayA;sensor08→gatewayB;sensor09→gatewayA,b895b38864b202d9,97.8172633483708,88.27686784832848,99.91746256337696,9,False,False,False,10,3,0.5333333333333333,False,False
2024-12,98,90,previous_month,multicover,2024-11,Feasible,11,sensor01→gatewayA;sensor01→gatewayC;sensor02→gatewayC;sensor03→gatewayC;sensor04→gatewayC;sensor05→gatewayA;sensor06→gatewayA;sensor07→gatewayC;sensor08→gatewayA;sensor08→gatewayB;sensor09→gatewayA,49b672db7308a770,95.38194749871197,65.05382567426786,99.4054296612071,9,False,False,False,10,1,0.75,False,False
2024-12,98,90,expanding_window,multicover,2024-02;2024-03;2024-04;2024-05;2024-06;2024-07;2024-08;2024-09;2024-10;2024-11,Feasible,13,sensor01→gatewayA;sensor01→gatewayC;sensor02→gatewayA;sensor02→gatewayC;sensor03→gatewayA;sensor04→gatewayA;sensor04→gatewayC;sensor05→gatewayA;sensor06→gatewayA;sensor07→gatewayA;sensor08→gatewayA;sensor08→gatewayB;sensor09→gatewayA,b895b38864b202d9,97.8172633483708,88.27686784832848,99.91746256337696,9,False,False,False,10,3,0.5333333333333333,False,False
2024-12,98,90,previous_month,coverage_only,2024-11,Feasible,11,sensor01→gatewayA;sensor01→gatewayC;sensor02→gatewayC;sensor03→gatewayC;sensor04→gatewayC;sensor05→gatewayA;sensor06→gatewayA;sensor07→gatewayC;sensor08→gatewayA;sensor08→gatewayB;sensor09→gatewayA,49b672db7308a770,95.38194749871197,65.05382567426786,99.4054296612071,9,False,False,False,10,1,0.75,False,False
2024-12,98,90,expanding_window,coverage_only,2024-02;2024-03;2024-04;2024-05;2024-06;2024-07;2024-08;2024-09;2024-10;2024-11,Feasible,13,sensor01→gatewayA;sensor01→gatewayC;sensor02→gatewayA;sensor02→gatewayC;sensor03→gatewayA;sensor04→gatewayA;sensor04→gatewayC;sensor05→gatewayA;sensor06→gatewayA;sensor07→gatewayA;sensor08→gatewayA;sensor08→gatewayB;sensor09→gatewayA,b895b38864b202d9,97.8172633483708,88.27686784832848,99.91746256337696,9,False,False,False,10,3,0.5333333333333333,False,False
2024-12,98,90,previous_month,exact,2024-11,Optimal,11,sensor01→gatewayA;sensor01→gatewayC;sensor02→gatewayC;sensor03→gatewayC;sensor04→gatewayC;sensor05→gatewayA;sensor06→gatewayA;sensor07→gatewayC;sensor08→gatewayA;sensor08→gatewayB;sensor09→gatewayA,49b672db7308a770,95.38194749871197,65.05382567426786,99.4054296612071,9,False,False,False,10,1,0.75,False,False
2024-12,98,90,expanding_window,exact,2024-02;2024-03;2024-04;2024-05;2024-06;2024-07;2024-08;2024-09;2024-10;2024-11,Optimal,13,sensor01→gatewayA;sensor01→gatewayC;sensor02→gatewayA;sensor02→gatewayC;sensor03→gatewayA;sensor04→gatewayA;sensor04→gatewayC;sensor05→gatewayA;sensor06→gatewayA;sensor07→gatewayA;sensor08→gatewayA;sensor08→gatewayB;sensor09→gatewayA,b895b38864b202d9,97.8172633483708,88.27686784832848,99.91746256337696,9,False,False,False,10,3,0.5333333333333333,False,False
2024-12,98,90,frozen_initial_window,proposed,2024-02;2024-03;2024-04,Feasible,14,sensor01→gatewayA;sensor01→gatewayC;sensor02→gatewayA;sensor02→gatewayC;sensor03→gatewayA;sensor03→gatewayC;sensor04→gatewayA;sensor04→gatewayC;sensor05→gatewayA;sensor06→gatewayA;sensor07→gatewayA;sensor08→gatewayA;sensor08→gatewayB;sensor09→gatewayA,41373d6960c195b8,99.13042385553977,95.67318498538998,99.92018244013683,9,True,True,True,10,4,0.6,False,False
2024-12,98,90,frozen_initial_window,multicover,2024-02;2024-03;2024-04,Feasible,14,sensor01→gatewayA;sensor01→gatewayC;sensor02→gatewayA;sensor02→gatewayC;sensor03→gatewayA;sensor03→gatewayC;sensor04→gatewayA;sensor04→gatewayC;sensor05→gatewayA;sensor06→gatewayA;sensor07→gatewayA;sensor08→gatewayA;sensor08→gatewayB;sensor09→gatewayA,41373d6960c195b8,99.13042385553977,95.67318498538998,99.92018244013683,9,True,True,True,10,4,0.6,False,False
2024-12,98,90,frozen_initial_window,coverage_only,2024-02;2024-03;2024-04,Feasible,14,sensor01→gatewayA;sensor01→gatewayC;sensor02→gatewayA;sensor02→gatewayC;sensor03→gatewayA;sensor03→gatewayC;sensor04→gatewayA;sensor04→gatewayC;sensor05→gatewayA;sensor06→gatewayA;sensor07→gatewayA;sensor08→gatewayA;sensor08→gatewayB;sensor09→gatewayA,41373d6960c195b8,99.13042385553977,95.67318498538998,99.92018244013683,9,True,True,True,10,4,0.6,False,False
2024-12,98,90,retrospective_oracle,exact,2024-12,Optimal,10,sensor01→gatewayA;sensor02→gatewayC;sensor03→gatewayC;sensor04→gatewayA;sensor05→gatewayA;sensor06→gatewayA;sensor07→gatewayC;sensor08→gatewayA;sensor08→gatewayB;sensor09→gatewayA,2adfdcc54660abe9,98.02963093278377,94.0926777502653,98.94357743097238,9,True,True,True,10,0,1.0,False,False
2025-01,90,80,previous_month,proposed,2024-12,Feasible,9,sensor01→gatewayA;sensor02→gatewayC;sensor03→gatewayC;sensor04→gatewayA;sensor05→gatewayA;sensor06→gatewayA;sensor07→gatewayC;sensor08→gatewayA;sensor09→gatewayA,6d0e4a795f1bf86d,94.76627545390711,87.03682590354578,97.50337381916329,9,True,True,True,9,0,0.6363636363636364,False,False
2025-01,90,80,expanding_window,proposed,2024-02;2024-03;2024-04;2024-05;2024-06;2024-07;2024-08;2024-09;2024-10;2024-11;2024-12,Feasible,9,sensor01→gatewayA;sensor02→gatewayC;sensor03→gatewayA;sensor04→gatewayA;sensor05→gatewayA;sensor06→gatewayA;sensor07→gatewayA;sensor08→gatewayA;sensor09→gatewayA,a3ace494bf9be893,93.99262714414685,86.6232746044215,92.97685554668794,9,True,True,True,9,0,0.6363636363636364,False,False
2025-01,90,80,previous_month,multicover,2024-12,Feasible,9,sensor01→gatewayA;sensor02→gatewayC;sensor03→gatewayC;sensor04→gatewayA;sensor05→gatewayA;sensor06→gatewayA;sensor07→gatewayC;sensor08→gatewayA;sensor09→gatewayA,6d0e4a795f1bf86d,94.76627545390711,87.03682590354578,97.50337381916329,9,True,True,True,9,0,0.6363636363636364,False,False
2025-01,90,80,expanding_window,multicover,2024-02;2024-03;2024-04;2024-05;2024-06;2024-07;2024-08;2024-09;2024-10;2024-11;2024-12,Feasible,9,sensor01→gatewayA;sensor02→gatewayC;sensor03→gatewayA;sensor04→gatewayA;sensor05→gatewayA;sensor06→gatewayA;sensor07→gatewayA;sensor08→gatewayA;sensor09→gatewayA,a3ace494bf9be893,93.99262714414685,86.6232746044215,92.97685554668794,9,True,True,True,9,0,0.6363636363636364,False,False
2025-01,90,80,previous_month,coverage_only,2024-12,Feasible,9,sensor01→gatewayA;sensor02→gatewayC;sensor03→gatewayC;sensor04→gatewayA;sensor05→gatewayA;sensor06→gatewayA;sensor07→gatewayC;sensor08→gatewayA;sensor09→gatewayA,6d0e4a795f1bf86d,94.76627545390711,87.03682590354578,97.50337381916329,9,True,True,True,9,0,0.6363636363636364,False,False
2025-01,90,80,expanding_window,coverage_only,2024-02;2024-03;2024-04;2024-05;2024-06;2024-07;2024-08;2024-09;2024-10;2024-11;2024-12,Feasible,9,sensor01→gatewayA;sensor02→gatewayC;sensor03→gatewayA;sensor04→gatewayA;sensor05→gatewayA;sensor06→gatewayA;sensor07→gatewayA;sensor08→gatewayA;sensor09→gatewayA,a3ace494bf9be893,93.99262714414685,86.6232746044215,92.97685554668794,9,True,True,True,9,0,0.6363636363636364,False,False
2025-01,90,80,previous_month,exact,2024-12,Optimal,9,sensor01→gatewayA;sensor02→gatewayC;sensor03→gatewayC;sensor04→gatewayA;sensor05→gatewayA;sensor06→gatewayA;sensor07→gatewayC;sensor08→gatewayA;sensor09→gatewayA,6d0e4a795f1bf86d,94.76627545390711,87.03682590354578,97.50337381916329,9,True,True,True,9,0,0.6363636363636364,False,False
2025-01,90,80,expanding_window,exact,2024-02;2024-03;2024-04;2024-05;2024-06;2024-07;2024-08;2024-09;2024-10;2024-11;2024-12,Optimal,9,sensor01→gatewayA;sensor02→gatewayC;sensor03→gatewayA;sensor04→gatewayA;sensor05→gatewayA;sensor06→gatewayA;sensor07→gatewayA;sensor08→gatewayA;sensor09→gatewayA,a3ace494bf9be893,93.99262714414685,86.6232746044215,92.97685554668794,9,True,True,True,9,0,0.6363636363636364,False,False
2025-01,90,80,frozen_initial_window,proposed,2024-02;2024-03;2024-04,Feasible,9,sensor01→gatewayA;sensor02→gatewayA;sensor03→gatewayA;sensor04→gatewayA;sensor05→gatewayA;sensor06→gatewayA;sensor07→gatewayA;sensor08→gatewayA;sensor09→gatewayA,5116df5a05fbbfe0,90.66857257498245,74.21371549485428,91.83225649152749,9,True,False,False,9,0,0.5,False,False
2025-01,90,80,frozen_initial_window,multicover,2024-02;2024-03;2024-04,Feasible,9,sensor01→gatewayA;sensor02→gatewayA;sensor03→gatewayA;sensor04→gatewayA;sensor05→gatewayA;sensor06→gatewayA;sensor07→gatewayA;sensor08→gatewayA;sensor09→gatewayA,5116df5a05fbbfe0,90.66857257498245,74.21371549485428,91.83225649152749,9,True,False,False,9,0,0.5,False,False
2025-01,90,80,frozen_initial_window,coverage_only,2024-02;2024-03;2024-04,Feasible,9,sensor01→gatewayA;sensor02→gatewayA;sensor03→gatewayA;sensor04→gatewayA;sensor05→gatewayA;sensor06→gatewayA;sensor07→gatewayA;sensor08→gatewayA;sensor09→gatewayA,5116df5a05fbbfe0,90.66857257498245,74.21371549485428,91.83225649152749,9,True,False,False,9,0,0.5,False,False
2025-01,90,80,retrospective_oracle,exact,2025-01,Optimal,9,sensor01→gatewayA;sensor02→gatewayC;sensor03→gatewayC;sensor04→gatewayC;sensor05→gatewayA;sensor06→gatewayA;sensor07→gatewayA;sensor08→gatewayA;sensor09→gatewayA,2d610032a3e50ee7,95.83584110743304,89.95226452439167,97.50337381916329,9,True,True,True,9,0,1.0,False,False
2025-01,95,85,previous_month,proposed,2024-12,Feasible,9,sensor01→gatewayA;sensor02→gatewayC;sensor03→gatewayC;sensor04→gatewayA;sensor05→gatewayA;sensor06→gatewayA;sensor07→gatewayC;sensor08→gatewayA;sensor09→gatewayA,6d0e4a795f1bf86d,94.76627545390711,87.03682590354578,97.50337381916329,9,False,True,False,9,0,0.6363636363636364,False,False
2025-01,95,85,expanding_window,proposed,2024-02;2024-03;2024-04;2024-05;2024-06;2024-07;2024-08;2024-09;2024-10;2024-11;2024-12,Feasible,10,sensor01→gatewayA;sensor02→gatewayC;sensor03→gatewayA;sensor04→gatewayA;sensor04→gatewayC;sensor05→gatewayA;sensor06→gatewayA;sensor07→gatewayA;sensor08→gatewayA;sensor09→gatewayA,947350bea811764a,95.28036914434747,86.6232746044215,97.50337381916329,9,True,True,True,9,1,0.7272727272727273,False,False
2025-01,95,85,previous_month,multicover,2024-12,Feasible,9,sensor01→gatewayA;sensor02→gatewayC;sensor03→gatewayC;sensor04→gatewayA;sensor05→gatewayA;sensor06→gatewayA;sensor07→gatewayC;sensor08→gatewayA;sensor09→gatewayA,6d0e4a795f1bf86d,94.76627545390711,87.03682590354578,97.50337381916329,9,False,True,False,9,0,0.6363636363636364,False,False
2025-01,95,85,expanding_window,multicover,2024-02;2024-03;2024-04;2024-05;2024-06;2024-07;2024-08;2024-09;2024-10;2024-11;2024-12,Feasible,10,sensor01→gatewayA;sensor01→gatewayC;sensor02→gatewayC;sensor03→gatewayA;sensor04→gatewayA;sensor05→gatewayA;sensor06→gatewayA;sensor07→gatewayA;sensor08→gatewayA;sensor09→gatewayA,00dd8567cdb1d3d3,95.05466947537366,86.6232746044215,97.50337381916329,9,True,True,True,9,1,0.5833333333333334,False,False
2025-01,95,85,previous_month,coverage_only,2024-12,Feasible,9,sensor01→gatewayA;sensor02→gatewayC;sensor03→gatewayC;sensor04→gatewayA;sensor05→gatewayA;sensor06→gatewayA;sensor07→gatewayC;sensor08→gatewayA;sensor09→gatewayA,6d0e4a795f1bf86d,94.76627545390711,87.03682590354578,97.50337381916329,9,False,True,False,9,0,0.6363636363636364,False,False
2025-01,95,85,expanding_window,coverage_only,2024-02;2024-03;2024-04;2024-05;2024-06;2024-07;2024-08;2024-09;2024-10;2024-11;2024-12,Feasible,10,sensor01→gatewayA;sensor02→gatewayC;sensor03→gatewayA;sensor04→gatewayA;sensor04→gatewayC;sensor05→gatewayA;sensor06→gatewayA;sensor07→gatewayA;sensor08→gatewayA;sensor09→gatewayA,947350bea811764a,95.28036914434747,86.6232746044215,97.50337381916329,9,True,True,True,9,1,0.7272727272727273,False,False
2025-01,95,85,previous_month,exact,2024-12,Optimal,9,sensor01→gatewayA;sensor02→gatewayC;sensor03→gatewayC;sensor04→gatewayA;sensor05→gatewayA;sensor06→gatewayA;sensor07→gatewayC;sensor08→gatewayA;sensor09→gatewayA,6d0e4a795f1bf86d,94.76627545390711,87.03682590354578,97.50337381916329,9,False,True,False,9,0,0.6363636363636364,False,False
2025-01,95,85,expanding_window,exact,2024-02;2024-03;2024-04;2024-05;2024-06;2024-07;2024-08;2024-09;2024-10;2024-11;2024-12,Optimal,10,sensor01→gatewayA;sensor02→gatewayC;sensor03→gatewayA;sensor04→gatewayA;sensor04→gatewayC;sensor05→gatewayA;sensor06→gatewayA;sensor07→gatewayA;sensor08→gatewayA;sensor09→gatewayA,947350bea811764a,95.28036914434747,86.6232746044215,97.50337381916329,9,True,True,True,9,1,0.7272727272727273,False,False
2025-01,95,85,frozen_initial_window,proposed,2024-02;2024-03;2024-04,Feasible,10,sensor01→gatewayA;sensor02→gatewayA;sensor02→gatewayC;sensor03→gatewayA;sensor04→gatewayA;sensor05→gatewayA;sensor06→gatewayA;sensor07→gatewayA;sensor08→gatewayA;sensor09→gatewayA,653063214fd849c6,94.03024375564249,86.6232746044215,92.97685554668794,9,False,True,False,9,1,0.5833333333333334,False,False
2025-01,95,85,frozen_initial_window,multicover,2024-02;2024-03;2024-04,Feasible,10,sensor01→gatewayA;sensor02→gatewayA;sensor02→gatewayC;sensor03→gatewayA;sensor04→gatewayA;sensor05→gatewayA;sensor06→gatewayA;sensor07→gatewayA;sensor08→gatewayA;sensor09→gatewayA,653063214fd849c6,94.03024375564249,86.6232746044215,92.97685554668794,9,False,True,False,9,1,0.5833333333333334,False,False
2025-01,95,85,frozen_initial_window,coverage_only,2024-02;2024-03;2024-04,Feasible,10,sensor01→gatewayA;sensor02→gatewayA;sensor02→gatewayC;sensor03→gatewayA;sensor04→gatewayA;sensor05→gatewayA;sensor06→gatewayA;sensor07→gatewayA;sensor08→gatewayA;sensor09→gatewayA,653063214fd849c6,94.03024375564249,86.6232746044215,92.97685554668794,9,False,True,False,9,1,0.5833333333333334,False,False
2025-01,95,85,retrospective_oracle,exact,2025-01,Optimal,9,sensor01→gatewayA;sensor02→gatewayC;sensor03→gatewayC;sensor04→gatewayC;sensor05→gatewayA;sensor06→gatewayA;sensor07→gatewayA;sensor08→gatewayA;sensor09→gatewayA,2d610032a3e50ee7,95.83584110743304,89.95226452439167,97.50337381916329,9,True,True,True,9,0,1.0,False,False
2025-01,98,90,previous_month,proposed,2024-12,Feasible,10,sensor01→gatewayA;sensor02→gatewayC;sensor03→gatewayC;sensor04→gatewayA;sensor05→gatewayA;sensor06→gatewayA;sensor07→gatewayC;sensor08→gatewayA;sensor08→gatewayB;sensor09→gatewayA,2adfdcc54660abe9,95.60637977730966,87.03682590354578,98.16732119481138,9,False,False,False,12,-2,0.6923076923076923,False,False
2025-01,98,90,expanding_window,proposed,2024-02;2024-03;2024-04;2024-05;2024-06;2024-07;2024-08;2024-09;2024-10;2024-11;2024-12,Feasible,13,sensor01→gatewayA;sensor01→gatewayC;sensor02→gatewayA;sensor02→gatewayC;sensor03→gatewayA;sensor04→gatewayA;sensor04→gatewayC;sensor05→gatewayA;sensor06→gatewayA;sensor07→gatewayA;sensor08→gatewayA;sensor08→gatewayB;sensor09→gatewayA,b895b38864b202d9,97.22013241047246,86.6232746044215,99.80738726489916,9,False,False,False,12,1,0.7857142857142857,False,False
2025-01,98,90,previous_month,multicover,2024-12,Feasible,10,sensor01→gatewayA;sensor02→gatewayC;sensor03→gatewayC;sensor04→gatewayA;sensor05→gatewayA;sensor06→gatewayA;sensor07→gatewayC;sensor08→gatewayA;sensor08→gatewayB;sensor09→gatewayA,2adfdcc54660abe9,95.60637977730966,87.03682590354578,98.16732119481138,9,False,False,False,12,-2,0.6923076923076923,False,False
2025-01,98,90,expanding_window,multicover,2024-02;2024-03;2024-04;2024-05;2024-06;2024-07;2024-08;2024-09;2024-10;2024-11;2024-12,Feasible,13,sensor01→gatewayA;sensor01→gatewayC;sensor02→gatewayA;sensor02→gatewayC;sensor03→gatewayA;sensor04→gatewayA;sensor04→gatewayC;sensor05→gatewayA;sensor06→gatewayA;sensor07→gatewayA;sensor08→gatewayA;sensor08→gatewayB;sensor09→gatewayA,b895b38864b202d9,97.22013241047246,86.6232746044215,99.80738726489916,9,False,False,False,12,1,0.7857142857142857,False,False
2025-01,98,90,previous_month,coverage_only,2024-12,Feasible,10,sensor01→gatewayA;sensor02→gatewayC;sensor03→gatewayC;sensor04→gatewayA;sensor05→gatewayA;sensor06→gatewayA;sensor07→gatewayC;sensor08→gatewayA;sensor08→gatewayB;sensor09→gatewayA,2adfdcc54660abe9,95.60637977730966,87.03682590354578,98.16732119481138,9,False,False,False,12,-2,0.6923076923076923,False,False
2025-01,98,90,expanding_window,coverage_only,2024-02;2024-03;2024-04;2024-05;2024-06;2024-07;2024-08;2024-09;2024-10;2024-11;2024-12,Feasible,13,sensor01→gatewayA;sensor01→gatewayC;sensor02→gatewayA;sensor02→gatewayC;sensor03→gatewayA;sensor04→gatewayA;sensor04→gatewayC;sensor05→gatewayA;sensor06→gatewayA;sensor07→gatewayA;sensor08→gatewayA;sensor08→gatewayB;sensor09→gatewayA,b895b38864b202d9,97.22013241047246,86.6232746044215,99.80738726489916,9,False,False,False,12,1,0.7857142857142857,False,False
2025-01,98,90,previous_month,exact,2024-12,Optimal,10,sensor01→gatewayA;sensor02→gatewayC;sensor03→gatewayC;sensor04→gatewayA;sensor05→gatewayA;sensor06→gatewayA;sensor07→gatewayC;sensor08→gatewayA;sensor08→gatewayB;sensor09→gatewayA,2adfdcc54660abe9,95.60637977730966,87.03682590354578,98.16732119481138,9,False,False,False,12,-2,0.6923076923076923,False,False
2025-01,98,90,expanding_window,exact,2024-02;2024-03;2024-04;2024-05;2024-06;2024-07;2024-08;2024-09;2024-10;2024-11;2024-12,Optimal,13,sensor01→gatewayA;sensor01→gatewayC;sensor02→gatewayA;sensor02→gatewayC;sensor03→gatewayA;sensor04→gatewayA;sensor04→gatewayC;sensor05→gatewayA;sensor06→gatewayA;sensor07→gatewayA;sensor08→gatewayA;sensor08→gatewayB;sensor09→gatewayA,b895b38864b202d9,97.22013241047246,86.6232746044215,99.80738726489916,9,False,False,False,12,1,0.7857142857142857,False,False
2025-01,98,90,frozen_initial_window,proposed,2024-02;2024-03;2024-04,Feasible,14,sensor01→gatewayA;sensor01→gatewayC;sensor02→gatewayA;sensor02→gatewayC;sensor03→gatewayA;sensor03→gatewayC;sensor04→gatewayA;sensor04→gatewayC;sensor05→gatewayA;sensor06→gatewayA;sensor07→gatewayA;sensor08→gatewayA;sensor08→gatewayB;sensor09→gatewayA,41373d6960c195b8,98.71476577389909,92.97685554668794,99.8137152171382,9,True,True,True,12,2,0.8571428571428571,False,False
2025-01,98,90,frozen_initial_window,multicover,2024-02;2024-03;2024-04,Feasible,14,sensor01→gatewayA;sensor01→gatewayC;sensor02→gatewayA;sensor02→gatewayC;sensor03→gatewayA;sensor03→gatewayC;sensor04→gatewayA;sensor04→gatewayC;sensor05→gatewayA;sensor06→gatewayA;sensor07→gatewayA;sensor08→gatewayA;sensor08→gatewayB;sensor09→gatewayA,41373d6960c195b8,98.71476577389909,92.97685554668794,99.8137152171382,9,True,True,True,12,2,0.8571428571428571,False,False
2025-01,98,90,frozen_initial_window,coverage_only,2024-02;2024-03;2024-04,Feasible,14,sensor01→gatewayA;sensor01→gatewayC;sensor02→gatewayA;sensor02→gatewayC;sensor03→gatewayA;sensor03→gatewayC;sensor04→gatewayA;sensor04→gatewayC;sensor05→gatewayA;sensor06→gatewayA;sensor07→gatewayA;sensor08→gatewayA;sensor08→gatewayB;sensor09→gatewayA,41373d6960c195b8,98.71476577389909,92.97685554668794,99.8137152171382,9,True,True,True,12,2,0.8571428571428571,False,False
2025-01,98,90,retrospective_oracle,exact,2025-01,Optimal,12,sensor01→gatewayA;sensor01→gatewayC;sensor02→gatewayC;sensor03→gatewayC;sensor04→gatewayA;sensor04→gatewayC;sensor05→gatewayA;sensor06→gatewayA;sensor07→gatewayA;sensor08→gatewayA;sensor08→gatewayB;sensor09→gatewayA,bad09bf65c2cefba,98.6094392617113,92.97685554668794,99.71145522746946,9,True,True,True,12,0,1.0,False,False
2025-02,90,80,previous_month,proposed,2025-01,Feasible,9,sensor01→gatewayA;sensor02→gatewayC;sensor03→gatewayC;sensor04→gatewayC;sensor05→gatewayA;sensor06→gatewayA;sensor07→gatewayA;sensor08→gatewayA;sensor09→gatewayA,2d610032a3e50ee7,94.4545078971621,79.88614800759014,97.50425411230856,9,True,False,False,9,0,0.6363636363636364,False,False
2025-02,90,80,expanding_window,proposed,2024-02;2024-03;2024-04;2024-05;2024-06;2024-07;2024-08;2024-09;2024-10;2024-11;2024-12;2025-01,Feasible,9,sensor01→gatewayA;sensor02→gatewayC;sensor03→gatewayA;sensor04→gatewayA;sensor05→gatewayA;sensor06→gatewayA;sensor07→gatewayA;sensor08→gatewayA;sensor09→gatewayA,a3ace494bf9be893,93.89042488956684,83.10935068609422,93.20178819176814,9,True,True,True,9,0,0.6363636363636364,False,False
2025-02,90,80,previous_month,multicover,2025-01,Feasible,9,sensor01→gatewayA;sensor02→gatewayC;sensor03→gatewayC;sensor04→gatewayC;sensor05→gatewayA;sensor06→gatewayA;sensor07→gatewayA;sensor08→gatewayA;sensor09→gatewayA,2d610032a3e50ee7,94.4545078971621,79.88614800759014,97.50425411230856,9,True,False,False,9,0,0.6363636363636364,False,False
2025-02,90,80,expanding_window,multicover,2024-02;2024-03;2024-04;2024-05;2024-06;2024-07;2024-08;2024-09;2024-10;2024-11;2024-12;2025-01,Feasible,9,sensor01→gatewayA;sensor02→gatewayC;sensor03→gatewayA;sensor04→gatewayA;sensor05→gatewayA;sensor06→gatewayA;sensor07→gatewayA;sensor08→gatewayA;sensor09→gatewayA,a3ace494bf9be893,93.89042488956684,83.10935068609422,93.20178819176814,9,True,True,True,9,0,0.6363636363636364,False,False
2025-02,90,80,previous_month,coverage_only,2025-01,Feasible,9,sensor01→gatewayA;sensor02→gatewayC;sensor03→gatewayC;sensor04→gatewayC;sensor05→gatewayA;sensor06→gatewayA;sensor07→gatewayA;sensor08→gatewayA;sensor09→gatewayA,2d610032a3e50ee7,94.4545078971621,79.88614800759014,97.50425411230856,9,True,False,False,9,0,0.6363636363636364,False,False
2025-02,90,80,expanding_window,coverage_only,2024-02;2024-03;2024-04;2024-05;2024-06;2024-07;2024-08;2024-09;2024-10;2024-11;2024-12;2025-01,Feasible,9,sensor01→gatewayA;sensor02→gatewayC;sensor03→gatewayA;sensor04→gatewayA;sensor05→gatewayA;sensor06→gatewayA;sensor07→gatewayA;sensor08→gatewayA;sensor09→gatewayA,a3ace494bf9be893,93.89042488956684,83.10935068609422,93.20178819176814,9,True,True,True,9,0,0.6363636363636364,False,False
2025-02,90,80,previous_month,exact,2025-01,Optimal,9,sensor01→gatewayA;sensor02→gatewayC;sensor03→gatewayC;sensor04→gatewayC;sensor05→gatewayA;sensor06→gatewayA;sensor07→gatewayA;sensor08→gatewayA;sensor09→gatewayA,2d610032a3e50ee7,94.4545078971621,79.88614800759014,97.50425411230856,9,True,False,False,9,0,0.6363636363636364,False,False
2025-02,90,80,expanding_window,exact,2024-02;2024-03;2024-04;2024-05;2024-06;2024-07;2024-08;2024-09;2024-10;2024-11;2024-12;2025-01,Optimal,9,sensor01→gatewayA;sensor02→gatewayC;sensor03→gatewayA;sensor04→gatewayA;sensor05→gatewayA;sensor06→gatewayA;sensor07→gatewayA;sensor08→gatewayA;sensor09→gatewayA,a3ace494bf9be893,93.89042488956684,83.10935068609422,93.20178819176814,9,True,True,True,9,0,0.6363636363636364,False,False
2025-02,90,80,frozen_initial_window,proposed,2024-02;2024-03;2024-04,Feasible,9,sensor01→gatewayA;sensor02→gatewayA;sensor03→gatewayA;sensor04→gatewayA;sensor05→gatewayA;sensor06→gatewayA;sensor07→gatewayA;sensor08→gatewayA;sensor09→gatewayA,5116df5a05fbbfe0,90.75380557409349,75.7825770444067,92.07157404713413,9,True,False,False,9,0,0.5,False,False
2025-02,90,80,frozen_initial_window,multicover,2024-02;2024-03;2024-04,Feasible,9,sensor01→gatewayA;sensor02→gatewayA;sensor03→gatewayA;sensor04→gatewayA;sensor05→gatewayA;sensor06→gatewayA;sensor07→gatewayA;sensor08→gatewayA;sensor09→gatewayA,5116df5a05fbbfe0,90.75380557409349,75.7825770444067,92.07157404713413,9,True,False,False,9,0,0.5,False,False
2025-02,90,80,frozen_initial_window,coverage_only,2024-02;2024-03;2024-04,Feasible,9,sensor01→gatewayA;sensor02→gatewayA;sensor03→gatewayA;sensor04→gatewayA;sensor05→gatewayA;sensor06→gatewayA;sensor07→gatewayA;sensor08→gatewayA;sensor09→gatewayA,5116df5a05fbbfe0,90.75380557409349,75.7825770444067,92.07157404713413,9,True,False,False,9,0,0.5,False,False
2025-02,90,80,retrospective_oracle,exact,2025-02,Optimal,9,sensor01→gatewayA;sensor02→gatewayC;sensor03→gatewayC;sensor04→gatewayA;sensor05→gatewayC;sensor06→gatewayA;sensor07→gatewayA;sensor08→gatewayA;sensor09→gatewayA,823aa75312ac599f,95.81307401404646,89.51121675828257,97.6004799040192,9,True,True,True,9,0,1.0,False,False
2025-02,95,85,previous_month,proposed,2025-01,Feasible,9,sensor01→gatewayA;sensor02→gatewayC;sensor03→gatewayC;sensor04→gatewayC;sensor05→gatewayA;sensor06→gatewayA;sensor07→gatewayA;sensor08→gatewayA;sensor09→gatewayA,2d610032a3e50ee7,94.4545078971621,79.88614800759014,97.50425411230856,9,False,False,False,9,0,0.6363636363636364,False,False
2025-02,95,85,expanding_window,proposed,2024-02;2024-03;2024-04;2024-05;2024-06;2024-07;2024-08;2024-09;2024-10;2024-11;2024-12;2025-01,Feasible,10,sensor01→gatewayA;sensor02→gatewayC;sensor03→gatewayA;sensor04→gatewayA;sensor04→gatewayC;sensor05→gatewayA;sensor06→gatewayA;sensor07→gatewayA;sensor08→gatewayA;sensor09→gatewayA,947350bea811764a,94.82473702609083,83.10935068609422,97.50425411230856,9,False,False,False,9,1,0.5833333333333334,False,False
2025-02,95,85,previous_month,multicover,2025-01,Feasible,9,sensor01→gatewayA;sensor02→gatewayC;sensor03→gatewayC;sensor04→gatewayC;sensor05→gatewayA;sensor06→gatewayA;sensor07→gatewayA;sensor08→gatewayA;sensor09→gatewayA,2d610032a3e50ee7,94.4545078971621,79.88614800759014,97.50425411230856,9,False,False,False,9,0,0.6363636363636364,False,False
2025-02,95,85,expanding_window,multicover,2024-02;2024-03;2024-04;2024-05;2024-06;2024-07;2024-08;2024-09;2024-10;2024-11;2024-12;2025-01,Feasible,10,sensor01→gatewayA;sensor01→gatewayC;sensor02→gatewayC;sensor03→gatewayA;sensor04→gatewayA;sensor05→gatewayA;sensor06→gatewayA;sensor07→gatewayA;sensor08→gatewayA;sensor09→gatewayA,00dd8567cdb1d3d3,95.01064607366447,83.10935068609422,97.50425411230856,9,True,False,False,9,1,0.5833333333333334,False,False
2025-02,95,85,previous_month,coverage_only,2025-01,Feasible,9,sensor01→gatewayA;sensor02→gatewayC;sensor03→gatewayC;sensor04→gatewayC;sensor05→gatewayA;sensor06→gatewayA;sensor07→gatewayA;sensor08→gatewayA;sensor09→gatewayA,2d610032a3e50ee7,94.4545078971621,79.88614800759014,97.50425411230856,9,False,False,False,9,0,0.6363636363636364,False,False
2025-02,95,85,expanding_window,coverage_only,2024-02;2024-03;2024-04;2024-05;2024-06;2024-07;2024-08;2024-09;2024-10;2024-11;2024-12;2025-01,Feasible,10,sensor01→gatewayA;sensor02→gatewayC;sensor03→gatewayA;sensor04→gatewayA;sensor04→gatewayC;sensor05→gatewayA;sensor06→gatewayA;sensor07→gatewayA;sensor08→gatewayA;sensor09→gatewayA,947350bea811764a,94.82473702609083,83.10935068609422,97.50425411230856,9,False,False,False,9,1,0.5833333333333334,False,False
2025-02,95,85,previous_month,exact,2025-01,Optimal,9,sensor01→gatewayA;sensor02→gatewayC;sensor03→gatewayC;sensor04→gatewayC;sensor05→gatewayA;sensor06→gatewayA;sensor07→gatewayA;sensor08→gatewayA;sensor09→gatewayA,2d610032a3e50ee7,94.4545078971621,79.88614800759014,97.50425411230856,9,False,False,False,9,0,0.6363636363636364,False,False
2025-02,95,85,expanding_window,exact,2024-02;2024-03;2024-04;2024-05;2024-06;2024-07;2024-08;2024-09;2024-10;2024-11;2024-12;2025-01,Optimal,10,sensor01→gatewayA;sensor02→gatewayC;sensor03→gatewayA;sensor04→gatewayA;sensor04→gatewayC;sensor05→gatewayA;sensor06→gatewayA;sensor07→gatewayA;sensor08→gatewayA;sensor09→gatewayA,947350bea811764a,94.82473702609083,83.10935068609422,97.50425411230856,9,False,False,False,9,1,0.5833333333333334,False,False
2025-02,95,85,frozen_initial_window,proposed,2024-02;2024-03;2024-04,Feasible,10,sensor01→gatewayA;sensor02→gatewayA;sensor02→gatewayC;sensor03→gatewayA;sensor04→gatewayA;sensor05→gatewayA;sensor06→gatewayA;sensor07→gatewayA;sensor08→gatewayA;sensor09→gatewayA,653063214fd849c6,93.92538214637557,83.10935068609422,93.20178819176814,9,False,False,False,9,1,0.5833333333333334,False,False
2025-02,95,85,frozen_initial_window,multicover,2024-02;2024-03;2024-04,Feasible,10,sensor01→gatewayA;sensor02→gatewayA;sensor02→gatewayC;sensor03→gatewayA;sensor04→gatewayA;sensor05→gatewayA;sensor06→gatewayA;sensor07→gatewayA;sensor08→gatewayA;sensor09→gatewayA,653063214fd849c6,93.92538214637557,83.10935068609422,93.20178819176814,9,False,False,False,9,1,0.5833333333333334,False,False
2025-02,95,85,frozen_initial_window,coverage_only,2024-02;2024-03;2024-04,Feasible,10,sensor01→gatewayA;sensor02→gatewayA;sensor02→gatewayC;sensor03→gatewayA;sensor04→gatewayA;sensor05→gatewayA;sensor06→gatewayA;sensor07→gatewayA;sensor08→gatewayA;sensor09→gatewayA,653063214fd849c6,93.92538214637557,83.10935068609422,93.20178819176814,9,False,False,False,9,1,0.5833333333333334,False,False
2025-02,95,85,retrospective_oracle,exact,2025-02,Optimal,9,sensor01→gatewayA;sensor02→gatewayC;sensor03→gatewayC;sensor04→gatewayA;sensor05→gatewayC;sensor06→gatewayA;sensor07→gatewayA;sensor08→gatewayA;sensor09→gatewayA,823aa75312ac599f,95.81307401404646,89.51121675828257,97.6004799040192,9,True,True,True,9,0,1.0,False,False
2025-02,98,90,previous_month,proposed,2025-01,Feasible,12,sensor01→gatewayA;sensor01→gatewayC;sensor02→gatewayC;sensor03→gatewayC;sensor04→gatewayA;sensor04→gatewayC;sensor05→gatewayA;sensor06→gatewayA;sensor07→gatewayA;sensor08→gatewayA;sensor08→gatewayB;sensor09→gatewayA,bad09bf65c2cefba,98.46505863285347,92.07157404713413,99.73307449648144,9,True,True,True,12,0,0.7142857142857143,False,False
2025-02,98,90,expanding_window,proposed,2024-02;2024-03;2024-04;2024-05;2024-06;2024-07;2024-08;2024-09;2024-10;2024-11;2024-12;2025-01,Feasible,14,sensor01→gatewayA;sensor01→gatewayC;sensor02→gatewayA;sensor02→gatewayC;sensor03→gatewayA;sensor03→gatewayC;sensor04→gatewayA;sensor04→gatewayC;sensor05→gatewayA;sensor06→gatewayA;sensor07→gatewayA;sensor08→gatewayA;sensor08→gatewayB;sensor09→gatewayA,41373d6960c195b8,98.57787523437251,92.07157404713413,99.98514336651314,9,True,True,True,12,2,0.625,False,False
2025-02,98,90,previous_month,multicover,2025-01,Feasible,12,sensor01→gatewayA;sensor01→gatewayC;sensor02→gatewayC;sensor03→gatewayC;sensor04→gatewayA;sensor04→gatewayC;sensor05→gatewayA;sensor05→gatewayC;sensor06→gatewayA;sensor07→gatewayA;sensor08→gatewayA;sensor09→gatewayA,a129a57a9d246b14,98.04398258493025,92.07157404713413,99.73307449648144,9,True,True,True,12,0,0.8461538461538461,False,False
2025-02,98,90,expanding_window,multicover,2024-02;2024-03;2024-04;2024-05;2024-06;2024-07;2024-08;2024-09;2024-10;2024-11;2024-12;2025-01,Feasible,14,sensor01→gatewayA;sensor01→gatewayC;sensor02→gatewayA;sensor02→gatewayC;sensor03→gatewayA;sensor03→gatewayC;sensor04→gatewayA;sensor04→gatewayC;sensor05→gatewayA;sensor05→gatewayC;sensor06→gatewayA;sensor07→gatewayA;sensor08→gatewayA;sensor09→gatewayA,ba90cfe0ea4dbeca,98.15679918644929,92.07157404713413,99.98514336651314,9,True,True,True,12,2,0.7333333333333333,False,False
2025-02,98,90,previous_month,coverage_only,2025-01,Feasible,12,sensor01→gatewayA;sensor01→gatewayC;sensor02→gatewayC;sensor03→gatewayC;sensor04→gatewayA;sensor04→gatewayC;sensor05→gatewayA;sensor06→gatewayA;sensor07→gatewayA;sensor08→gatewayA;sensor08→gatewayB;sensor09→gatewayA,bad09bf65c2cefba,98.46505863285347,92.07157404713413,99.73307449648144,9,True,True,True,12,0,0.7142857142857143,False,False
2025-02,98,90,expanding_window,coverage_only,2024-02;2024-03;2024-04;2024-05;2024-06;2024-07;2024-08;2024-09;2024-10;2024-11;2024-12;2025-01,Feasible,14,sensor01→gatewayA;sensor01→gatewayC;sensor02→gatewayA;sensor02→gatewayC;sensor03→gatewayA;sensor03→gatewayC;sensor04→gatewayA;sensor04→gatewayC;sensor05→gatewayA;sensor06→gatewayA;sensor07→gatewayA;sensor08→gatewayA;sensor08→gatewayB;sensor09→gatewayA,41373d6960c195b8,98.57787523437251,92.07157404713413,99.98514336651314,9,True,True,True,12,2,0.625,False,False
2025-02,98,90,previous_month,exact,2025-01,Optimal,12,sensor01→gatewayA;sensor01→gatewayC;sensor02→gatewayC;sensor03→gatewayC;sensor04→gatewayA;sensor04→gatewayC;sensor05→gatewayA;sensor06→gatewayA;sensor07→gatewayA;sensor08→gatewayA;sensor08→gatewayB;sensor09→gatewayA,bad09bf65c2cefba,98.46505863285347,92.07157404713413,99.73307449648144,9,True,True,True,12,0,0.7142857142857143,False,False
2025-02,98,90,expanding_window,exact,2024-02;2024-03;2024-04;2024-05;2024-06;2024-07;2024-08;2024-09;2024-10;2024-11;2024-12;2025-01,Optimal,14,sensor01→gatewayA;sensor01→gatewayC;sensor02→gatewayA;sensor02→gatewayC;sensor03→gatewayA;sensor03→gatewayC;sensor04→gatewayA;sensor04→gatewayC;sensor05→gatewayA;sensor06→gatewayA;sensor07→gatewayA;sensor08→gatewayA;sensor08→gatewayB;sensor09→gatewayA,41373d6960c195b8,98.57787523437251,92.07157404713413,99.98514336651314,9,True,True,True,12,2,0.625,False,False
2025-02,98,90,frozen_initial_window,proposed,2024-02;2024-03;2024-04,Feasible,14,sensor01→gatewayA;sensor01→gatewayC;sensor02→gatewayA;sensor02→gatewayC;sensor03→gatewayA;sensor03→gatewayC;sensor04→gatewayA;sensor04→gatewayC;sensor05→gatewayA;sensor06→gatewayA;sensor07→gatewayA;sensor08→gatewayA;sensor08→gatewayB;sensor09→gatewayA,41373d6960c195b8,98.57787523437251,92.07157404713413,99.98514336651314,9,True,True,True,12,2,0.625,False,False
2025-02,98,90,frozen_initial_window,multicover,2024-02;2024-03;2024-04,Feasible,14,sensor01→gatewayA;sensor01→gatewayC;sensor02→gatewayA;sensor02→gatewayC;sensor03→gatewayA;sensor03→gatewayC;sensor04→gatewayA;sensor04→gatewayC;sensor05→gatewayA;sensor06→gatewayA;sensor07→gatewayA;sensor08→gatewayA;sensor08→gatewayB;sensor09→gatewayA,41373d6960c195b8,98.57787523437251,92.07157404713413,99.98514336651314,9,True,True,True,12,2,0.625,False,False
2025-02,98,90,frozen_initial_window,coverage_only,2024-02;2024-03;2024-04,Feasible,14,sensor01→gatewayA;sensor01→gatewayC;sensor02→gatewayA;sensor02→gatewayC;sensor03→gatewayA;sensor03→gatewayC;sensor04→gatewayA;sensor04→gatewayC;sensor05→gatewayA;sensor06→gatewayA;sensor07→gatewayA;sensor08→gatewayA;sensor08→gatewayB;sensor09→gatewayA,41373d6960c195b8,98.57787523437251,92.07157404713413,99.98514336651314,9,True,True,True,12,2,0.625,False,False
2025-02,98,90,retrospective_oracle,exact,2025-02,Optimal,12,sensor01→gatewayA;sensor01→gatewayC;sensor02→gatewayC;sensor03→gatewayC;sensor04→gatewayA;sensor04→gatewayC;sensor05→gatewayC;sensor06→gatewayA;sensor07→gatewayA;sensor07→gatewayC;sensor08→gatewayA;sensor09→gatewayA,6ac371b889d7d8c1,98.7256490927003,93.20178819176814,99.73307449648144,9,True,True,True,12,0,1.0,False,False
2025-03,90,80,previous_month,proposed,2025-02,Feasible,9,sensor01→gatewayA;sensor02→gatewayC;sensor03→gatewayC;sensor04→gatewayA;sensor05→gatewayC;sensor06→gatewayA;sensor07→gatewayA;sensor08→gatewayA;sensor09→gatewayA,823aa75312ac599f,93.31817591269326,84.45589785638984,93.0018192844148,9,True,True,True,9,0,0.5,False,False
2025-03,90,80,expanding_window,proposed,2024-02;2024-03;2024-04;2024-05;2024-06;2024-07;2024-08;2024-09;2024-10;2024-11;2024-12;2025-01;2025-02,Feasible,9,sensor01→gatewayA;sensor02→gatewayC;sensor03→gatewayA;sensor04→gatewayA;sensor05→gatewayA;sensor06→gatewayA;sensor07→gatewayA;sensor08→gatewayA;sensor09→gatewayA,a3ace494bf9be893,93.18175912693258,84.72625828199465,93.0018192844148,9,True,True,True,9,0,0.5,False,False
2025-03,90,80,previous_month,multicover,2025-02,Feasible,9,sensor01→gatewayA;sensor02→gatewayC;sensor03→gatewayC;sensor04→gatewayA;sensor05→gatewayC;sensor06→gatewayA;sensor07→gatewayA;sensor08→gatewayA;sensor09→gatewayA,823aa75312ac599f,93.31817591269326,84.45589785638984,93.0018192844148,9,True,True,True,9,0,0.5,False,False
2025-03,90,80,expanding_window,multicover,2024-02;2024-03;2024-04;2024-05;2024-06;2024-07;2024-08;2024-09;2024-10;2024-11;2024-12;2025-01;2025-02,Feasible,9,sensor01→gatewayA;sensor02→gatewayC;sensor03→gatewayA;sensor04→gatewayA;sensor05→gatewayA;sensor06→gatewayA;sensor07→gatewayA;sensor08→gatewayA;sensor09→gatewayA,a3ace494bf9be893,93.18175912693258,84.72625828199465,93.0018192844148,9,True,True,True,9,0,0.5,False,False
2025-03,90,80,previous_month,coverage_only,2025-02,Feasible,9,sensor01→gatewayA;sensor02→gatewayC;sensor03→gatewayC;sensor04→gatewayA;sensor05→gatewayC;sensor06→gatewayA;sensor07→gatewayA;sensor08→gatewayA;sensor09→gatewayA,823aa75312ac599f,93.31817591269326,84.45589785638984,93.0018192844148,9,True,True,True,9,0,0.5,False,False
2025-03,90,80,expanding_window,coverage_only,2024-02;2024-03;2024-04;2024-05;2024-06;2024-07;2024-08;2024-09;2024-10;2024-11;2024-12;2025-01;2025-02,Feasible,9,sensor01→gatewayA;sensor02→gatewayC;sensor03→gatewayA;sensor04→gatewayA;sensor05→gatewayA;sensor06→gatewayA;sensor07→gatewayA;sensor08→gatewayA;sensor09→gatewayA,a3ace494bf9be893,93.18175912693258,84.72625828199465,93.0018192844148,9,True,True,True,9,0,0.5,False,False
2025-03,90,80,previous_month,exact,2025-02,Optimal,9,sensor01→gatewayA;sensor02→gatewayC;sensor03→gatewayC;sensor04→gatewayA;sensor05→gatewayC;sensor06→gatewayA;sensor07→gatewayA;sensor08→gatewayA;sensor09→gatewayA,823aa75312ac599f,93.31817591269326,84.45589785638984,93.0018192844148,9,True,True,True,9,0,0.5,False,False
2025-03,90,80,expanding_window,exact,2024-02;2024-03;2024-04;2024-05;2024-06;2024-07;2024-08;2024-09;2024-10;2024-11;2024-12;2025-01;2025-02,Optimal,9,sensor01→gatewayA;sensor02→gatewayC;sensor03→gatewayA;sensor04→gatewayA;sensor05→gatewayA;sensor06→gatewayA;sensor07→gatewayA;sensor08→gatewayA;sensor09→gatewayA,a3ace494bf9be893,93.18175912693258,84.72625828199465,93.0018192844148,9,True,True,True,9,0,0.5,False,False
2025-03,90,80,frozen_initial_window,proposed,2024-02;2024-03;2024-04,Feasible,9,sensor01→gatewayA;sensor02→gatewayA;sensor03→gatewayA;sensor04→gatewayA;sensor05→gatewayA;sensor06→gatewayA;sensor07→gatewayA;sensor08→gatewayA;sensor09→gatewayA,5116df5a05fbbfe0,90.42094322463298,78.44424549885606,92.73948302078054,9,True,False,False,9,0,0.38461538461538464,False,False
2025-03,90,80,frozen_initial_window,multicover,2024-02;2024-03;2024-04,Feasible,9,sensor01→gatewayA;sensor02→gatewayA;sensor03→gatewayA;sensor04→gatewayA;sensor05→gatewayA;sensor06→gatewayA;sensor07→gatewayA;sensor08→gatewayA;sensor09→gatewayA,5116df5a05fbbfe0,90.42094322463298,78.44424549885606,92.73948302078054,9,True,False,False,9,0,0.38461538461538464,False,False
2025-03,90,80,frozen_initial_window,coverage_only,2024-02;2024-03;2024-04,Feasible,9,sensor01→gatewayA;sensor02→gatewayA;sensor03→gatewayA;sensor04→gatewayA;sensor05→gatewayA;sensor06→gatewayA;sensor07→gatewayA;sensor08→gatewayA;sensor09→gatewayA,5116df5a05fbbfe0,90.42094322463298,78.44424549885606,92.73948302078054,9,True,False,False,9,0,0.38461538461538464,False,False
2025-03,90,80,retrospective_oracle,exact,2025-03,Optimal,9,sensor01→gatewayA;sensor02→gatewayC;sensor03→gatewayC;sensor04→gatewayC;sensor05→gatewayA;sensor06→gatewayA;sensor07→gatewayC;sensor08→gatewayA;sensor09→gatewayA,47454e12767c9b83,96.55190333896323,92.73948302078054,96.31757945350064,9,True,True,True,9,0,1.0,False,False
2025-03,95,85,previous_month,proposed,2025-02,Feasible,9,sensor01→gatewayA;sensor02→gatewayC;sensor03→gatewayC;sensor04→gatewayA;sensor05→gatewayC;sensor06→gatewayA;sensor07→gatewayA;sensor08→gatewayA;sensor09→gatewayA,823aa75312ac599f,93.31817591269326,84.45589785638984,93.0018192844148,9,False,False,False,9,0,0.5,False,False
2025-03,95,85,expanding_window,proposed,2024-02;2024-03;2024-04;2024-05;2024-06;2024-07;2024-08;2024-09;2024-10;2024-11;2024-12;2025-01;2025-02,Feasible,10,sensor01→gatewayA;sensor02→gatewayC;sensor03→gatewayA;sensor04→gatewayA;sensor04→gatewayC;sensor05→gatewayA;sensor06→gatewayA;sensor07→gatewayA;sensor08→gatewayA;sensor09→gatewayA,947350bea811764a,94.7005326750682,84.72625828199465,96.15525448553643,9,False,False,False,9,1,0.5833333333333334,False,False
2025-03,95,85,previous_month,multicover,2025-02,Feasible,9,sensor01→gatewayA;sensor02→gatewayC;sensor03→gatewayC;sensor04→gatewayA;sensor05→gatewayC;sensor06→gatewayA;sensor07→gatewayA;sensor08→gatewayA;sensor09→gatewayA,823aa75312ac599f,93.31817591269326,84.45589785638984,93.0018192844148,9,False,False,False,9,0,0.5,False,False
2025-03,95,85,expanding_window,multicover,2024-02;2024-03;2024-04;2024-05;2024-06;2024-07;2024-08;2024-09;2024-10;2024-11;2024-12;2025-01;2025-02,Feasible,10,sensor01→gatewayA;sensor01→gatewayC;sensor02→gatewayC;sensor03→gatewayA;sensor04→gatewayA;sensor05→gatewayA;sensor06→gatewayA;sensor07→gatewayA;sensor08→gatewayA;sensor09→gatewayA,00dd8567cdb1d3d3,93.92230739249058,84.72625828199465,96.15525448553643,9,False,False,False,9,1,0.46153846153846156,False,False
2025-03,95,85,previous_month,coverage_only,2025-02,Feasible,9,sensor01→gatewayA;sensor02→gatewayC;sensor03→gatewayC;sensor04→gatewayA;sensor05→gatewayC;sensor06→gatewayA;sensor07→gatewayA;sensor08→gatewayA;sensor09→gatewayA,823aa75312ac599f,93.31817591269326,84.45589785638984,93.0018192844148,9,False,False,False,9,0,0.5,False,False
2025-03,95,85,expanding_window,coverage_only,2024-02;2024-03;2024-04;2024-05;2024-06;2024-07;2024-08;2024-09;2024-10;2024-11;2024-12;2025-01;2025-02,Feasible,10,sensor01→gatewayA;sensor02→gatewayC;sensor03→gatewayA;sensor04→gatewayA;sensor04→gatewayC;sensor05→gatewayA;sensor06→gatewayA;sensor07→gatewayA;sensor08→gatewayA;sensor09→gatewayA,947350bea811764a,94.7005326750682,84.72625828199465,96.15525448553643,9,False,False,False,9,1,0.5833333333333334,False,False
2025-03,95,85,previous_month,exact,2025-02,Optimal,9,sensor01→gatewayA;sensor02→gatewayC;sensor03→gatewayC;sensor04→gatewayA;sensor05→gatewayC;sensor06→gatewayA;sensor07→gatewayA;sensor08→gatewayA;sensor09→gatewayA,823aa75312ac599f,93.31817591269326,84.45589785638984,93.0018192844148,9,False,False,False,9,0,0.5,False,False
2025-03,95,85,expanding_window,exact,2024-02;2024-03;2024-04;2024-05;2024-06;2024-07;2024-08;2024-09;2024-10;2024-11;2024-12;2025-01;2025-02,Optimal,10,sensor01→gatewayA;sensor02→gatewayC;sensor03→gatewayA;sensor04→gatewayA;sensor04→gatewayC;sensor05→gatewayA;sensor06→gatewayA;sensor07→gatewayA;sensor08→gatewayA;sensor09→gatewayA,947350bea811764a,94.7005326750682,84.72625828199465,96.15525448553643,9,False,False,False,9,1,0.5833333333333334,False,False
2025-03,95,85,frozen_initial_window,proposed,2024-02;2024-03;2024-04,Feasible,10,sensor01→gatewayA;sensor02→gatewayA;sensor02→gatewayC;sensor03→gatewayA;sensor04→gatewayA;sensor05→gatewayA;sensor06→gatewayA;sensor07→gatewayA;sensor08→gatewayA;sensor09→gatewayA,653063214fd849c6,93.23632584123685,84.72625828199465,93.0018192844148,9,False,False,False,9,1,0.46153846153846156,False,False
2025-03,95,85,frozen_initial_window,multicover,2024-02;2024-03;2024-04,Feasible,10,sensor01→gatewayA;sensor02→gatewayA;sensor02→gatewayC;sensor03→gatewayA;sensor04→gatewayA;sensor05→gatewayA;sensor06→gatewayA;sensor07→gatewayA;sensor08→gatewayA;sensor09→gatewayA,653063214fd849c6,93.23632584123685,84.72625828199465,93.0018192844148,9,False,False,False,9,1,0.46153846153846156,False,False
2025-03,95,85,frozen_initial_window,coverage_only,2024-02;2024-03;2024-04,Feasible,10,sensor01→gatewayA;sensor02→gatewayA;sensor02→gatewayC;sensor03→gatewayA;sensor04→gatewayA;sensor05→gatewayA;sensor06→gatewayA;sensor07→gatewayA;sensor08→gatewayA;sensor09→gatewayA,653063214fd849c6,93.23632584123685,84.72625828199465,93.0018192844148,9,False,False,False,9,1,0.46153846153846156,False,False
2025-03,95,85,retrospective_oracle,exact,2025-03,Optimal,9,sensor01→gatewayA;sensor02→gatewayC;sensor03→gatewayC;sensor04→gatewayC;sensor05→gatewayA;sensor06→gatewayA;sensor07→gatewayC;sensor08→gatewayA;sensor09→gatewayA,47454e12767c9b83,96.55190333896323,92.73948302078054,96.31757945350064,9,True,True,True,9,0,1.0,False,False
2025-03,98,90,previous_month,proposed,2025-02,Feasible,12,sensor01→gatewayA;sensor01→gatewayC;sensor02→gatewayC;sensor03→gatewayC;sensor04→gatewayA;sensor04→gatewayC;sensor05→gatewayC;sensor06→gatewayA;sensor07→gatewayA;sensor07→gatewayC;sensor08→gatewayA;sensor09→gatewayA,6ac371b889d7d8c1,96.90009094452384,84.45589785638984,99.54869358669833,9,False,False,False,11,1,0.6428571428571429,False,False
2025-03,98,90,expanding_window,proposed,2024-02;2024-03;2024-04;2024-05;2024-06;2024-07;2024-08;2024-09;2024-10;2024-11;2024-12;2025-01;2025-02,Feasible,14,sensor01→gatewayA;sensor01→gatewayC;sensor02→gatewayA;sensor02→gatewayC;sensor03→gatewayA;sensor03→gatewayC;sensor04→gatewayA;sensor04→gatewayC;sensor05→gatewayA;sensor06→gatewayA;sensor07→gatewayA;sensor08→gatewayA;sensor08→gatewayB;sensor09→gatewayA,41373d6960c195b8,97.94725217617254,88.06145185880145,99.91510006064281,9,False,False,False,11,3,0.6666666666666666,False,False
2025-03,98,90,previous_month,multicover,2025-02,Feasible,12,sensor01→gatewayA;sensor01→gatewayC;sensor02→gatewayC;sensor03→gatewayC;sensor04→gatewayA;sensor04→gatewayC;sensor05→gatewayA;sensor05→gatewayC;sensor06→gatewayA;sensor07→gatewayA;sensor08→gatewayA;sensor09→gatewayA,a129a57a9d246b14,97.3015460569053,88.06145185880145,99.54869358669833,9,False,False,False,11,1,0.6428571428571429,False,False
2025-03,98,90,expanding_window,multicover,2024-02;2024-03;2024-04;2024-05;2024-06;2024-07;2024-08;2024-09;2024-10;2024-11;2024-12;2025-01;2025-02,Feasible,14,sensor01→gatewayA;sensor01→gatewayC;sensor02→gatewayA;sensor02→gatewayC;sensor03→gatewayA;sensor03→gatewayC;sensor04→gatewayA;sensor04→gatewayC;sensor05→gatewayA;sensor05→gatewayC;sensor06→gatewayA;sensor07→gatewayA;sensor08→gatewayA;sensor09→gatewayA,ba90cfe0ea4dbeca,97.46524619981811,88.06145185880145,99.91510006064281,9,False,False,False,11,3,0.5625,False,False
2025-03,98,90,previous_month,coverage_only,2025-02,Feasible,12,sensor01→gatewayA;sensor01→gatewayC;sensor02→gatewayC;sensor03→gatewayC;sensor04→gatewayA;sensor04→gatewayC;sensor05→gatewayC;sensor06→gatewayA;sensor07→gatewayA;sensor07→gatewayC;sensor08→gatewayA;sensor09→gatewayA,6ac371b889d7d8c1,96.90009094452384,84.45589785638984,99.54869358669833,9,False,False,False,11,1,0.6428571428571429,False,False
2025-03,98,90,expanding_window,coverage_only,2024-02;2024-03;2024-04;2024-05;2024-06;2024-07;2024-08;2024-09;2024-10;2024-11;2024-12;2025-01;2025-02,Feasible,14,sensor01→gatewayA;sensor01→gatewayC;sensor02→gatewayA;sensor02→gatewayC;sensor03→gatewayA;sensor03→gatewayC;sensor04→gatewayA;sensor04→gatewayC;sensor05→gatewayA;sensor06→gatewayA;sensor07→gatewayA;sensor08→gatewayA;sensor08→gatewayB;sensor09→gatewayA,41373d6960c195b8,97.94725217617254,88.06145185880145,99.91510006064281,9,False,False,False,11,3,0.6666666666666666,False,False
2025-03,98,90,previous_month,exact,2025-02,Optimal,12,sensor01→gatewayA;sensor01→gatewayC;sensor02→gatewayC;sensor03→gatewayC;sensor04→gatewayA;sensor04→gatewayC;sensor05→gatewayC;sensor06→gatewayA;sensor07→gatewayA;sensor07→gatewayC;sensor08→gatewayA;sensor09→gatewayA,6ac371b889d7d8c1,96.90009094452384,84.45589785638984,99.54869358669833,9,False,False,False,11,1,0.6428571428571429,False,False
2025-03,98,90,expanding_window,exact,2024-02;2024-03;2024-04;2024-05;2024-06;2024-07;2024-08;2024-09;2024-10;2024-11;2024-12;2025-01;2025-02,Optimal,14,sensor01→gatewayA;sensor01→gatewayC;sensor02→gatewayA;sensor02→gatewayC;sensor03→gatewayA;sensor03→gatewayC;sensor04→gatewayA;sensor04→gatewayC;sensor05→gatewayA;sensor06→gatewayA;sensor07→gatewayA;sensor08→gatewayA;sensor08→gatewayB;sensor09→gatewayA,41373d6960c195b8,97.94725217617254,88.06145185880145,99.91510006064281,9,False,False,False,11,3,0.6666666666666666,False,False
2025-03,98,90,frozen_initial_window,proposed,2024-02;2024-03;2024-04,Feasible,14,sensor01→gatewayA;sensor01→gatewayC;sensor02→gatewayA;sensor02→gatewayC;sensor03→gatewayA;sensor03→gatewayC;sensor04→gatewayA;sensor04→gatewayC;sensor05→gatewayA;sensor06→gatewayA;sensor07→gatewayA;sensor08→gatewayA;sensor08→gatewayB;sensor09→gatewayA,41373d6960c195b8,97.94725217617254,88.06145185880145,99.91510006064281,9,False,False,False,11,3,0.6666666666666666,False,False
2025-03,98,90,frozen_initial_window,multicover,2024-02;2024-03;2024-04,Feasible,14,sensor01→gatewayA;sensor01→gatewayC;sensor02→gatewayA;sensor02→gatewayC;sensor03→gatewayA;sensor03→gatewayC;sensor04→gatewayA;sensor04→gatewayC;sensor05→gatewayA;sensor06→gatewayA;sensor07→gatewayA;sensor08→gatewayA;sensor08→gatewayB;sensor09→gatewayA,41373d6960c195b8,97.94725217617254,88.06145185880145,99.91510006064281,9,False,False,False,11,3,0.6666666666666666,False,False
2025-03,98,90,frozen_initial_window,coverage_only,2024-02;2024-03;2024-04,Feasible,14,sensor01→gatewayA;sensor01→gatewayC;sensor02→gatewayA;sensor02→gatewayC;sensor03→gatewayA;sensor03→gatewayC;sensor04→gatewayA;sensor04→gatewayC;sensor05→gatewayA;sensor06→gatewayA;sensor07→gatewayA;sensor08→gatewayA;sensor08→gatewayB;sensor09→gatewayA,41373d6960c195b8,97.94725217617254,88.06145185880145,99.91510006064281,9,False,False,False,11,3,0.6666666666666666,False,False
2025-03,98,90,retrospective_oracle,exact,2025-03,Optimal,11,sensor01→gatewayA;sensor01→gatewayC;sensor02→gatewayC;sensor03→gatewayC;sensor04→gatewayC;sensor05→gatewayA;sensor06→gatewayA;sensor07→gatewayC;sensor08→gatewayA;sensor08→gatewayB;sensor09→gatewayA,49b672db7308a770,98.03689749252956,94.01176470588236,99.02359641985353,9,True,True,True,11,0,1.0,False,False
2025-04,90,80,previous_month,proposed,2025-03,Feasible,9,sensor01→gatewayA;sensor02→gatewayC;sensor03→gatewayC;sensor04→gatewayC;sensor05→gatewayA;sensor06→gatewayA;sensor07→gatewayC;sensor08→gatewayA;sensor09→gatewayA,47454e12767c9b83,95.45454545454545,90.66715722344861,95.0605442992447,9,True,True,True,9,0,1.0,False,False
2025-04,90,80,expanding_window,proposed,2024-02;2024-03;2024-04;2024-05;2024-06;2024-07;2024-08;2024-09;2024-10;2024-11;2024-12;2025-01;2025-02;2025-03,Feasible,9,sensor01→gatewayA;sensor02→gatewayC;sensor03→gatewayC;sensor04→gatewayA;sensor05→gatewayA;sensor06→gatewayA;sensor07→gatewayA;sensor08→gatewayA;sensor09→gatewayA,1f6ee7c686196e6f,93.39931359246548,85.13367701714422,94.76268412438625,9,True,True,True,9,0,0.6363636363636364,False,False
2025-04,90,80,previous_month,multicover,2025-03,Feasible,9,sensor01→gatewayA;sensor02→gatewayC;sensor03→gatewayC;sensor04→gatewayC;sensor05→gatewayA;sensor06→gatewayA;sensor07→gatewayC;sensor08→gatewayA;sensor09→gatewayA,47454e12767c9b83,95.45454545454545,90.66715722344861,95.0605442992447,9,True,True,True,9,0,1.0,False,False
2025-04,90,80,expanding_window,multicover,2024-02;2024-03;2024-04;2024-05;2024-06;2024-07;2024-08;2024-09;2024-10;2024-11;2024-12;2025-01;2025-02;2025-03,Feasible,9,sensor01→gatewayA;sensor02→gatewayC;sensor03→gatewayC;sensor04→gatewayA;sensor05→gatewayA;sensor06→gatewayA;sensor07→gatewayA;sensor08→gatewayA;sensor09→gatewayA,1f6ee7c686196e6f,93.39931359246548,85.13367701714422,94.76268412438625,9,True,True,True,9,0,0.6363636363636364,False,False
2025-04,90,80,previous_month,coverage_only,2025-03,Feasible,9,sensor01→gatewayA;sensor02→gatewayC;sensor03→gatewayC;sensor04→gatewayC;sensor05→gatewayA;sensor06→gatewayA;sensor07→gatewayC;sensor08→gatewayA;sensor09→gatewayA,47454e12767c9b83,95.45454545454545,90.66715722344861,95.0605442992447,9,True,True,True,9,0,1.0,False,False
2025-04,90,80,expanding_window,coverage_only,2024-02;2024-03;2024-04;2024-05;2024-06;2024-07;2024-08;2024-09;2024-10;2024-11;2024-12;2025-01;2025-02;2025-03,Feasible,9,sensor01→gatewayA;sensor02→gatewayC;sensor03→gatewayC;sensor04→gatewayA;sensor05→gatewayA;sensor06→gatewayA;sensor07→gatewayA;sensor08→gatewayA;sensor09→gatewayA,1f6ee7c686196e6f,93.39931359246548,85.13367701714422,94.76268412438625,9,True,True,True,9,0,0.6363636363636364,False,False
2025-04,90,80,previous_month,exact,2025-03,Optimal,9,sensor01→gatewayA;sensor02→gatewayC;sensor03→gatewayC;sensor04→gatewayC;sensor05→gatewayA;sensor06→gatewayA;sensor07→gatewayC;sensor08→gatewayA;sensor09→gatewayA,47454e12767c9b83,95.45454545454545,90.66715722344861,95.0605442992447,9,True,True,True,9,0,1.0,False,False
2025-04,90,80,expanding_window,exact,2024-02;2024-03;2024-04;2024-05;2024-06;2024-07;2024-08;2024-09;2024-10;2024-11;2024-12;2025-01;2025-02;2025-03,Optimal,9,sensor01→gatewayA;sensor02→gatewayC;sensor03→gatewayC;sensor04→gatewayA;sensor05→gatewayA;sensor06→gatewayA;sensor07→gatewayA;sensor08→gatewayA;sensor09→gatewayA,1f6ee7c686196e6f,93.39931359246548,85.13367701714422,94.76268412438625,9,True,True,True,9,0,0.6363636363636364,False,False
2025-04,90,80,frozen_initial_window,proposed,2024-02;2024-03;2024-04,Feasible,9,sensor01→gatewayA;sensor02→gatewayA;sensor03→gatewayA;sensor04→gatewayA;sensor05→gatewayA;sensor06→gatewayA;sensor07→gatewayA;sensor08→gatewayA;sensor09→gatewayA,5116df5a05fbbfe0,88.26988054380504,72.69391499337479,90.66715722344861,9,False,False,False,9,0,0.38461538461538464,False,False
2025-04,90,80,frozen_initial_window,multicover,2024-02;2024-03;2024-04,Feasible,9,sensor01→gatewayA;sensor02→gatewayA;sensor03→gatewayA;sensor04→gatewayA;sensor05→gatewayA;sensor06→gatewayA;sensor07→gatewayA;sensor08→gatewayA;sensor09→gatewayA,5116df5a05fbbfe0,88.26988054380504,72.69391499337479,90.66715722344861,9,False,False,False,9,0,0.38461538461538464,False,False
2025-04,90,80,frozen_initial_window,coverage_only,2024-02;2024-03;2024-04,Feasible,9,sensor01→gatewayA;sensor02→gatewayA;sensor03→gatewayA;sensor04→gatewayA;sensor05→gatewayA;sensor06→gatewayA;sensor07→gatewayA;sensor08→gatewayA;sensor09→gatewayA,5116df5a05fbbfe0,88.26988054380504,72.69391499337479,90.66715722344861,9,False,False,False,9,0,0.38461538461538464,False,False
2025-04,90,80,retrospective_oracle,exact,2025-04,Optimal,9,sensor01→gatewayA;sensor02→gatewayC;sensor03→gatewayC;sensor04→gatewayC;sensor05→gatewayA;sensor06→gatewayA;sensor07→gatewayC;sensor08→gatewayA;sensor09→gatewayA,47454e12767c9b83,95.45454545454545,90.66715722344861,95.0605442992447,9,True,True,True,9,0,1.0,False,False
2025-04,95,85,previous_month,proposed,2025-03,Feasible,9,sensor01→gatewayA;sensor02→gatewayC;sensor03→gatewayC;sensor04→gatewayC;sensor05→gatewayA;sensor06→gatewayA;sensor07→gatewayC;sensor08→gatewayA;sensor09→gatewayA,47454e12767c9b83,95.45454545454545,90.66715722344861,95.0605442992447,9,True,True,True,9,0,1.0,False,False
2025-04,95,85,expanding_window,proposed,2024-02;2024-03;2024-04;2024-05;2024-06;2024-07;2024-08;2024-09;2024-10;2024-11;2024-12;2025-01;2025-02;2025-03,Feasible,10,sensor01→gatewayA;sensor02→gatewayC;sensor03→gatewayC;sensor04→gatewayA;sensor04→gatewayC;sensor05→gatewayA;sensor06→gatewayA;sensor07→gatewayA;sensor08→gatewayA;sensor09→gatewayA,db4f93f2d4742e2b,95.04882007076915,85.34723063871046,95.6348727842759,9,True,True,True,9,1,0.7272727272727273,False,False
2025-04,95,85,previous_month,multicover,2025-03,Feasible,9,sensor01→gatewayA;sensor02→gatewayC;sensor03→gatewayC;sensor04→gatewayC;sensor05→gatewayA;sensor06→gatewayA;sensor07→gatewayC;sensor08→gatewayA;sensor09→gatewayA,47454e12767c9b83,95.45454545454545,90.66715722344861,95.0605442992447,9,True,True,True,9,0,1.0,False,False
2025-04,95,85,expanding_window,multicover,2024-02;2024-03;2024-04;2024-05;2024-06;2024-07;2024-08;2024-09;2024-10;2024-11;2024-12;2025-01;2025-02;2025-03,Feasible,10,sensor01→gatewayA;sensor01→gatewayC;sensor02→gatewayC;sensor03→gatewayC;sensor04→gatewayA;sensor05→gatewayA;sensor06→gatewayA;sensor07→gatewayA;sensor08→gatewayA;sensor09→gatewayA,c7a3fed64c6382ea,94.40365019820683,85.13367701714422,95.6348727842759,9,False,True,False,9,1,0.5833333333333334,False,False
2025-04,95,85,previous_month,coverage_only,2025-03,Feasible,9,sensor01→gatewayA;sensor02→gatewayC;sensor03→gatewayC;sensor04→gatewayC;sensor05→gatewayA;sensor06→gatewayA;sensor07→gatewayC;sensor08→gatewayA;sensor09→gatewayA,47454e12767c9b83,95.45454545454545,90.66715722344861,95.0605442992447,9,True,True,True,9,0,1.0,False,False
2025-04,95,85,expanding_window,coverage_only,2024-02;2024-03;2024-04;2024-05;2024-06;2024-07;2024-08;2024-09;2024-10;2024-11;2024-12;2025-01;2025-02;2025-03,Feasible,10,sensor01→gatewayA;sensor02→gatewayC;sensor03→gatewayC;sensor04→gatewayA;sensor04→gatewayC;sensor05→gatewayA;sensor06→gatewayA;sensor07→gatewayA;sensor08→gatewayA;sensor09→gatewayA,db4f93f2d4742e2b,95.04882007076915,85.34723063871046,95.6348727842759,9,True,True,True,9,1,0.7272727272727273,False,False
2025-04,95,85,previous_month,exact,2025-03,Optimal,9,sensor01→gatewayA;sensor02→gatewayC;sensor03→gatewayC;sensor04→gatewayC;sensor05→gatewayA;sensor06→gatewayA;sensor07→gatewayC;sensor08→gatewayA;sensor09→gatewayA,47454e12767c9b83,95.45454545454545,90.66715722344861,95.0605442992447,9,True,True,True,9,0,1.0,False,False
2025-04,95,85,expanding_window,exact,2024-02;2024-03;2024-04;2024-05;2024-06;2024-07;2024-08;2024-09;2024-10;2024-11;2024-12;2025-01;2025-02;2025-03,Optimal,10,sensor01→gatewayA;sensor02→gatewayC;sensor03→gatewayC;sensor04→gatewayA;sensor04→gatewayC;sensor05→gatewayA;sensor06→gatewayA;sensor07→gatewayA;sensor08→gatewayA;sensor09→gatewayA,db4f93f2d4742e2b,95.04882007076915,85.34723063871046,95.6348727842759,9,True,True,True,9,1,0.7272727272727273,False,False
2025-04,95,85,frozen_initial_window,proposed,2024-02;2024-03;2024-04,Feasible,10,sensor01→gatewayA;sensor02→gatewayA;sensor02→gatewayC;sensor03→gatewayA;sensor04→gatewayA;sensor05→gatewayA;sensor06→gatewayA;sensor07→gatewayA;sensor08→gatewayA;sensor09→gatewayA,653063214fd849c6,91.83361268523691,83.81509794553273,90.71364966289276,9,False,False,False,9,1,0.46153846153846156,False,False
2025-04,95,85,frozen_initial_window,multicover,2024-02;2024-03;2024-04,Feasible,10,sensor01→gatewayA;sensor02→gatewayA;sensor02→gatewayC;sensor03→gatewayA;sensor04→gatewayA;sensor05→gatewayA;sensor06→gatewayA;sensor07→gatewayA;sensor08→gatewayA;sensor09→gatewayA,653063214fd849c6,91.83361268523691,83.81509794553273,90.71364966289276,9,False,False,False,9,1,0.46153846153846156,False,False
2025-04,95,85,frozen_initial_window,coverage_only,2024-02;2024-03;2024-04,Feasible,10,sensor01→gatewayA;sensor02→gatewayA;sensor02→gatewayC;sensor03→gatewayA;sensor04→gatewayA;sensor05→gatewayA;sensor06→gatewayA;sensor07→gatewayA;sensor08→gatewayA;sensor09→gatewayA,653063214fd849c6,91.83361268523691,83.81509794553273,90.71364966289276,9,False,False,False,9,1,0.46153846153846156,False,False
2025-04,95,85,retrospective_oracle,exact,2025-04,Optimal,9,sensor01→gatewayA;sensor02→gatewayC;sensor03→gatewayC;sensor04→gatewayC;sensor05→gatewayA;sensor06→gatewayA;sensor07→gatewayC;sensor08→gatewayA;sensor09→gatewayA,47454e12767c9b83,95.45454545454545,90.66715722344861,95.0605442992447,9,True,True,True,9,0,1.0,False,False
2025-04,98,90,previous_month,proposed,2025-03,Feasible,11,sensor01→gatewayA;sensor01→gatewayC;sensor02→gatewayC;sensor03→gatewayC;sensor04→gatewayC;sensor05→gatewayA;sensor06→gatewayA;sensor07→gatewayC;sensor08→gatewayA;sensor08→gatewayB;sensor09→gatewayA,49b672db7308a770,97.4299624870301,94.03708641376802,98.68609651218347,9,False,True,False,12,-1,0.9166666666666666,False,False
2025-04,98,90,expanding_window,proposed,2024-02;2024-03;2024-04;2024-05;2024-06;2024-07;2024-08;2024-09;2024-10;2024-11;2024-12;2025-01;2025-02;2025-03,Feasible,14,sensor01→gatewayA;sensor01→gatewayC;sensor02→gatewayA;sensor02→gatewayC;sensor03→gatewayA;sensor03→gatewayC;sensor04→gatewayA;sensor04→gatewayC;sensor05→gatewayA;sensor06→gatewayA;sensor07→gatewayA;sensor08→gatewayA;sensor08→gatewayB;sensor09→gatewayA,41373d6960c195b8,97.26102109771996,85.34723063871046,99.92641648270788,9,False,False,False,12,2,0.7333333333333333,False,False
2025-04,98,90,previous_month,multicover,2025-03,Feasible,11,sensor01→gatewayA;sensor01→gatewayC;sensor02→gatewayC;sensor03→gatewayC;sensor04→gatewayC;sensor05→gatewayA;sensor06→gatewayA;sensor07→gatewayC;sensor08→gatewayA;sensor08→gatewayB;sensor09→gatewayA,49b672db7308a770,97.4299624870301,94.03708641376802,98.68609651218347,9,False,True,False,12,-1,0.9166666666666666,False,False
2025-04,98,90,expanding_window,multicover,2024-02;2024-03;2024-04;2024-05;2024-06;2024-07;2024-08;2024-09;2024-10;2024-11;2024-12;2025-01;2025-02;2025-03,Feasible,14,sensor01→gatewayA;sensor01→gatewayC;sensor02→gatewayA;sensor02→gatewayC;sensor03→gatewayA;sensor03→gatewayC;sensor04→gatewayA;sensor04→gatewayC;sensor05→gatewayA;sensor05→gatewayC;sensor06→gatewayA;sensor07→gatewayA;sensor08→gatewayA;sensor09→gatewayA,ba90cfe0ea4dbeca,96.77149014286854,85.34723063871046,99.92641648270788,9,False,False,False,12,2,0.625,False,False
2025-04,98,90,previous_month,coverage_only,2025-03,Feasible,11,sensor01→gatewayA;sensor01→gatewayC;sensor02→gatewayC;sensor03→gatewayC;sensor04→gatewayC;sensor05→gatewayA;sensor06→gatewayA;sensor07→gatewayC;sensor08→gatewayA;sensor08→gatewayB;sensor09→gatewayA,49b672db7308a770,97.4299624870301,94.03708641376802,98.68609651218347,9,False,True,False,12,-1,0.9166666666666666,False,False
2025-04,98,90,expanding_window,coverage_only,2024-02;2024-03;2024-04;2024-05;2024-06;2024-07;2024-08;2024-09;2024-10;2024-11;2024-12;2025-01;2025-02;2025-03,Feasible,14,sensor01→gatewayA;sensor01→gatewayC;sensor02→gatewayA;sensor02→gatewayC;sensor03→gatewayA;sensor03→gatewayC;sensor04→gatewayA;sensor04→gatewayC;sensor05→gatewayA;sensor06→gatewayA;sensor07→gatewayA;sensor08→gatewayA;sensor08→gatewayB;sensor09→gatewayA,41373d6960c195b8,97.26102109771996,85.34723063871046,99.92641648270788,9,False,False,False,12,2,0.7333333333333333,False,False
2025-04,98,90,previous_month,exact,2025-03,Optimal,11,sensor01→gatewayA;sensor01→gatewayC;sensor02→gatewayC;sensor03→gatewayC;sensor04→gatewayC;sensor05→gatewayA;sensor06→gatewayA;sensor07→gatewayC;sensor08→gatewayA;sensor08→gatewayB;sensor09→gatewayA,49b672db7308a770,97.4299624870301,94.03708641376802,98.68609651218347,9,False,True,False,12,-1,0.9166666666666666,False,False
2025-04,98,90,expanding_window,exact,2024-02;2024-03;2024-04;2024-05;2024-06;2024-07;2024-08;2024-09;2024-10;2024-11;2024-12;2025-01;2025-02;2025-03,Optimal,14,sensor01→gatewayA;sensor01→gatewayC;sensor02→gatewayA;sensor02→gatewayC;sensor03→gatewayA;sensor03→gatewayC;sensor04→gatewayA;sensor04→gatewayC;sensor05→gatewayA;sensor06→gatewayA;sensor07→gatewayA;sensor08→gatewayA;sensor08→gatewayB;sensor09→gatewayA,41373d6960c195b8,97.26102109771996,85.34723063871046,99.92641648270788,9,False,False,False,12,2,0.7333333333333333,False,False
2025-04,98,90,frozen_initial_window,proposed,2024-02;2024-03;2024-04,Feasible,14,sensor01→gatewayA;sensor01→gatewayC;sensor02→gatewayA;sensor02→gatewayC;sensor03→gatewayA;sensor03→gatewayC;sensor04→gatewayA;sensor04→gatewayC;sensor05→gatewayA;sensor06→gatewayA;sensor07→gatewayA;sensor08→gatewayA;sensor08→gatewayB;sensor09→gatewayA,41373d6960c195b8,97.26102109771996,85.34723063871046,99.92641648270788,9,False,False,False,12,2,0.7333333333333333,False,False
2025-04,98,90,frozen_initial_window,multicover,2024-02;2024-03;2024-04,Feasible,14,sensor01→gatewayA;sensor01→gatewayC;sensor02→gatewayA;sensor02→gatewayC;sensor03→gatewayA;sensor03→gatewayC;sensor04→gatewayA;sensor04→gatewayC;sensor05→gatewayA;sensor06→gatewayA;sensor07→gatewayA;sensor08→gatewayA;sensor08→gatewayB;sensor09→gatewayA,41373d6960c195b8,97.26102109771996,85.34723063871046,99.92641648270788,9,False,False,False,12,2,0.7333333333333333,False,False
2025-04,98,90,frozen_initial_window,coverage_only,2024-02;2024-03;2024-04,Feasible,14,sensor01→gatewayA;sensor01→gatewayC;sensor02→gatewayA;sensor02→gatewayC;sensor03→gatewayA;sensor03→gatewayC;sensor04→gatewayA;sensor04→gatewayC;sensor05→gatewayA;sensor06→gatewayA;sensor07→gatewayA;sensor08→gatewayA;sensor08→gatewayB;sensor09→gatewayA,41373d6960c195b8,97.26102109771996,85.34723063871046,99.92641648270788,9,False,False,False,12,2,0.7333333333333333,False,False
2025-04,98,90,retrospective_oracle,exact,2025-04,Optimal,12,sensor01→gatewayA;sensor01→gatewayC;sensor02→gatewayC;sensor03→gatewayC;sensor04→gatewayC;sensor05→gatewayA;sensor06→gatewayA;sensor07→gatewayA;sensor07→gatewayC;sensor08→gatewayA;sensor08→gatewayB;sensor09→gatewayA,f442bb7c92d26689,98.07247186527256,94.76268412438625,99.1899852724595,9,True,True,True,12,0,1.0,False,False
2025-05,90,80,previous_month,proposed,2025-04,Feasible,9,sensor01→gatewayA;sensor02→gatewayC;sensor03→gatewayC;sensor04→gatewayC;sensor05→gatewayA;sensor06→gatewayA;sensor07→gatewayC;sensor08→gatewayA;sensor09→gatewayA,47454e12767c9b83,73.780889514681,0.0,64.85744366187292,10,False,False,False,13,-4,0.4666666666666667,False,False
2025-05,90,80,expanding_window,proposed,2024-02;2024-03;2024-04;2024-05;2024-06;2024-07;2024-08;2024-09;2024-10;2024-11;2024-12;2025-01;2025-02;2025-03;2025-04,Feasible,9,sensor01→gatewayA;sensor02→gatewayC;sensor03→gatewayC;sensor04→gatewayA;sensor05→gatewayA;sensor06→gatewayA;sensor07→gatewayA;sensor08→gatewayA;sensor09→gatewayA,1f6ee7c686196e6f,65.12859597225273,0.0,58.771617215207016,10,False,False,False,13,-4,0.29411764705882354,False,False
2025-05,90,80,previous_month,multicover,2025-04,Feasible,9,sensor01→gatewayA;sensor02→gatewayC;sensor03→gatewayC;sensor04→gatewayC;sensor05→gatewayA;sensor06→gatewayA;sensor07→gatewayC;sensor08→gatewayA;sensor09→gatewayA,47454e12767c9b83,73.780889514681,0.0,64.85744366187292,10,False,False,False,13,-4,0.4666666666666667,False,False
2025-05,90,80,expanding_window,multicover,2024-02;2024-03;2024-04;2024-05;2024-06;2024-07;2024-08;2024-09;2024-10;2024-11;2024-12;2025-01;2025-02;2025-03;2025-04,Feasible,9,sensor01→gatewayA;sensor02→gatewayC;sensor03→gatewayC;sensor04→gatewayA;sensor05→gatewayA;sensor06→gatewayA;sensor07→gatewayA;sensor08→gatewayA;sensor09→gatewayA,1f6ee7c686196e6f,65.12859597225273,0.0,58.771617215207016,10,False,False,False,13,-4,0.29411764705882354,False,False
2025-05,90,80,previous_month,coverage_only,2025-04,Feasible,9,sensor01→gatewayA;sensor02→gatewayC;sensor03→gatewayC;sensor04→gatewayC;sensor05→gatewayA;sensor06→gatewayA;sensor07→gatewayC;sensor08→gatewayA;sensor09→gatewayA,47454e12767c9b83,73.780889514681,0.0,64.85744366187292,10,False,False,False,13,-4,0.4666666666666667,False,False
2025-05,90,80,expanding_window,coverage_only,2024-02;2024-03;2024-04;2024-05;2024-06;2024-07;2024-08;2024-09;2024-10;2024-11;2024-12;2025-01;2025-02;2025-03;2025-04,Feasible,9,sensor01→gatewayA;sensor02→gatewayC;sensor03→gatewayC;sensor04→gatewayA;sensor05→gatewayA;sensor06→gatewayA;sensor07→gatewayA;sensor08→gatewayA;sensor09→gatewayA,1f6ee7c686196e6f,65.12859597225273,0.0,58.771617215207016,10,False,False,False,13,-4,0.29411764705882354,False,False
2025-05,90,80,previous_month,exact,2025-04,Optimal,9,sensor01→gatewayA;sensor02→gatewayC;sensor03→gatewayC;sensor04→gatewayC;sensor05→gatewayA;sensor06→gatewayA;sensor07→gatewayC;sensor08→gatewayA;sensor09→gatewayA,47454e12767c9b83,73.780889514681,0.0,64.85744366187292,10,False,False,False,13,-4,0.4666666666666667,False,False
2025-05,90,80,expanding_window,exact,2024-02;2024-03;2024-04;2024-05;2024-06;2024-07;2024-08;2024-09;2024-10;2024-11;2024-12;2025-01;2025-02;2025-03;2025-04,Optimal,9,sensor01→gatewayA;sensor02→gatewayC;sensor03→gatewayC;sensor04→gatewayA;sensor05→gatewayA;sensor06→gatewayA;sensor07→gatewayA;sensor08→gatewayA;sensor09→gatewayA,1f6ee7c686196e6f,65.12859597225273,0.0,58.771617215207016,10,False,False,False,13,-4,0.29411764705882354,False,False
2025-05,90,80,frozen_initial_window,proposed,2024-02;2024-03;2024-04,Feasible,9,sensor01→gatewayA;sensor02→gatewayA;sensor03→gatewayA;sensor04→gatewayA;sensor05→gatewayA;sensor06→gatewayA;sensor07→gatewayA;sensor08→gatewayA;sensor09→gatewayA,5116df5a05fbbfe0,54.09039825352331,0.0,54.83714633496835,10,False,False,False,13,-4,0.15789473684210525,False,False
2025-05,90,80,frozen_initial_window,multicover,2024-02;2024-03;2024-04,Feasible,9,sensor01→gatewayA;sensor02→gatewayA;sensor03→gatewayA;sensor04→gatewayA;sensor05→gatewayA;sensor06→gatewayA;sensor07→gatewayA;sensor08→gatewayA;sensor09→gatewayA,5116df5a05fbbfe0,54.09039825352331,0.0,54.83714633496835,10,False,False,False,13,-4,0.15789473684210525,False,False
2025-05,90,80,frozen_initial_window,coverage_only,2024-02;2024-03;2024-04,Feasible,9,sensor01→gatewayA;sensor02→gatewayA;sensor03→gatewayA;sensor04→gatewayA;sensor05→gatewayA;sensor06→gatewayA;sensor07→gatewayA;sensor08→gatewayA;sensor09→gatewayA,5116df5a05fbbfe0,54.09039825352331,0.0,54.83714633496835,10,False,False,False,13,-4,0.15789473684210525,False,False
2025-05,90,80,retrospective_oracle,exact,2025-05,Optimal,13,sensor01→gatewayC;sensor02→gatewayC;sensor03→gatewayC;sensor04→gatewayC;sensor05→gatewayC;sensor06→gatewayA;sensor06→gatewayC;sensor07→gatewayC;sensor08→gatewayA;sensor08→gatewayB;sensor09→gatewayA;sensor09→gatewayB;sensor10→gatewayC,6b6d852cbf71ceb6,96.98371074625709,91.47358665430954,98.8716363359002,10,True,True,True,13,0,1.0,False,False
2025-05,95,85,previous_month,proposed,2025-04,Feasible,9,sensor01→gatewayA;sensor02→gatewayC;sensor03→gatewayC;sensor04→gatewayC;sensor05→gatewayA;sensor06→gatewayA;sensor07→gatewayC;sensor08→gatewayA;sensor09→gatewayA,47454e12767c9b83,73.780889514681,0.0,64.85744366187292,10,False,False,False,13,-4,0.4666666666666667,False,False
2025-05,95,85,expanding_window,proposed,2024-02;2024-03;2024-04;2024-05;2024-06;2024-07;2024-08;2024-09;2024-10;2024-11;2024-12;2025-01;2025-02;2025-03;2025-04,Feasible,10,sensor01→gatewayA;sensor02→gatewayC;sensor03→gatewayC;sensor04→gatewayA;sensor04→gatewayC;sensor05→gatewayA;sensor06→gatewayA;sensor07→gatewayA;sensor08→gatewayA;sensor09→gatewayA,db4f93f2d4742e2b,70.24918295376746,0.0,60.390609382561635,10,False,False,False,13,-3,0.35294117647058826,False,False
2025-05,95,85,previous_month,multicover,2025-04,Feasible,9,sensor01→gatewayA;sensor02→gatewayC;sensor03→gatewayC;sensor04→gatewayC;sensor05→gatewayA;sensor06→gatewayA;sensor07→gatewayC;sensor08→gatewayA;sensor09→gatewayA,47454e12767c9b83,73.780889514681,0.0,64.85744366187292,10,False,False,False,13,-4,0.4666666666666667,False,False
2025-05,95,85,expanding_window,multicover,2024-02;2024-03;2024-04;2024-05;2024-06;2024-07;2024-08;2024-09;2024-10;2024-11;2024-12;2025-01;2025-02;2025-03;2025-04,Feasible,10,sensor01→gatewayA;sensor01→gatewayC;sensor02→gatewayC;sensor03→gatewayC;sensor04→gatewayA;sensor05→gatewayA;sensor06→gatewayA;sensor07→gatewayA;sensor08→gatewayA;sensor09→gatewayA,c7a3fed64c6382ea,70.42615581362304,0.0,60.390609382561635,10,False,False,False,13,-3,0.35294117647058826,False,False
2025-05,95,85,previous_month,coverage_only,2025-04,Feasible,9,sensor01→gatewayA;sensor02→gatewayC;sensor03→gatewayC;sensor04→gatewayC;sensor05→gatewayA;sensor06→gatewayA;sensor07→gatewayC;sensor08→gatewayA;sensor09→gatewayA,47454e12767c9b83,73.780889514681,0.0,64.85744366187292,10,False,False,False,13,-4,0.4666666666666667,False,False
2025-05,95,85,expanding_window,coverage_only,2024-02;2024-03;2024-04;2024-05;2024-06;2024-07;2024-08;2024-09;2024-10;2024-11;2024-12;2025-01;2025-02;2025-03;2025-04,Feasible,10,sensor01→gatewayA;sensor02→gatewayC;sensor03→gatewayC;sensor04→gatewayA;sensor04→gatewayC;sensor05→gatewayA;sensor06→gatewayA;sensor07→gatewayA;sensor08→gatewayA;sensor09→gatewayA,db4f93f2d4742e2b,70.24918295376746,0.0,60.390609382561635,10,False,False,False,13,-3,0.35294117647058826,False,False
2025-05,95,85,previous_month,exact,2025-04,Optimal,9,sensor01→gatewayA;sensor02→gatewayC;sensor03→gatewayC;sensor04→gatewayC;sensor05→gatewayA;sensor06→gatewayA;sensor07→gatewayC;sensor08→gatewayA;sensor09→gatewayA,47454e12767c9b83,73.780889514681,0.0,64.85744366187292,10,False,False,False,13,-4,0.4666666666666667,False,False
2025-05,95,85,expanding_window,exact,2024-02;2024-03;2024-04;2024-05;2024-06;2024-07;2024-08;2024-09;2024-10;2024-11;2024-12;2025-01;2025-02;2025-03;2025-04,Optimal,10,sensor01→gatewayA;sensor02→gatewayC;sensor03→gatewayC;sensor04→gatewayA;sensor04→gatewayC;sensor05→gatewayA;sensor06→gatewayA;sensor07→gatewayA;sensor08→gatewayA;sensor09→gatewayA,db4f93f2d4742e2b,70.24918295376746,0.0,60.390609382561635,10,False,False,False,13,-3,0.35294117647058826,False,False
2025-05,95,85,frozen_initial_window,proposed,2024-02;2024-03;2024-04,Feasible,10,sensor01→gatewayA;sensor02→gatewayA;sensor02→gatewayC;sensor03→gatewayA;sensor04→gatewayA;sensor05→gatewayA;sensor06→gatewayA;sensor07→gatewayA;sensor08→gatewayA;sensor09→gatewayA,653063214fd849c6,61.449627323576145,0.0,56.51790555563339,10,False,False,False,13,-3,0.21052631578947367,False,False
2025-05,95,85,frozen_initial_window,multicover,2024-02;2024-03;2024-04,Feasible,10,sensor01→gatewayA;sensor02→gatewayA;sensor02→gatewayC;sensor03→gatewayA;sensor04→gatewayA;sensor05→gatewayA;sensor06→gatewayA;sensor07→gatewayA;sensor08→gatewayA;sensor09→gatewayA,653063214fd849c6,61.449627323576145,0.0,56.51790555563339,10,False,False,False,13,-3,0.21052631578947367,False,False
2025-05,95,85,frozen_initial_window,coverage_only,2024-02;2024-03;2024-04,Feasible,10,sensor01→gatewayA;sensor02→gatewayA;sensor02→gatewayC;sensor03→gatewayA;sensor04→gatewayA;sensor05→gatewayA;sensor06→gatewayA;sensor07→gatewayA;sensor08→gatewayA;sensor09→gatewayA,653063214fd849c6,61.449627323576145,0.0,56.51790555563339,10,False,False,False,13,-3,0.21052631578947367,False,False
2025-05,95,85,retrospective_oracle,exact,2025-05,Optimal,13,sensor01→gatewayC;sensor02→gatewayC;sensor03→gatewayC;sensor04→gatewayC;sensor05→gatewayC;sensor06→gatewayA;sensor06→gatewayC;sensor07→gatewayC;sensor08→gatewayA;sensor08→gatewayB;sensor09→gatewayA;sensor09→gatewayB;sensor10→gatewayC,6b6d852cbf71ceb6,96.98371074625709,91.47358665430954,98.8716363359002,10,True,True,True,13,0,1.0,False,False
2025-05,98,90,previous_month,proposed,2025-04,Feasible,12,sensor01→gatewayA;sensor01→gatewayC;sensor02→gatewayC;sensor03→gatewayC;sensor04→gatewayC;sensor05→gatewayA;sensor06→gatewayA;sensor07→gatewayA;sensor07→gatewayC;sensor08→gatewayA;sensor08→gatewayB;sensor09→gatewayA,f442bb7c92d26689,83.74949943807887,0.0,95.42530278723783,10,False,False,False,15,-3,0.5882352941176471,False,False
2025-05,98,90,expanding_window,proposed,2024-02;2024-03;2024-04;2024-05;2024-06;2024-07;2024-08;2024-09;2024-10;2024-11;2024-12;2025-01;2025-02;2025-03;2025-04,Feasible,14,sensor01→gatewayA;sensor01→gatewayC;sensor02→gatewayC;sensor03→gatewayA;sensor03→gatewayC;sensor04→gatewayA;sensor04→gatewayC;sensor05→gatewayA;sensor06→gatewayA;sensor07→gatewayA;sensor07→gatewayC;sensor08→gatewayA;sensor08→gatewayB;sensor09→gatewayA,66c8dd8c0461a6ac,84.7338302352318,0.0,99.52239650327243,10,False,False,False,15,-1,0.6111111111111112,False,False
2025-05,98,90,previous_month,multicover,2025-04,Feasible,12,sensor01→gatewayA;sensor01→gatewayC;sensor02→gatewayC;sensor03→gatewayC;sensor04→gatewayC;sensor05→gatewayA;sensor06→gatewayA;sensor07→gatewayA;sensor07→gatewayC;sensor08→gatewayA;sensor08→gatewayB;sensor09→gatewayA,f442bb7c92d26689,83.74949943807887,0.0,95.42530278723783,10,False,False,False,15,-3,0.5882352941176471,False,False
2025-05,98,90,expanding_window,multicover,2024-02;2024-03;2024-04;2024-05;2024-06;2024-07;2024-08;2024-09;2024-10;2024-11;2024-12;2025-01;2025-02;2025-03;2025-04,Feasible,14,sensor01→gatewayA;sensor01→gatewayC;sensor02→gatewayA;sensor02→gatewayC;sensor03→gatewayA;sensor03→gatewayC;sensor04→gatewayA;sensor04→gatewayC;sensor05→gatewayA;sensor06→gatewayA;sensor07→gatewayA;sensor08→gatewayA;sensor08→gatewayB;sensor09→gatewayA,41373d6960c195b8,79.53573689173653,0.0,84.20727680344513,10,False,False,False,15,-1,0.5263157894736842,False,False
2025-05,98,90,previous_month,coverage_only,2025-04,Feasible,12,sensor01→gatewayA;sensor01→gatewayC;sensor02→gatewayC;sensor03→gatewayC;sensor04→gatewayC;sensor05→gatewayA;sensor06→gatewayA;sensor07→gatewayA;sensor07→gatewayC;sensor08→gatewayA;sensor08→gatewayB;sensor09→gatewayA,f442bb7c92d26689,83.74949943807887,0.0,95.42530278723783,10,False,False,False,15,-3,0.5882352941176471,False,False
2025-05,98,90,expanding_window,coverage_only,2024-02;2024-03;2024-04;2024-05;2024-06;2024-07;2024-08;2024-09;2024-10;2024-11;2024-12;2025-01;2025-02;2025-03;2025-04,Feasible,14,sensor01→gatewayA;sensor01→gatewayC;sensor02→gatewayA;sensor02→gatewayC;sensor03→gatewayA;sensor03→gatewayC;sensor04→gatewayA;sensor04→gatewayC;sensor05→gatewayA;sensor06→gatewayA;sensor07→gatewayA;sensor08→gatewayA;sensor08→gatewayB;sensor09→gatewayA,41373d6960c195b8,79.53573689173653,0.0,84.20727680344513,10,False,False,False,15,-1,0.5263157894736842,False,False
2025-05,98,90,previous_month,exact,2025-04,Optimal,12,sensor01→gatewayA;sensor01→gatewayC;sensor02→gatewayC;sensor03→gatewayC;sensor04→gatewayC;sensor05→gatewayA;sensor06→gatewayA;sensor07→gatewayA;sensor07→gatewayC;sensor08→gatewayA;sensor08→gatewayB;sensor09→gatewayA,f442bb7c92d26689,83.74949943807887,0.0,95.42530278723783,10,False,False,False,15,-3,0.5882352941176471,False,False
2025-05,98,90,expanding_window,exact,2024-02;2024-03;2024-04;2024-05;2024-06;2024-07;2024-08;2024-09;2024-10;2024-11;2024-12;2025-01;2025-02;2025-03;2025-04,Optimal,14,sensor01→gatewayA;sensor01→gatewayC;sensor02→gatewayA;sensor02→gatewayC;sensor03→gatewayA;sensor03→gatewayC;sensor04→gatewayA;sensor04→gatewayC;sensor05→gatewayA;sensor06→gatewayA;sensor07→gatewayA;sensor08→gatewayA;sensor08→gatewayB;sensor09→gatewayA,41373d6960c195b8,79.53573689173653,0.0,84.20727680344513,10,False,False,False,15,-1,0.5263157894736842,False,False
2025-05,98,90,frozen_initial_window,proposed,2024-02;2024-03;2024-04,Feasible,14,sensor01→gatewayA;sensor01→gatewayC;sensor02→gatewayA;sensor02→gatewayC;sensor03→gatewayA;sensor03→gatewayC;sensor04→gatewayA;sensor04→gatewayC;sensor05→gatewayA;sensor06→gatewayA;sensor07→gatewayA;sensor08→gatewayA;sensor08→gatewayB;sensor09→gatewayA,41373d6960c195b8,79.53573689173653,0.0,84.20727680344513,10,False,False,False,15,-1,0.5263157894736842,False,False
2025-05,98,90,frozen_initial_window,multicover,2024-02;2024-03;2024-04,Feasible,14,sensor01→gatewayA;sensor01→gatewayC;sensor02→gatewayA;sensor02→gatewayC;sensor03→gatewayA;sensor03→gatewayC;sensor04→gatewayA;sensor04→gatewayC;sensor05→gatewayA;sensor06→gatewayA;sensor07→gatewayA;sensor08→gatewayA;sensor08→gatewayB;sensor09→gatewayA,41373d6960c195b8,79.53573689173653,0.0,84.20727680344513,10,False,False,False,15,-1,0.5263157894736842,False,False
2025-05,98,90,frozen_initial_window,coverage_only,2024-02;2024-03;2024-04,Feasible,14,sensor01→gatewayA;sensor01→gatewayC;sensor02→gatewayA;sensor02→gatewayC;sensor03→gatewayA;sensor03→gatewayC;sensor04→gatewayA;sensor04→gatewayC;sensor05→gatewayA;sensor06→gatewayA;sensor07→gatewayA;sensor08→gatewayA;sensor08→gatewayB;sensor09→gatewayA,41373d6960c195b8,79.53573689173653,0.0,84.20727680344513,10,False,False,False,15,-1,0.5263157894736842,False,False
2025-05,98,90,retrospective_oracle,exact,2025-05,Optimal,15,sensor01→gatewayA;sensor01→gatewayC;sensor02→gatewayC;sensor03→gatewayC;sensor04→gatewayA;sensor04→gatewayC;sensor05→gatewayC;sensor06→gatewayA;sensor06→gatewayC;sensor07→gatewayC;sensor08→gatewayA;sensor08→gatewayB;sensor09→gatewayA;sensor09→gatewayB;sensor10→gatewayC,078db79676b473ef,98.77281593530802,93.09199220987513,99.60278021379997,10,True,True,True,15,0,1.0,False,False
2025-06,90,80,previous_month,proposed,2025-05,Feasible,13,sensor01→gatewayC;sensor02→gatewayC;sensor03→gatewayC;sensor04→gatewayC;sensor05→gatewayC;sensor06→gatewayA;sensor06→gatewayC;sensor07→gatewayC;sensor08→gatewayA;sensor08→gatewayB;sensor09→gatewayA;sensor09→gatewayB;sensor10→gatewayC,6b6d852cbf71ceb6,94.5848247510366,83.15892740353172,98.85895404120444,9,True,True,True,9,4,0.375,False,False
2025-06,90,80,expanding_window,proposed,2024-02;2024-03;2024-04;2024-05;2024-06;2024-07;2024-08;2024-09;2024-10;2024-11;2024-12;2025-01;2025-02;2025-03;2025-04;2025-05,Feasible,10,sensor01→gatewayA;sensor02→gatewayC;sensor03→gatewayC;sensor04→gatewayA;sensor05→gatewayA;sensor06→gatewayA;sensor07→gatewayA;sensor08→gatewayA;sensor09→gatewayA;sensor10→gatewayC,b436409b34d84d8f,95.44600772583904,89.0228013029316,96.62731871838112,9,True,True,True,9,1,0.7272727272727273,False,False
2025-06,90,80,previous_month,multicover,2025-05,Feasible,13,sensor01→gatewayC;sensor02→gatewayC;sensor03→gatewayC;sensor04→gatewayC;sensor05→gatewayC;sensor06→gatewayA;sensor06→gatewayC;sensor07→gatewayC;sensor08→gatewayA;sensor08→gatewayB;sensor09→gatewayA;sensor09→gatewayB;sensor10→gatewayC,6b6d852cbf71ceb6,94.5848247510366,83.15892740353172,98.85895404120444,9,True,True,True,9,4,0.375,False,False
2025-06,90,80,expanding_window,multicover,2024-02;2024-03;2024-04;2024-05;2024-06;2024-07;2024-08;2024-09;2024-10;2024-11;2024-12;2025-01;2025-02;2025-03;2025-04;2025-05,Feasible,10,sensor01→gatewayA;sensor02→gatewayC;sensor03→gatewayC;sensor04→gatewayA;sensor05→gatewayA;sensor06→gatewayA;sensor07→gatewayA;sensor08→gatewayA;sensor09→gatewayA;sensor10→gatewayC,b436409b34d84d8f,95.44600772583904,89.0228013029316,96.62731871838112,9,True,True,True,9,1,0.7272727272727273,False,False
2025-06,90,80,previous_month,coverage_only,2025-05,Feasible,13,sensor01→gatewayC;sensor02→gatewayC;sensor03→gatewayC;sensor04→gatewayC;sensor05→gatewayC;sensor06→gatewayA;sensor06→gatewayC;sensor07→gatewayC;sensor08→gatewayA;sensor08→gatewayB;sensor09→gatewayA;sensor09→gatewayB;sensor10→gatewayC,6b6d852cbf71ceb6,94.5848247510366,83.15892740353172,98.85895404120444,9,True,True,True,9,4,0.375,False,False
2025-06,90,80,expanding_window,coverage_only,2024-02;2024-03;2024-04;2024-05;2024-06;2024-07;2024-08;2024-09;2024-10;2024-11;2024-12;2025-01;2025-02;2025-03;2025-04;2025-05,Feasible,19,sensor01→gatewayA;sensor01→gatewayC;sensor02→gatewayA;sensor02→gatewayC;sensor03→gatewayA;sensor03→gatewayC;sensor04→gatewayA;sensor04→gatewayC;sensor05→gatewayA;sensor05→gatewayC;sensor06→gatewayA;sensor06→gatewayC;sensor07→gatewayA;sensor07→gatewayC;sensor08→gatewayA;sensor08→gatewayB;sensor09→gatewayA;sensor09→gatewayB;sensor10→gatewayC,421bc670300269c4,99.73774674841408,97.74674706442399,100.0,9,True,True,True,9,10,0.47368421052631576,False,False
2025-06,90,80,previous_month,exact,2025-05,Optimal,13,sensor01→gatewayC;sensor02→gatewayC;sensor03→gatewayC;sensor04→gatewayC;sensor05→gatewayC;sensor06→gatewayA;sensor06→gatewayC;sensor07→gatewayC;sensor08→gatewayA;sensor08→gatewayB;sensor09→gatewayA;sensor09→gatewayB;sensor10→gatewayC,6b6d852cbf71ceb6,94.5848247510366,83.15892740353172,98.85895404120444,9,True,True,True,9,4,0.375,False,False
2025-06,90,80,expanding_window,exact,2024-02;2024-03;2024-04;2024-05;2024-06;2024-07;2024-08;2024-09;2024-10;2024-11;2024-12;2025-01;2025-02;2025-03;2025-04;2025-05,Optimal,10,sensor01→gatewayA;sensor02→gatewayC;sensor03→gatewayC;sensor04→gatewayA;sensor05→gatewayA;sensor06→gatewayA;sensor07→gatewayA;sensor08→gatewayA;sensor09→gatewayA;sensor10→gatewayC,b436409b34d84d8f,95.44600772583904,89.0228013029316,96.62731871838112,9,True,True,True,9,1,0.7272727272727273,False,False
2025-06,90,80,frozen_initial_window,proposed,2024-02;2024-03;2024-04,Feasible,9,sensor01→gatewayA;sensor02→gatewayA;sensor03→gatewayA;sensor04→gatewayA;sensor05→gatewayA;sensor06→gatewayA;sensor07→gatewayA;sensor08→gatewayA;sensor09→gatewayA,5116df5a05fbbfe0,82.28727362937236,0.0,92.1517331589274,9,False,False,False,9,0,0.5,False,False
2025-06,90,80,frozen_initial_window,multicover,2024-02;2024-03;2024-04,Feasible,9,sensor01→gatewayA;sensor02→gatewayA;sensor03→gatewayA;sensor04→gatewayA;sensor05→gatewayA;sensor06→gatewayA;sensor07→gatewayA;sensor08→gatewayA;sensor09→gatewayA,5116df5a05fbbfe0,82.28727362937236,0.0,92.1517331589274,9,False,False,False,9,0,0.5,False,False
2025-06,90,80,frozen_initial_window,coverage_only,2024-02;2024-03;2024-04,Feasible,9,sensor01→gatewayA;sensor02→gatewayA;sensor03→gatewayA;sensor04→gatewayA;sensor05→gatewayA;sensor06→gatewayA;sensor07→gatewayA;sensor08→gatewayA;sensor09→gatewayA,5116df5a05fbbfe0,82.28727362937236,0.0,92.1517331589274,9,False,False,False,9,0,0.5,False,False
2025-06,90,80,retrospective_oracle,exact,2025-06,Optimal,9,sensor01→gatewayA;sensor02→gatewayC;sensor04→gatewayA;sensor05→gatewayC;sensor06→gatewayA;sensor07→gatewayA;sensor08→gatewayA;sensor09→gatewayA;sensor10→gatewayC,e752b2bd62fab48d,95.70826097742496,89.0228013029316,97.66883784710319,9,True,True,True,9,0,1.0,False,False
2025-06,95,85,previous_month,proposed,2025-05,Feasible,13,sensor01→gatewayC;sensor02→gatewayC;sensor03→gatewayC;sensor04→gatewayC;sensor05→gatewayC;sensor06→gatewayA;sensor06→gatewayC;sensor07→gatewayC;sensor08→gatewayA;sensor08→gatewayB;sensor09→gatewayA;sensor09→gatewayB;sensor10→gatewayC,6b6d852cbf71ceb6,94.5848247510366,83.15892740353172,98.85895404120444,9,False,False,False,9,4,0.375,False,False
2025-06,95,85,expanding_window,proposed,2024-02;2024-03;2024-04;2024-05;2024-06;2024-07;2024-08;2024-09;2024-10;2024-11;2024-12;2025-01;2025-02;2025-03;2025-04;2025-05,Feasible,12,sensor01→gatewayA;sensor01→gatewayC;sensor02→gatewayC;sensor03→gatewayC;sensor04→gatewayA;sensor04→gatewayC;sensor05→gatewayA;sensor06→gatewayA;sensor07→gatewayA;sensor08→gatewayA;sensor09→gatewayA;sensor10→gatewayC,57a9ae7a56a23c97,97.48024240705958,89.68537139150179,97.74674706442399,9,True,True,True,9,3,0.6153846153846154,False,False
2025-06,95,85,previous_month,multicover,2025-05,Feasible,13,sensor01→gatewayC;sensor02→gatewayC;sensor03→gatewayC;sensor04→gatewayC;sensor05→gatewayC;sensor06→gatewayA;sensor06→gatewayC;sensor07→gatewayC;sensor08→gatewayA;sensor08→gatewayB;sensor09→gatewayA;sensor09→gatewayB;sensor10→gatewayC,6b6d852cbf71ceb6,94.5848247510366,83.15892740353172,98.85895404120444,9,False,False,False,9,4,0.375,False,False
2025-06,95,85,expanding_window,multicover,2024-02;2024-03;2024-04;2024-05;2024-06;2024-07;2024-08;2024-09;2024-10;2024-11;2024-12;2025-01;2025-02;2025-03;2025-04;2025-05,Feasible,12,sensor01→gatewayA;sensor01→gatewayC;sensor02→gatewayC;sensor03→gatewayC;sensor04→gatewayA;sensor04→gatewayC;sensor05→gatewayA;sensor06→gatewayA;sensor07→gatewayA;sensor08→gatewayA;sensor09→gatewayA;sensor10→gatewayC,57a9ae7a56a23c97,97.48024240705958,89.68537139150179,97.74674706442399,9,True,True,True,9,3,0.6153846153846154,False,False
2025-06,95,85,previous_month,coverage_only,2025-05,Feasible,13,sensor01→gatewayC;sensor02→gatewayC;sensor03→gatewayC;sensor04→gatewayC;sensor05→gatewayC;sensor06→gatewayA;sensor06→gatewayC;sensor07→gatewayC;sensor08→gatewayA;sensor08→gatewayB;sensor09→gatewayA;sensor09→gatewayB;sensor10→gatewayC,6b6d852cbf71ceb6,94.5848247510366,83.15892740353172,98.85895404120444,9,False,False,False,9,4,0.375,False,False
2025-06,95,85,expanding_window,coverage_only,2024-02;2024-03;2024-04;2024-05;2024-06;2024-07;2024-08;2024-09;2024-10;2024-11;2024-12;2025-01;2025-02;2025-03;2025-04;2025-05,Feasible,19,sensor01→gatewayA;sensor01→gatewayC;sensor02→gatewayA;sensor02→gatewayC;sensor03→gatewayA;sensor03→gatewayC;sensor04→gatewayA;sensor04→gatewayC;sensor05→gatewayA;sensor05→gatewayC;sensor06→gatewayA;sensor06→gatewayC;sensor07→gatewayA;sensor07→gatewayC;sensor08→gatewayA;sensor08→gatewayB;sensor09→gatewayA;sensor09→gatewayB;sensor10→gatewayC,421bc670300269c4,99.73774674841408,97.74674706442399,100.0,9,True,True,True,9,10,0.47368421052631576,False,False
2025-06,95,85,previous_month,exact,2025-05,Optimal,13,sensor01→gatewayC;sensor02→gatewayC;sensor03→gatewayC;sensor04→gatewayC;sensor05→gatewayC;sensor06→gatewayA;sensor06→gatewayC;sensor07→gatewayC;sensor08→gatewayA;sensor08→gatewayB;sensor09→gatewayA;sensor09→gatewayB;sensor10→gatewayC,6b6d852cbf71ceb6,94.5848247510366,83.15892740353172,98.85895404120444,9,False,False,False,9,4,0.375,False,False
2025-06,95,85,expanding_window,exact,2024-02;2024-03;2024-04;2024-05;2024-06;2024-07;2024-08;2024-09;2024-10;2024-11;2024-12;2025-01;2025-02;2025-03;2025-04;2025-05,Optimal,12,sensor01→gatewayA;sensor01→gatewayC;sensor02→gatewayC;sensor03→gatewayC;sensor04→gatewayA;sensor04→gatewayC;sensor05→gatewayA;sensor06→gatewayA;sensor07→gatewayA;sensor08→gatewayA;sensor09→gatewayA;sensor10→gatewayC,57a9ae7a56a23c97,97.48024240705958,89.68537139150179,97.74674706442399,9,True,True,True,9,3,0.6153846153846154,False,False
2025-06,95,85,frozen_initial_window,proposed,2024-02;2024-03;2024-04,Feasible,10,sensor01→gatewayA;sensor02→gatewayA;sensor02→gatewayC;sensor03→gatewayA;sensor04→gatewayA;sensor05→gatewayA;sensor06→gatewayA;sensor07→gatewayA;sensor08→gatewayA;sensor09→gatewayA,653063214fd849c6,84.5873055250381,0.0,96.513470681458,9,False,False,False,9,1,0.5833333333333334,False,False
2025-06,95,85,frozen_initial_window,multicover,2024-02;2024-03;2024-04,Feasible,10,sensor01→gatewayA;sensor02→gatewayA;sensor02→gatewayC;sensor03→gatewayA;sensor04→gatewayA;sensor05→gatewayA;sensor06→gatewayA;sensor07→gatewayA;sensor08→gatewayA;sensor09→gatewayA,653063214fd849c6,84.5873055250381,0.0,96.513470681458,9,False,False,False,9,1,0.5833333333333334,False,False
2025-06,95,85,frozen_initial_window,coverage_only,2024-02;2024-03;2024-04,Feasible,10,sensor01→gatewayA;sensor02→gatewayA;sensor02→gatewayC;sensor03→gatewayA;sensor04→gatewayA;sensor05→gatewayA;sensor06→gatewayA;sensor07→gatewayA;sensor08→gatewayA;sensor09→gatewayA,653063214fd849c6,84.5873055250381,0.0,96.513470681458,9,False,False,False,9,1,0.5833333333333334,False,False
2025-06,95,85,retrospective_oracle,exact,2025-06,Optimal,9,sensor01→gatewayA;sensor02→gatewayC;sensor04→gatewayA;sensor05→gatewayC;sensor06→gatewayA;sensor07→gatewayA;sensor08→gatewayA;sensor09→gatewayA;sensor10→gatewayC,e752b2bd62fab48d,95.70826097742496,89.0228013029316,97.66883784710319,9,True,True,True,9,0,1.0,False,False
2025-06,98,90,previous_month,proposed,2025-05,Feasible,15,sensor01→gatewayA;sensor01→gatewayC;sensor02→gatewayC;sensor03→gatewayC;sensor04→gatewayA;sensor04→gatewayC;sensor05→gatewayC;sensor06→gatewayA;sensor06→gatewayC;sensor07→gatewayC;sensor08→gatewayA;sensor08→gatewayB;sensor09→gatewayA;sensor09→gatewayB;sensor10→gatewayC,078db79676b473ef,98.07208420455754,86.44177748945832,99.90228013029316,9,True,False,False,11,4,0.625,False,False
2025-06,98,90,expanding_window,proposed,2024-02;2024-03;2024-04;2024-05;2024-06;2024-07;2024-08;2024-09;2024-10;2024-11;2024-12;2025-01;2025-02;2025-03;2025-04;2025-05,Feasible,16,sensor01→gatewayA;sensor01→gatewayC;sensor02→gatewayA;sensor02→gatewayC;sensor03→gatewayA;sensor03→gatewayC;sensor04→gatewayA;sensor04→gatewayC;sensor05→gatewayA;sensor06→gatewayA;sensor07→gatewayA;sensor07→gatewayC;sensor08→gatewayA;sensor08→gatewayB;sensor09→gatewayA;sensor10→gatewayC,9b480a11f6ad871e,99.01832228798243,96.513470681458,99.90228013029316,9,True,True,True,11,5,0.5882352941176471,False,False
2025-06,98,90,previous_month,multicover,2025-05,Feasible,15,sensor01→gatewayA;sensor01→gatewayC;sensor02→gatewayC;sensor03→gatewayC;sensor04→gatewayA;sensor04→gatewayC;sensor05→gatewayC;sensor06→gatewayA;sensor06→gatewayC;sensor07→gatewayC;sensor08→gatewayA;sensor08→gatewayB;sensor09→gatewayA;sensor09→gatewayB;sensor10→gatewayC,078db79676b473ef,98.07208420455754,86.44177748945832,99.90228013029316,9,True,False,False,11,4,0.625,False,False
2025-06,98,90,expanding_window,multicover,2024-02;2024-03;2024-04;2024-05;2024-06;2024-07;2024-08;2024-09;2024-10;2024-11;2024-12;2025-01;2025-02;2025-03;2025-04;2025-05,Feasible,16,sensor01→gatewayA;sensor01→gatewayC;sensor02→gatewayA;sensor02→gatewayC;sensor03→gatewayA;sensor03→gatewayC;sensor04→gatewayA;sensor04→gatewayC;sensor05→gatewayA;sensor06→gatewayA;sensor07→gatewayA;sensor07→gatewayC;sensor08→gatewayA;sensor08→gatewayB;sensor09→gatewayA;sensor10→gatewayC,9b480a11f6ad871e,99.01832228798243,96.513470681458,99.90228013029316,9,True,True,True,11,5,0.5882352941176471,False,False
2025-06,98,90,previous_month,coverage_only,2025-05,Feasible,15,sensor01→gatewayA;sensor01→gatewayC;sensor02→gatewayC;sensor03→gatewayC;sensor04→gatewayA;sensor04→gatewayC;sensor05→gatewayC;sensor06→gatewayA;sensor06→gatewayC;sensor07→gatewayC;sensor08→gatewayA;sensor08→gatewayB;sensor09→gatewayA;sensor09→gatewayB;sensor10→gatewayC,078db79676b473ef,98.07208420455754,86.44177748945832,99.90228013029316,9,True,False,False,11,4,0.625,False,False
2025-06,98,90,expanding_window,coverage_only,2024-02;2024-03;2024-04;2024-05;2024-06;2024-07;2024-08;2024-09;2024-10;2024-11;2024-12;2025-01;2025-02;2025-03;2025-04;2025-05,Feasible,19,sensor01→gatewayA;sensor01→gatewayC;sensor02→gatewayA;sensor02→gatewayC;sensor03→gatewayA;sensor03→gatewayC;sensor04→gatewayA;sensor04→gatewayC;sensor05→gatewayA;sensor05→gatewayC;sensor06→gatewayA;sensor06→gatewayC;sensor07→gatewayA;sensor07→gatewayC;sensor08→gatewayA;sensor08→gatewayB;sensor09→gatewayA;sensor09→gatewayB;sensor10→gatewayC,421bc670300269c4,99.73774674841408,97.74674706442399,100.0,9,True,True,True,11,8,0.5789473684210527,False,False
2025-06,98,90,previous_month,exact,2025-05,Optimal,15,sensor01→gatewayA;sensor01→gatewayC;sensor02→gatewayC;sensor03→gatewayC;sensor04→gatewayA;sensor04→gatewayC;sensor05→gatewayC;sensor06→gatewayA;sensor06→gatewayC;sensor07→gatewayC;sensor08→gatewayA;sensor08→gatewayB;sensor09→gatewayA;sensor09→gatewayB;sensor10→gatewayC,078db79676b473ef,98.07208420455754,86.44177748945832,99.90228013029316,9,True,False,False,11,4,0.625,False,False
2025-06,98,90,expanding_window,exact,2024-02;2024-03;2024-04;2024-05;2024-06;2024-07;2024-08;2024-09;2024-10;2024-11;2024-12;2025-01;2025-02;2025-03;2025-04;2025-05,Optimal,16,sensor01→gatewayA;sensor01→gatewayC;sensor02→gatewayA;sensor02→gatewayC;sensor03→gatewayA;sensor03→gatewayC;sensor04→gatewayA;sensor04→gatewayC;sensor05→gatewayA;sensor06→gatewayA;sensor07→gatewayA;sensor07→gatewayC;sensor08→gatewayA;sensor08→gatewayB;sensor09→gatewayA;sensor10→gatewayC,9b480a11f6ad871e,99.01832228798243,96.513470681458,99.90228013029316,9,True,True,True,11,5,0.5882352941176471,False,False
2025-06,98,90,frozen_initial_window,proposed,2024-02;2024-03;2024-04,Feasible,14,sensor01→gatewayA;sensor01→gatewayC;sensor02→gatewayA;sensor02→gatewayC;sensor03→gatewayA;sensor03→gatewayC;sensor04→gatewayA;sensor04→gatewayC;sensor05→gatewayA;sensor06→gatewayA;sensor07→gatewayA;sensor08→gatewayA;sensor08→gatewayB;sensor09→gatewayA,41373d6960c195b8,86.97593649218557,0.0,99.2020427705075,9,False,False,False,11,3,0.47058823529411764,False,False
2025-06,98,90,frozen_initial_window,multicover,2024-02;2024-03;2024-04,Feasible,14,sensor01→gatewayA;sensor01→gatewayC;sensor02→gatewayA;sensor02→gatewayC;sensor03→gatewayA;sensor03→gatewayC;sensor04→gatewayA;sensor04→gatewayC;sensor05→gatewayA;sensor06→gatewayA;sensor07→gatewayA;sensor08→gatewayA;sensor08→gatewayB;sensor09→gatewayA,41373d6960c195b8,86.97593649218557,0.0,99.2020427705075,9,False,False,False,11,3,0.47058823529411764,False,False
2025-06,98,90,frozen_initial_window,coverage_only,2024-02;2024-03;2024-04,Feasible,14,sensor01→gatewayA;sensor01→gatewayC;sensor02→gatewayA;sensor02→gatewayC;sensor03→gatewayA;sensor03→gatewayC;sensor04→gatewayA;sensor04→gatewayC;sensor05→gatewayA;sensor06→gatewayA;sensor07→gatewayA;sensor08→gatewayA;sensor08→gatewayB;sensor09→gatewayA,41373d6960c195b8,86.97593649218557,0.0,99.2020427705075,9,False,False,False,11,3,0.47058823529411764,False,False
2025-06,98,90,retrospective_oracle,exact,2025-06,Optimal,11,sensor01→gatewayA;sensor01→gatewayC;sensor02→gatewayC;sensor04→gatewayA;sensor05→gatewayC;sensor06→gatewayA;sensor07→gatewayA;sensor07→gatewayC;sensor08→gatewayA;sensor09→gatewayA;sensor10→gatewayC,9f447a0aa42c671f,98.0189247616685,92.1517331589274,98.85895404120444,9,True,True,True,11,0,1.0,False,False
